train_number,journey_date,station_code,station_name,station_sequence,current_delay_minutes,current_speed_kmph,current_distance_from_origin_km,current_distance_remaining_km,station_status,running_status,is_halt,day_of_week,hour,minute,month,time_period,is_weekend,future_station_code,future_station_name,future_station_sequence,future_distance_from_origin_km,future_distance_remaining_km,future_speed_kmph,prediction_horizon_minutes,target_delay_minutes,target_delay_change_minutes
12919,2026-08-27,DADN,Dr. Ambedkar Nagar,1,4.0,84.0,0,1641,departed,departed,True,4,13,54,8,afternoon,False,HKH,Haranya Kheri,2,3,1638,84.0,4.158333333333333,0.0,-4.0
12919,2026-08-27,HKH,Haranya Kheri,2,0.0,84.0,3,1638,departed,departed,False,4,13,54,8,afternoon,False,RAU,Rau,3,10,1631,84.0,4.158333333333333,0.0,0.0
12919,2026-08-27,RAU,Rau,3,0.0,84.0,10,1631,departed,departed,False,4,13,54,8,afternoon,False,RJQ,Rajendranagar,4,14,1627,84.0,4.158333333333333,0.0,0.0
12919,2026-08-27,RJQ,Rajendranagar,4,0.0,84.0,14,1627,departed,departed,False,4,13,54,8,afternoon,False,LKMN,Lokmanya Nagar,5,17,1624,84.0,4.158333333333333,0.0,0.0
12919,2026-08-27,LKMN,Lokmanya Nagar,5,0.0,84.0,17,1624,departed,departed,False,4,13,54,8,afternoon,False,SFNR,Saifinagar Halt,6,19,1622,84.0,4.158333333333333,0.0,0.0
12919,2026-08-27,SFNR,Saifinagar Halt,6,0.0,84.0,19,1622,departed,departed,False,4,13,54,8,afternoon,False,INDB,Indore Jn,7,21,1620,70.0,4.158333333333333,10.0,10.0
12919,2026-08-27,INDB,Indore Jn,7,10.0,70.0,21,1620,departed,departed,True,4,13,54,8,afternoon,False,LMNR,Lakshmibai Ngr,8,24,1617,70.0,4.158333333333333,0.0,-10.0
12919,2026-08-27,LMNR,Lakshmibai Ngr,8,0.0,70.0,24,1617,departed,departed,False,4,13,54,8,afternoon,False,MGG,Mangliya Gaon,9,35,1606,70.0,4.158333333333333,0.0,0.0
12919,2026-08-27,MGG,Mangliya Gaon,9,0.0,70.0,35,1606,departed,departed,False,4,13,54,8,afternoon,False,BLAX,Barlai,10,46,1595,70.0,4.158333333333333,0.0,0.0
12919,2026-08-27,BLAX,Barlai,10,0.0,70.0,46,1595,departed,departed,False,4,13,54,8,afternoon,False,BNJN,Binjana,11,57,1584,70.0,4.158333333333333,0.0,0.0
12919,2026-08-27,BNJN,Binjana,11,5.0,70.0,57,1584,departed,departed,False,4,13,54,8,afternoon,False,DWX,Dewas,12,63,1578,46.2,4.158333333333333,6.0,1.0
12919,2026-08-27,DWX,Dewas,12,6.0,46.2,63,1578,departed,departed,True,4,13,54,8,afternoon,False,NRGR,Naranjipur,13,72,1569,46.2,4.158333333333333,0.0,-6.0
12919,2026-08-27,NRGR,Naranjipur,13,0.0,46.2,72,1569,departed,departed,False,4,13,54,8,afternoon,False,UDM,Undasa Madhawpu,14,79,1562,46.2,4.158333333333333,0.0,0.0
12919,2026-08-27,UDM,Undasa Madhawpu,14,0.0,46.2,79,1562,departed,departed,False,4,13,54,8,afternoon,False,KDHA,Karchha,15,85,1556,46.2,4.158333333333333,0.0,0.0
12919,2026-08-27,KDHA,Karchha,15,0.0,46.2,85,1556,departed,departed,False,4,13,54,8,afternoon,False,VRG,Vikramnagar,16,98,1543,46.2,4.158333333333333,0.0,0.0
12919,2026-08-27,VRG,Vikramnagar,16,0.0,46.2,98,1543,departed,departed,False,4,13,54,8,afternoon,False,UJN,Ujjain Jn,17,103,1538,70.3,4.158333333333333,6.0,6.0
12919,2026-08-27,UJN,Ujjain Jn,17,6.0,70.3,103,1538,departed,departed,True,4,13,54,8,afternoon,False,PLW,Pingleshwar,18,112,1529,70.3,4.158333333333333,0.0,-6.0
12919,2026-08-27,PLW,Pingleshwar,18,0.0,70.3,112,1529,departed,departed,False,4,13,54,8,afternoon,False,TJP,Tajpur,19,118,1523,70.3,4.158333333333333,0.0,0.0
12919,2026-08-27,TJP,Tajpur,19,0.0,70.3,118,1523,departed,departed,False,4,13,54,8,afternoon,False,SVT,Shivpura,20,128,1513,70.3,4.158333333333333,0.0,0.0
12919,2026-08-27,SVT,Shivpura,20,0.0,70.3,128,1513,departed,departed,False,4,13,54,8,afternoon,False,TAN,Tarana Road,21,134,1507,70.3,4.158333333333333,0.0,0.0
12919,2026-08-27,TAN,Tarana Road,21,0.0,70.3,134,1507,departed,departed,False,4,13,54,8,afternoon,False,MKC,Maksi Jn,22,144,1497,76.0,4.158333333333333,5.0,5.0
12919,2026-08-27,MKC,Maksi Jn,22,5.0,76.0,144,1497,departed,departed,True,4,13,54,8,afternoon,False,PUO,Pir Umrod,23,151,1490,76.0,4.158333333333333,0.0,-5.0
12919,2026-08-27,PUO,Pir Umrod,23,0.0,76.0,151,1490,departed,departed,False,4,13,54,8,afternoon,False,BCH,Berchha,24,163,1478,69.2,4.158333333333333,8.0,8.0
12919,2026-08-27,BCH,Berchha,24,8.0,69.2,163,1478,departed,departed,True,4,13,54,8,afternoon,False,KONY,Kisoni,25,168,1473,69.2,4.158333333333333,0.0,-8.0
12919,2026-08-27,KONY,Kisoni,25,0.0,69.2,168,1473,departed,departed,False,4,13,54,8,afternoon,False,KSH,Kali Sindh,26,175,1466,69.2,4.158333333333333,0.0,0.0
12919,2026-08-27,KSH,Kali Sindh,26,0.0,69.2,175,1466,departed,departed,False,4,13,54,8,afternoon,False,BLX,Bolai,27,181,1460,69.2,4.158333333333333,0.0,0.0
12919,2026-08-27,BLX,Bolai,27,0.0,69.2,181,1460,departed,departed,False,4,13,54,8,afternoon,False,AKD,Akodia,28,193,1448,65.0,4.158333333333333,6.0,6.0
12919,2026-08-27,AKD,Akodia,28,6.0,65.0,193,1448,departed,departed,True,4,13,54,8,afternoon,False,MQE,Mohammadkhera,29,200,1441,65.0,4.158333333333333,0.0,-6.0
12919,2026-08-27,MQE,Mohammadkhera,29,10.0,65.0,200,1441,departed,departed,False,4,13,54,8,afternoon,False,SJP,Shujalpur,30,206,1435,60.0,4.158333333333333,8.0,-2.0
12919,2026-08-27,SJP,Shujalpur,30,8.0,60.0,206,1435,departed,departed,True,4,13,54,8,afternoon,False,CKOD,Chakrod,31,213,1428,60.0,4.158333333333333,0.0,-8.0
12919,2026-08-27,CKOD,Chakrod,31,10.0,60.0,213,1428,departed,departed,False,4,13,54,8,afternoon,False,KPP,Kalapipal,32,219,1422,79.1,4.158333333333333,10.0,0.0
12919,2026-08-27,KPP,Kalapipal,32,10.0,79.1,219,1422,departed,departed,True,4,13,54,8,afternoon,False,JBX,Jabri,33,226,1415,79.1,4.158333333333333,0.0,-10.0
12919,2026-08-27,JBX,Jabri,33,0.0,79.1,226,1415,departed,departed,False,4,13,54,8,afternoon,False,PRB,Parbati,34,234,1407,79.1,4.158333333333333,0.0,0.0
12919,2026-08-27,PRB,Parbati,34,0.0,79.1,234,1407,departed,departed,False,4,13,54,8,afternoon,False,BKTL,Baktal,35,240,1401,79.1,4.158333333333333,0.0,0.0
12919,2026-08-27,BKTL,Baktal,35,0.0,79.1,240,1401,departed,departed,False,4,13,54,8,afternoon,False,SEH,Sehore,36,248,1393,40.0,4.158333333333333,11.0,11.0
12919,2026-08-27,SEH,Sehore,36,11.0,40.0,248,1393,departed,departed,True,4,13,54,8,afternoon,False,PNWN,Pachwan,37,253,1388,40.0,4.158333333333333,0.0,-11.0
12919,2026-08-27,PNWN,Pachwan,37,0.0,40.0,253,1388,departed,departed,False,4,13,54,8,afternoon,False,PUD,Phanda,38,260,1381,40.0,4.158333333333333,0.0,0.0
12919,2026-08-27,PUD,Phanda,38,0.0,40.0,260,1381,departed,departed,False,4,13,54,8,afternoon,False,BQE,Bakanian Bhaunri,39,268,1373,40.0,4.158333333333333,0.0,0.0
12919,2026-08-27,BQE,Bakanian Bhaunri,39,0.0,40.0,268,1373,departed,departed,False,4,13,54,8,afternoon,False,SHRN,Sant Hirdaram Nagar Jn,40,276,1365,24.0,4.158333333333333,2.0,2.0
12919,2026-08-27,SHRN,Sant Hirdaram Nagar Jn,40,2.0,24.0,276,1365,departed,departed,True,4,13,54,8,afternoon,False,BPL,Bhopal Jn,41,286,1355,10.0,4.158333333333333,81.0,79.0
12919,2026-08-27,BPL,Bhopal Jn,41,81.0,10.0,286,1355,at-station,at-station,True,4,13,54,8,afternoon,False,NSZ,Nishatpura,42,288,1353,148.6,4.158333333333333,119.0,38.0
12919,2026-08-27,NSZ,Nishatpura,42,114.0,148.6,288,1353,upcoming,upcoming,True,4,13,54,8,afternoon,False,SUW,Sukhisewaniyan,43,297,1344,148.6,4.158333333333333,0.0,-114.0
12919,2026-08-27,SUW,Sukhisewaniyan,43,0.0,148.6,297,1344,upcoming,upcoming,False,4,13,54,8,afternoon,False,BVB,Bhadbhadaghat,44,305,1336,148.6,4.158333333333333,0.0,0.0
12919,2026-08-27,BVB,Bhadbhadaghat,44,0.0,148.6,305,1336,upcoming,upcoming,False,4,13,54,8,afternoon,False,DWG,Dewanganj,45,314,1327,148.6,4.158333333333333,0.0,0.0
12919,2026-08-27,DWG,Dewanganj,45,0.0,148.6,314,1327,upcoming,upcoming,False,4,13,54,8,afternoon,False,SMT,Salamatpur,46,323,1318,148.6,4.158333333333333,0.0,0.0
12919,2026-08-27,SMT,Salamatpur,46,0.0,148.6,323,1318,upcoming,upcoming,False,4,13,54,8,afternoon,False,SCI,Sanchi,47,330,1311,148.6,4.158333333333333,0.0,0.0
12919,2026-08-27,SCI,Sanchi,47,0.0,148.6,330,1311,upcoming,upcoming,False,4,13,54,8,afternoon,False,BHS,Vidisha,48,340,1301,97.5,4.158333333333333,119.0,119.0
12919,2026-08-27,BHS,Vidisha,48,114.0,97.5,340,1301,upcoming,upcoming,True,4,13,54,8,afternoon,False,SORI,Sorai,49,345,1296,97.5,4.158333333333333,0.0,-114.0
12919,2026-08-27,SORI,Sorai,49,0.0,97.5,345,1296,upcoming,upcoming,False,4,13,54,8,afternoon,False,SUMR,Sumer,50,353,1288,97.5,4.158333333333333,0.0,0.0
12919,2026-08-27,SUMR,Sumer,50,0.0,97.5,353,1288,upcoming,upcoming,False,4,13,54,8,afternoon,False,GLG,Gulabhganj,51,361,1280,97.5,4.158333333333333,0.0,0.0
12919,2026-08-27,GLG,Gulabhganj,51,0.0,97.5,361,1280,upcoming,upcoming,False,4,13,54,8,afternoon,False,PAI,Pabai,52,370,1271,97.5,4.158333333333333,0.0,0.0
12919,2026-08-27,PAI,Pabai,52,0.0,97.5,370,1271,upcoming,upcoming,False,4,13,54,8,afternoon,False,BAQ,Ganj Basoda,53,379,1262,48.4,4.158333333333333,119.0,119.0
12919,2026-08-27,BAQ,Ganj Basoda,53,114.0,48.4,379,1262,upcoming,upcoming,True,4,13,54,8,afternoon,False,BET,Bareth,54,389,1252,48.4,4.158333333333333,0.0,-114.0
12919,2026-08-27,BET,Bareth,54,0.0,48.4,389,1252,upcoming,upcoming,False,4,13,54,8,afternoon,False,CLHT,Chulheta,55,394,1247,48.4,4.158333333333333,0.0,0.0
12919,2026-08-27,CLHT,Chulheta,55,0.0,48.4,394,1247,upcoming,upcoming,False,4,13,54,8,afternoon,False,KAH,Kalhar,56,399,1242,48.4,4.158333333333333,0.0,0.0
12919,2026-08-27,KAH,Kalhar,56,0.0,48.4,399,1242,upcoming,upcoming,False,4,13,54,8,afternoon,False,MABA,Mandi Bamora,57,407,1234,48.4,4.158333333333333,0.0,0.0
12919,2026-08-27,MABA,Mandi Bamora,57,0.0,48.4,407,1234,upcoming,upcoming,False,4,13,54,8,afternoon,False,KIKA,Kurwai Kethora,58,415,1226,48.4,4.158333333333333,0.0,0.0
12919,2026-08-27,KIKA,Kurwai Kethora,58,0.0,48.4,415,1226,upcoming,upcoming,False,4,13,54,8,afternoon,False,BINA,Bina Jn,59,425,1216,95.4,4.158333333333333,119.0,119.0
12919,2026-08-27,BINA,Bina Jn,59,114.0,95.4,425,1216,upcoming,upcoming,True,4,13,54,8,afternoon,False,AGD,Agasod,60,433,1208,95.4,4.158333333333333,0.0,-114.0
12919,2026-08-27,AGD,Agasod,60,0.0,95.4,433,1208,upcoming,upcoming,False,4,13,54,8,afternoon,False,KOA,Karonda,61,444,1197,95.4,4.158333333333333,0.0,0.0
12919,2026-08-27,KOA,Karonda,61,0.0,95.4,444,1197,upcoming,upcoming,False,4,13,54,8,afternoon,False,MXS,Mohasa,62,451,1190,95.4,4.158333333333333,0.0,0.0
12919,2026-08-27,MXS,Mohasa,62,0.0,95.4,451,1190,upcoming,upcoming,False,4,13,54,8,afternoon,False,DUA,Dhaura,63,459,1182,95.4,4.158333333333333,0.0,0.0
12919,2026-08-27,DUA,Dhaura,63,0.0,95.4,459,1182,upcoming,upcoming,False,4,13,54,8,afternoon,False,JLN,Jakhalaun,64,471,1170,95.4,4.158333333333333,0.0,0.0
12919,2026-08-27,JLN,Jakhalaun,64,0.0,95.4,471,1170,upcoming,upcoming,False,4,13,54,8,afternoon,False,JRO,Jiron,65,478,1163,95.4,4.158333333333333,0.0,0.0
12919,2026-08-27,JRO,Jiron,65,0.0,95.4,478,1163,upcoming,upcoming,False,4,13,54,8,afternoon,False,LAR,Lalitpur,66,487,1154,102.6,4.158333333333333,119.0,119.0
12919,2026-08-27,LAR,Lalitpur,66,114.0,102.6,487,1154,upcoming,upcoming,True,4,13,54,8,afternoon,False,DWA,Dailwara,67,498,1143,102.6,4.158333333333333,0.0,-114.0
12919,2026-08-27,DWA,Dailwara,67,0.0,102.6,498,1143,upcoming,upcoming,False,4,13,54,8,afternoon,False,JHA,Jakhaura,68,508,1133,102.6,4.158333333333333,0.0,0.0
12919,2026-08-27,JHA,Jakhaura,68,0.0,102.6,508,1133,upcoming,upcoming,False,4,13,54,8,afternoon,False,BJA,Bijrotha,69,516,1125,102.6,4.158333333333333,0.0,0.0
12919,2026-08-27,BJA,Bijrotha,69,0.0,102.6,516,1125,upcoming,upcoming,False,4,13,54,8,afternoon,False,TBT,Talbahat,70,527,1114,102.6,4.158333333333333,0.0,0.0
12919,2026-08-27,TBT,Talbahat,70,0.0,102.6,527,1114,upcoming,upcoming,False,4,13,54,8,afternoon,False,MZX,Matatila,71,532,1109,102.6,4.158333333333333,0.0,0.0
12919,2026-08-27,MZX,Matatila,71,0.0,102.6,532,1109,upcoming,upcoming,False,4,13,54,8,afternoon,False,BZY,Basai,72,540,1101,102.6,4.158333333333333,0.0,0.0
12919,2026-08-27,BZY,Basai,72,0.0,102.6,540,1101,upcoming,upcoming,False,4,13,54,8,afternoon,False,BPW,Burhpura,73,548,1093,102.6,4.158333333333333,0.0,0.0
12919,2026-08-27,BPW,Burhpura,73,0.0,102.6,548,1093,upcoming,upcoming,False,4,13,54,8,afternoon,False,BAB,Babina,74,552,1089,42.4,4.158333333333333,119.0,119.0
12919,2026-08-27,BAB,Babina,74,114.0,42.4,552,1089,upcoming,upcoming,True,4,13,54,8,afternoon,False,KHJ,Khajraha,75,560,1081,42.4,4.158333333333333,0.0,-114.0
12919,2026-08-27,KHJ,Khajraha,75,0.0,42.4,560,1081,upcoming,upcoming,False,4,13,54,8,afternoon,False,BJI,Bijauli,76,569,1072,42.4,4.158333333333333,0.0,0.0
12919,2026-08-27,BJI,Bijauli,76,0.0,42.4,569,1072,upcoming,upcoming,False,4,13,54,8,afternoon,False,VGLJ,Veerangana Lakshmibai Jhansi,77,576,1065,71.4,4.158333333333333,119.0,119.0
12919,2026-08-27,VGLJ,Veerangana Lakshmibai Jhansi,77,114.0,71.4,576,1065,upcoming,upcoming,True,4,13,54,8,afternoon,False,KRQ,Karari,78,587,1054,71.4,4.158333333333333,0.0,-114.0
12919,2026-08-27,KRQ,Karari,78,0.0,71.4,587,1054,upcoming,upcoming,False,4,13,54,8,afternoon,False,CIRL,Chirula,79,594,1047,71.4,4.158333333333333,0.0,0.0
12919,2026-08-27,CIRL,Chirula,79,0.0,71.4,594,1047,upcoming,upcoming,False,4,13,54,8,afternoon,False,DAA,Datia,80,601,1040,85.7,4.158333333333333,119.0,119.0
12919,2026-08-27,DAA,Datia,80,114.0,85.7,601,1040,upcoming,upcoming,True,4,13,54,8,afternoon,False,SOR,Sonagir,81,612,1029,85.7,4.158333333333333,0.0,-114.0
12919,2026-08-27,SOR,Sonagir,81,0.0,85.7,612,1029,upcoming,upcoming,False,4,13,54,8,afternoon,False,KTRA,Kotra,82,621,1020,85.7,4.158333333333333,0.0,0.0
12919,2026-08-27,KTRA,Kotra,82,0.0,85.7,621,1020,upcoming,upcoming,False,4,13,54,8,afternoon,False,DBA,Dabra,83,631,1010,86.0,4.158333333333333,119.0,119.0
12919,2026-08-27,DBA,Dabra,83,114.0,86.0,631,1010,upcoming,upcoming,True,4,13,54,8,afternoon,False,SMTL,Simariatal,84,636,1005,86.0,4.158333333333333,0.0,-114.0
12919,2026-08-27,SMTL,Simariatal,84,0.0,86.0,636,1005,upcoming,upcoming,False,4,13,54,8,afternoon,False,AEH,Anant Paith,85,641,1000,86.0,4.158333333333333,0.0,0.0
12919,2026-08-27,AEH,Anant Paith,85,0.0,86.0,641,1000,upcoming,upcoming,False,4,13,54,8,afternoon,False,ARI,Antri,86,651,990,86.0,4.158333333333333,0.0,0.0
12919,2026-08-27,ARI,Antri,86,0.0,86.0,651,990,upcoming,upcoming,False,4,13,54,8,afternoon,False,SLV,Sandalpur,87,658,983,86.0,4.158333333333333,0.0,0.0
12919,2026-08-27,SLV,Sandalpur,87,0.0,86.0,658,983,upcoming,upcoming,False,4,13,54,8,afternoon,False,STLI,Sithouli,88,666,975,86.0,4.158333333333333,0.0,0.0
12919,2026-08-27,STLI,Sithouli,88,0.0,86.0,666,975,upcoming,upcoming,False,4,13,54,8,afternoon,False,GWL,Gwalior Jn,89,674,967,80.7,4.158333333333333,119.0,119.0
12919,2026-08-27,GWL,Gwalior Jn,89,114.0,80.7,674,967,upcoming,upcoming,True,4,13,54,8,afternoon,False,BLNR,Birlanagar,90,677,964,80.7,4.158333333333333,0.0,-114.0
12919,2026-08-27,BLNR,Birlanagar,90,0.0,80.7,677,964,upcoming,upcoming,False,4,13,54,8,afternoon,False,RRU,Rayaru,91,688,953,80.7,4.158333333333333,0.0,0.0
12919,2026-08-27,RRU,Rayaru,91,0.0,80.7,688,953,upcoming,upcoming,False,4,13,54,8,afternoon,False,BAO,Banmor,92,694,947,80.7,4.158333333333333,0.0,0.0
12919,2026-08-27,BAO,Banmor,92,0.0,80.7,694,947,upcoming,upcoming,False,4,13,54,8,afternoon,False,NUB,Nurabad,93,700,941,80.7,4.158333333333333,0.0,0.0
12919,2026-08-27,NUB,Nurabad,93,0.0,80.7,700,941,upcoming,upcoming,False,4,13,54,8,afternoon,False,SANK,Sank,94,703,938,80.7,4.158333333333333,0.0,0.0
12919,2026-08-27,SANK,Sank,94,0.0,80.7,703,938,upcoming,upcoming,False,4,13,54,8,afternoon,False,MRA,Morena,95,713,928,39.5,4.158333333333333,119.0,119.0
12919,2026-08-27,MRA,Morena,95,114.0,39.5,713,928,upcoming,upcoming,True,4,13,54,8,afternoon,False,SIKD,Sikroda Kwanri,96,721,920,39.5,4.158333333333333,0.0,-114.0
12919,2026-08-27,SIKD,Sikroda Kwanri,96,0.0,39.5,721,920,upcoming,upcoming,False,4,13,54,8,afternoon,False,HET,Hetampur,97,727,914,39.5,4.158333333333333,0.0,0.0
12919,2026-08-27,HET,Hetampur,97,0.0,39.5,727,914,upcoming,upcoming,False,4,13,54,8,afternoon,False,DHO,Dhaulpur,98,740,901,106.0,4.158333333333333,119.0,119.0
12919,2026-08-27,DHO,Dhaulpur,98,114.0,106.0,740,901,upcoming,upcoming,True,4,13,54,8,afternoon,False,MIA,Mania,99,753,888,106.0,4.158333333333333,0.0,-114.0
12919,2026-08-27,MIA,Mania,99,0.0,106.0,753,888,upcoming,upcoming,False,4,13,54,8,afternoon,False,JJ,Jajau,100,767,874,106.0,4.158333333333333,0.0,0.0
12919,2026-08-27,JJ,Jajau,100,0.0,106.0,767,874,upcoming,upcoming,False,4,13,54,8,afternoon,False,BHA,Bhandai Jn,101,783,858,106.0,4.158333333333333,0.0,0.0
12919,2026-08-27,BHA,Bhandai Jn,101,0.0,106.0,783,858,upcoming,upcoming,False,4,13,54,8,afternoon,False,AGC,Agra Cantt Jn,102,793,848,83.7,4.158333333333333,119.0,119.0
12919,2026-08-27,AGC,Agra Cantt Jn,102,114.0,83.7,793,848,upcoming,upcoming,True,4,13,54,8,afternoon,False,RKM,Raja ki Mandi Jn,103,797,844,83.7,4.158333333333333,0.0,-114.0
12919,2026-08-27,RKM,Raja ki Mandi Jn,103,0.0,83.7,797,844,upcoming,upcoming,False,4,13,54,8,afternoon,False,BFP,Bilochpura,104,798,843,83.7,4.158333333333333,0.0,0.0
12919,2026-08-27,BFP,Bilochpura,104,0.0,83.7,798,843,upcoming,upcoming,False,4,13,54,8,afternoon,False,RNKA,Runkuta,105,807,834,83.7,4.158333333333333,0.0,0.0
12919,2026-08-27,RNKA,Runkuta,105,0.0,83.7,807,834,upcoming,upcoming,False,4,13,54,8,afternoon,False,KXM,Kitham,106,816,825,83.7,4.158333333333333,0.0,0.0
12919,2026-08-27,KXM,Kitham,106,0.0,83.7,816,825,upcoming,upcoming,False,4,13,54,8,afternoon,False,DDDM,Deen Dayal Dham,107,824,817,83.7,4.158333333333333,0.0,0.0
12919,2026-08-27,DDDM,Deen Dayal Dham,107,0.0,83.7,824,817,upcoming,upcoming,False,4,13,54,8,afternoon,False,FAR,Farah,108,827,814,83.7,4.158333333333333,0.0,0.0
12919,2026-08-27,FAR,Farah,108,0.0,83.7,827,814,upcoming,upcoming,False,4,13,54,8,afternoon,False,BAD,Bad,109,836,805,83.7,4.158333333333333,0.0,0.0
12919,2026-08-27,BAD,Bad,109,0.0,83.7,836,805,upcoming,upcoming,False,4,13,54,8,afternoon,False,MTJ,Mathura Jn,110,846,795,91.1,4.158333333333333,119.0,119.0
12919,2026-08-27,MTJ,Mathura Jn,110,114.0,91.1,846,795,upcoming,upcoming,True,4,13,54,8,afternoon,False,BTSR,Bhuteshwar,111,849,792,91.1,4.158333333333333,0.0,-114.0
12919,2026-08-27,BTSR,Bhuteshwar,111,0.0,91.1,849,792,upcoming,upcoming,False,4,13,54,8,afternoon,False,VRBD,Vrindaban Road,112,856,785,91.1,4.158333333333333,0.0,0.0
12919,2026-08-27,VRBD,Vrindaban Road,112,0.0,91.1,856,785,upcoming,upcoming,False,4,13,54,8,afternoon,False,AJH,Ajhai,113,867,774,91.1,4.158333333333333,0.0,0.0
12919,2026-08-27,AJH,Ajhai,113,0.0,91.1,867,774,upcoming,upcoming,False,4,13,54,8,afternoon,False,CHJ,Chata,114,877,764,91.1,4.158333333333333,0.0,0.0
12919,2026-08-27,CHJ,Chata,114,0.0,91.1,877,764,upcoming,upcoming,False,4,13,54,8,afternoon,False,KSV,Kosi Kalan,115,887,754,40.3,4.158333333333333,119.0,119.0
12919,2026-08-27,KSV,Kosi Kalan,115,114.0,40.3,887,754,upcoming,upcoming,True,4,13,54,8,afternoon,False,HDL,Hodal,116,900,741,40.3,4.158333333333333,0.0,-114.0
12919,2026-08-27,HDL,Hodal,116,0.0,40.3,900,741,upcoming,upcoming,False,4,13,54,8,afternoon,False,BNCR,Banchari,117,906,735,40.3,4.158333333333333,0.0,0.0
12919,2026-08-27,BNCR,Banchari,117,0.0,40.3,906,735,upcoming,upcoming,False,4,13,54,8,afternoon,False,SHLK,Sholaka,118,910,731,40.3,4.158333333333333,0.0,0.0
12919,2026-08-27,SHLK,Sholaka,118,0.0,40.3,910,731,upcoming,upcoming,False,4,13,54,8,afternoon,False,RDE,Rundhi,119,920,721,40.3,4.158333333333333,0.0,0.0
12919,2026-08-27,RDE,Rundhi,119,0.0,40.3,920,721,upcoming,upcoming,False,4,13,54,8,afternoon,False,PWL,Palwal,120,930,711,78.8,4.158333333333333,119.0,119.0
12919,2026-08-27,PWL,Palwal,120,114.0,78.8,930,711,upcoming,upcoming,True,4,13,54,8,afternoon,False,AST,Asaoti,121,941,700,78.8,4.158333333333333,0.0,-114.0
12919,2026-08-27,AST,Asaoti,121,0.0,78.8,941,700,upcoming,upcoming,False,4,13,54,8,afternoon,False,BVH,Ballabgarh,122,951,690,53.3,4.158333333333333,119.0,119.0
12919,2026-08-27,BVH,Ballabgarh,122,114.0,53.3,951,690,upcoming,upcoming,True,4,13,54,8,afternoon,False,FDN,Faridabad Nw Tn,123,955,686,53.3,4.158333333333333,0.0,-114.0
12919,2026-08-27,FDN,Faridabad Nw Tn,123,0.0,53.3,955,686,upcoming,upcoming,False,4,13,54,8,afternoon,False,FDB,Faridabad,124,959,682,66.3,4.158333333333333,119.0,119.0
12919,2026-08-27,FDB,Faridabad,124,114.0,66.3,959,682,upcoming,upcoming,True,4,13,54,8,afternoon,False,TKDC,Tuglakabad Jn Cabin,125,963,678,66.3,4.158333333333333,0.0,-114.0
12919,2026-08-27,TKDC,Tuglakabad Jn Cabin,125,0.0,66.3,963,678,upcoming,upcoming,False,4,13,54,8,afternoon,False,TKD,Tuglakabad,126,969,672,66.3,4.158333333333333,0.0,0.0
12919,2026-08-27,TKD,Tuglakabad,126,0.0,66.3,969,672,upcoming,upcoming,False,4,13,54,8,afternoon,False,OKA,Okhla,127,976,665,66.3,4.158333333333333,0.0,0.0
12919,2026-08-27,OKA,Okhla,127,0.0,66.3,976,665,upcoming,upcoming,False,4,13,54,8,afternoon,False,NZM,Hazrat Nizamuddin Jn,128,980,661,16.8,4.158333333333333,119.0,119.0
12919,2026-08-27,NZM,Hazrat Nizamuddin Jn,128,114.0,16.8,980,661,upcoming,upcoming,True,4,13,54,8,afternoon,False,TKJ,Tilak Bridge,129,984,657,16.8,4.158333333333333,0.0,-114.0
12919,2026-08-27,TKJ,Tilak Bridge,129,0.0,16.8,984,657,upcoming,upcoming,False,4,13,54,8,afternoon,False,CSB,Shivaji Bridge,130,986,655,16.8,4.158333333333333,0.0,0.0
12919,2026-08-27,CSB,Shivaji Bridge,130,0.0,16.8,986,655,upcoming,upcoming,False,4,13,54,8,afternoon,False,NDLS,New Delhi,131,987,654,66.0,4.158333333333333,119.0,119.0
12919,2026-08-27,NDLS,New Delhi,131,114.0,66.0,987,654,upcoming,upcoming,True,4,13,54,8,afternoon,False,DSB,Sadar Bazar,132,988,653,66.0,4.158333333333333,0.0,-114.0
12919,2026-08-27,DSB,Sadar Bazar,132,0.0,66.0,988,653,upcoming,upcoming,False,4,13,54,8,afternoon,False,SZM,Subzi Mandi,133,991,650,66.0,4.158333333333333,0.0,0.0
12919,2026-08-27,SZM,Subzi Mandi,133,0.0,66.0,991,650,upcoming,upcoming,False,4,13,54,8,afternoon,False,DAZ,Delhi Azadpur,134,995,646,66.0,4.158333333333333,0.0,0.0
12919,2026-08-27,DAZ,Delhi Azadpur,134,0.0,66.0,995,646,upcoming,upcoming,False,4,13,54,8,afternoon,False,ANDI,Adarsh Nagar Delhi,135,997,644,66.0,4.158333333333333,0.0,0.0
12919,2026-08-27,ANDI,Adarsh Nagar Delhi,135,0.0,66.0,997,644,upcoming,upcoming,False,4,13,54,8,afternoon,False,BHD,Badli,136,1001,640,66.0,4.158333333333333,0.0,0.0
12919,2026-08-27,BHD,Badli,136,0.0,66.0,1001,640,upcoming,upcoming,False,4,13,54,8,afternoon,False,KHKN,Khera Kalan,137,1005,636,66.0,4.158333333333333,0.0,0.0
12919,2026-08-27,KHKN,Khera Kalan,137,0.0,66.0,1005,636,upcoming,upcoming,False,4,13,54,8,afternoon,False,HUK,Holambi Kalan,138,1009,632,66.0,4.158333333333333,0.0,0.0
12919,2026-08-27,HUK,Holambi Kalan,138,0.0,66.0,1009,632,upcoming,upcoming,False,4,13,54,8,afternoon,False,NUR,Narela,139,1014,627,66.0,4.158333333333333,0.0,0.0
12919,2026-08-27,NUR,Narela,139,0.0,66.0,1014,627,upcoming,upcoming,False,4,13,54,8,afternoon,False,RDDE,Rathdhana,140,1021,620,66.0,4.158333333333333,0.0,0.0
12919,2026-08-27,RDDE,Rathdhana,140,0.0,66.0,1021,620,upcoming,upcoming,False,4,13,54,8,afternoon,False,HNN,Harana Kalan,141,1026,615,66.0,4.158333333333333,0.0,0.0
12919,2026-08-27,HNN,Harana Kalan,141,0.0,66.0,1026,615,upcoming,upcoming,False,4,13,54,8,afternoon,False,SNP,Sonipat,142,1031,610,96.4,4.158333333333333,119.0,119.0
12919,2026-08-27,SNP,Sonipat,142,114.0,96.4,1031,610,upcoming,upcoming,True,4,13,54,8,afternoon,False,SLKN,Sandal Kalan,143,1040,601,96.4,4.158333333333333,0.0,-114.0
12919,2026-08-27,SLKN,Sandal Kalan,143,0.0,96.4,1040,601,upcoming,upcoming,False,4,13,54,8,afternoon,False,RUG,Rajlu Garhi,144,1043,598,96.4,4.158333333333333,0.0,0.0
12919,2026-08-27,RUG,Rajlu Garhi,144,0.0,96.4,1043,598,upcoming,upcoming,False,4,13,54,8,afternoon,False,GNU,Ganaur,145,1047,594,96.4,4.158333333333333,0.0,0.0
12919,2026-08-27,GNU,Ganaur,145,0.0,96.4,1047,594,upcoming,upcoming,False,4,13,54,8,afternoon,False,BDMJ,Bhodwal Majri,146,1053,588,96.4,4.158333333333333,0.0,0.0
12919,2026-08-27,BDMJ,Bhodwal Majri,146,0.0,96.4,1053,588,upcoming,upcoming,False,4,13,54,8,afternoon,False,SMK,Samalkha,147,1059,582,96.4,4.158333333333333,0.0,0.0
12919,2026-08-27,SMK,Samalkha,147,0.0,96.4,1059,582,upcoming,upcoming,False,4,13,54,8,afternoon,False,DWNA,Diwana,148,1068,573,96.4,4.158333333333333,0.0,0.0
12919,2026-08-27,DWNA,Diwana,148,0.0,96.4,1068,573,upcoming,upcoming,False,4,13,54,8,afternoon,False,PNP,Panipat Jn,149,1076,565,95.5,4.158333333333333,119.0,119.0
12919,2026-08-27,PNP,Panipat Jn,149,114.0,95.5,1076,565,upcoming,upcoming,True,4,13,54,8,afternoon,False,BBDE,Babarpur,150,1083,558,95.5,4.158333333333333,0.0,-114.0
12919,2026-08-27,BBDE,Babarpur,150,0.0,95.5,1083,558,upcoming,upcoming,False,4,13,54,8,afternoon,False,KFU,Kohand,151,1088,553,95.5,4.158333333333333,0.0,0.0
12919,2026-08-27,KFU,Kohand,151,0.0,95.5,1088,553,upcoming,upcoming,False,4,13,54,8,afternoon,False,GRA,Gharaunda,152,1093,548,95.5,4.158333333333333,0.0,0.0
12919,2026-08-27,GRA,Gharaunda,152,0.0,95.5,1093,548,upcoming,upcoming,False,4,13,54,8,afternoon,False,BZJT,Bazida Jatan,153,1101,540,95.5,4.158333333333333,0.0,0.0
12919,2026-08-27,BZJT,Bazida Jatan,153,0.0,95.5,1101,540,upcoming,upcoming,False,4,13,54,8,afternoon,False,KUN,Karnal,154,1111,530,82.5,4.158333333333333,119.0,119.0
12919,2026-08-27,KUN,Karnal,154,114.0,82.5,1111,530,upcoming,upcoming,True,4,13,54,8,afternoon,False,BZK,Bhaini Khurd,155,1117,524,82.5,4.158333333333333,0.0,-114.0
12919,2026-08-27,BZK,Bhaini Khurd,155,0.0,82.5,1117,524,upcoming,upcoming,False,4,13,54,8,afternoon,False,TRR,Taraori,156,1123,518,82.5,4.158333333333333,0.0,0.0
12919,2026-08-27,TRR,Taraori,156,0.0,82.5,1123,518,upcoming,upcoming,False,4,13,54,8,afternoon,False,NLKR,Nilokheri,157,1127,514,82.5,4.158333333333333,0.0,0.0
12919,2026-08-27,NLKR,Nilokheri,157,0.0,82.5,1127,514,upcoming,upcoming,False,4,13,54,8,afternoon,False,AMIN,Amin,158,1135,506,82.5,4.158333333333333,0.0,0.0
12919,2026-08-27,AMIN,Amin,158,0.0,82.5,1135,506,upcoming,upcoming,False,4,13,54,8,afternoon,False,KKDE,Kurukshetra Jn,159,1144,497,42.4,4.158333333333333,119.0,119.0
12919,2026-08-27,KKDE,Kurukshetra Jn,159,114.0,42.4,1144,497,upcoming,upcoming,True,4,13,54,8,afternoon,False,DHKR,Dhoda Khedi,160,1149,492,42.4,4.158333333333333,0.0,-114.0
12919,2026-08-27,DHKR,Dhoda Khedi,160,0.0,42.4,1149,492,upcoming,upcoming,False,4,13,54,8,afternoon,False,DPP,Dhirpur,161,1155,486,42.4,4.158333333333333,0.0,0.0
12919,2026-08-27,DPP,Dhirpur,161,0.0,42.4,1155,486,upcoming,upcoming,False,4,13,54,8,afternoon,False,DHMZ,Dhola Mazra,162,1160,481,42.4,4.158333333333333,0.0,0.0
12919,2026-08-27,DHMZ,Dhola Mazra,162,0.0,42.4,1160,481,upcoming,upcoming,False,4,13,54,8,afternoon,False,SHDM,Shahbad Marknda,163,1166,475,42.4,4.158333333333333,0.0,0.0
12919,2026-08-27,SHDM,Shahbad Marknda,163,0.0,42.4,1166,475,upcoming,upcoming,False,4,13,54,8,afternoon,False,MOY,Mohri,164,1176,465,42.4,4.158333333333333,0.0,0.0
12919,2026-08-27,MOY,Mohri,164,0.0,42.4,1176,465,upcoming,upcoming,False,4,13,54,8,afternoon,False,UMB,Ambala Cantt Jn,165,1185,456,96.4,4.158333333333333,119.0,119.0
12919,2026-08-27,UMB,Ambala Cantt Jn,165,114.0,96.4,1185,456,upcoming,upcoming,True,4,13,54,8,afternoon,False,UBC,Ambala City,166,1193,448,96.4,4.158333333333333,0.0,-114.0
12919,2026-08-27,UBC,Ambala City,166,0.0,96.4,1193,448,upcoming,upcoming,False,4,13,54,8,afternoon,False,SMU,Sambhu,167,1202,439,96.4,4.158333333333333,0.0,0.0
12919,2026-08-27,SMU,Sambhu,167,0.0,96.4,1202,439,upcoming,upcoming,False,4,13,54,8,afternoon,False,RPJ,Rajpura Jn,168,1213,428,96.4,4.158333333333333,0.0,0.0
12919,2026-08-27,RPJ,Rajpura Jn,168,0.0,96.4,1213,428,upcoming,upcoming,False,4,13,54,8,afternoon,False,SBJ,Sarai Banjara,169,1222,419,96.4,4.158333333333333,0.0,0.0
12919,2026-08-27,SBJ,Sarai Banjara,169,0.0,96.4,1222,419,upcoming,upcoming,False,4,13,54,8,afternoon,False,SDY,Sadhoo Garh,170,1231,410,96.4,4.158333333333333,0.0,0.0
12919,2026-08-27,SDY,Sadhoo Garh,170,0.0,96.4,1231,410,upcoming,upcoming,False,4,13,54,8,afternoon,False,SIR,Sirhind Jn,171,1238,403,72.0,4.158333333333333,119.0,119.0
12919,2026-08-27,SIR,Sirhind Jn,171,114.0,72.0,1238,403,upcoming,upcoming,True,4,13,54,8,afternoon,False,GVG,Govindgarh,172,1248,393,72.0,4.158333333333333,0.0,-114.0
12919,2026-08-27,GVG,Govindgarh,172,0.0,72.0,1248,393,upcoming,upcoming,False,4,13,54,8,afternoon,False,KNN,Khanna,173,1256,385,35.3,4.158333333333333,119.0,119.0
12919,2026-08-27,KNN,Khanna,173,114.0,35.3,1256,385,upcoming,upcoming,True,4,13,54,8,afternoon,False,CHA,Chawapall,174,1267,374,35.3,4.158333333333333,0.0,-114.0
12919,2026-08-27,CHA,Chawapall,174,0.0,35.3,1267,374,upcoming,upcoming,False,4,13,54,8,afternoon,False,DOA,Doraha,175,1276,365,35.3,4.158333333333333,0.0,0.0
12919,2026-08-27,DOA,Doraha,175,0.0,35.3,1276,365,upcoming,upcoming,False,4,13,54,8,afternoon,False,SNL,Sanahwal,176,1284,357,35.3,4.158333333333333,0.0,0.0
12919,2026-08-27,SNL,Sanahwal,176,0.0,35.3,1284,357,upcoming,upcoming,False,4,13,54,8,afternoon,False,DDL,Dhandari Kalan,177,1292,349,35.3,4.158333333333333,0.0,0.0
12919,2026-08-27,DDL,Dhandari Kalan,177,0.0,35.3,1292,349,upcoming,upcoming,False,4,13,54,8,afternoon,False,BHOI,Dhandarikalan Block Hut (Bhoi),178,1296,345,35.3,4.158333333333333,0.0,0.0
12919,2026-08-27,BHOI,Dhandarikalan Block Hut (Bhoi),178,0.0,35.3,1296,345,upcoming,upcoming,False,4,13,54,8,afternoon,False,LDH,Ludhiana Jn,179,1299,342,72.6,4.158333333333333,119.0,119.0
12919,2026-08-27,LDH,Ludhiana Jn,179,114.0,72.6,1299,342,upcoming,upcoming,True,4,13,54,8,afternoon,False,LDW,Ladhowal,180,1308,333,72.6,4.158333333333333,0.0,-114.0
12919,2026-08-27,LDW,Ladhowal,180,0.0,72.6,1308,333,upcoming,upcoming,False,4,13,54,8,afternoon,False,PHR,Phillaur Jn,181,1312,329,72.6,4.158333333333333,0.0,0.0
12919,2026-08-27,PHR,Phillaur Jn,181,0.0,72.6,1312,329,upcoming,upcoming,False,4,13,54,8,afternoon,False,BTTN,Bhatian,182,1319,322,72.6,4.158333333333333,0.0,0.0
12919,2026-08-27,BTTN,Bhatian,182,0.0,72.6,1319,322,upcoming,upcoming,False,4,13,54,8,afternoon,False,GRY,Goraya,183,1325,316,72.6,4.158333333333333,0.0,0.0
12919,2026-08-27,GRY,Goraya,183,0.0,72.6,1325,316,upcoming,upcoming,False,4,13,54,8,afternoon,False,MAUL,Mauli Block Hut,184,1329,312,72.6,4.158333333333333,0.0,0.0
12919,2026-08-27,MAUL,Mauli Block Hut,184,0.0,72.6,1329,312,upcoming,upcoming,False,4,13,54,8,afternoon,False,PGW,Phagwara Jn,185,1334,307,72.6,4.158333333333333,0.0,0.0
12919,2026-08-27,PGW,Phagwara Jn,185,0.0,72.6,1334,307,upcoming,upcoming,False,4,13,54,8,afternoon,False,CEU,Chiheru,186,1342,299,72.6,4.158333333333333,0.0,0.0
12919,2026-08-27,CEU,Chiheru,186,0.0,72.6,1342,299,upcoming,upcoming,False,4,13,54,8,afternoon,False,JRC,Jalandhar Cantt,187,1351,290,53.5,4.158333333333333,119.0,119.0
12919,2026-08-27,JRC,Jalandhar Cantt,187,114.0,53.5,1351,290,upcoming,upcoming,True,4,13,54,8,afternoon,False,SCPD,Suchipind,188,1355,286,53.5,4.158333333333333,0.0,-114.0
12919,2026-08-27,SCPD,Suchipind,188,0.0,53.5,1355,286,upcoming,upcoming,False,4,13,54,8,afternoon,False,AWL,Alawalpur,189,1366,275,53.5,4.158333333333333,0.0,0.0
12919,2026-08-27,AWL,Alawalpur,189,0.0,53.5,1366,275,upcoming,upcoming,False,4,13,54,8,afternoon,False,KKL,Kala Bakra,190,1371,270,53.5,4.158333333333333,0.0,0.0
12919,2026-08-27,KKL,Kala Bakra,190,0.0,53.5,1371,270,upcoming,upcoming,False,4,13,54,8,afternoon,False,BPRS,Bhogpur Sirwal,191,1380,261,53.5,4.158333333333333,0.0,0.0
12919,2026-08-27,BPRS,Bhogpur Sirwal,191,0.0,53.5,1380,261,upcoming,upcoming,False,4,13,54,8,afternoon,False,CGH,Cholang,192,1387,254,53.5,4.158333333333333,0.0,0.0
12919,2026-08-27,CGH,Cholang,192,0.0,53.5,1387,254,upcoming,upcoming,False,4,13,54,8,afternoon,False,TDO,Tanda Urmar,193,1393,248,53.5,4.158333333333333,0.0,0.0
12919,2026-08-27,TDO,Tanda Urmar,193,0.0,53.5,1393,248,upcoming,upcoming,False,4,13,54,8,afternoon,False,KZX,Khudda Korala,194,1401,240,53.5,4.158333333333333,0.0,0.0
12919,2026-08-27,KZX,Khudda Korala,194,0.0,53.5,1401,240,upcoming,upcoming,False,4,13,54,8,afternoon,False,GSB,Garna Sahib,195,1406,235,53.5,4.158333333333333,0.0,0.0
12919,2026-08-27,GSB,Garna Sahib,195,0.0,53.5,1406,235,upcoming,upcoming,False,4,13,54,8,afternoon,False,DZA,Dasuya,196,1409,232,60.0,4.158333333333333,119.0,119.0
12919,2026-08-27,DZA,Dasuya,196,114.0,60.0,1409,232,upcoming,upcoming,True,4,13,54,8,afternoon,False,UCB,Unchi Bassi,197,1415,226,60.0,4.158333333333333,0.0,-114.0
12919,2026-08-27,UCB,Unchi Bassi,197,0.0,60.0,1415,226,upcoming,upcoming,False,4,13,54,8,afternoon,False,MEX,Mukerian,198,1424,217,88.9,4.158333333333333,119.0,119.0
12919,2026-08-27,MEX,Mukerian,198,114.0,88.9,1424,217,upcoming,upcoming,True,4,13,54,8,afternoon,False,BNGL,Bhangala,199,1434,207,88.9,4.158333333333333,0.0,-114.0
12919,2026-08-27,BNGL,Bhangala,199,0.0,88.9,1434,207,upcoming,upcoming,False,4,13,54,8,afternoon,False,MRTL,Mirthal,200,1444,197,88.9,4.158333333333333,0.0,0.0
12919,2026-08-27,MRTL,Mirthal,200,0.0,88.9,1444,197,upcoming,upcoming,False,4,13,54,8,afternoon,False,GILA,Ghiala,201,1450,191,88.9,4.158333333333333,0.0,0.0
12919,2026-08-27,GILA,Ghiala,201,0.0,88.9,1450,191,upcoming,upcoming,False,4,13,54,8,afternoon,False,KNDI,Kandrori,202,1455,186,88.9,4.158333333333333,0.0,0.0
12919,2026-08-27,KNDI,Kandrori,202,0.0,88.9,1455,186,upcoming,upcoming,False,4,13,54,8,afternoon,False,PTKC,Pathankot Cantt,203,1464,177,36.3,4.158333333333333,119.0,119.0
12919,2026-08-27,PTKC,Pathankot Cantt,203,114.0,36.3,1464,177,upcoming,upcoming,True,4,13,54,8,afternoon,False,BHRL,Bharoli Jn,204,1467,174,36.3,4.158333333333333,0.0,-114.0
12919,2026-08-27,BHRL,Bharoli Jn,204,0.0,36.3,1467,174,upcoming,upcoming,False,4,13,54,8,afternoon,False,SJNP,Sujanpur,205,1472,169,36.3,4.158333333333333,0.0,0.0
12919,2026-08-27,SJNP,Sujanpur,205,0.0,36.3,1472,169,upcoming,upcoming,False,4,13,54,8,afternoon,False,MDPB,Madhopur Punjab,206,1479,162,36.3,4.158333333333333,0.0,0.0
12919,2026-08-27,MDPB,Madhopur Punjab,206,0.0,36.3,1479,162,upcoming,upcoming,False,4,13,54,8,afternoon,False,MSKT,Martyr Cptn Sunil Kr Choudhary Kathua,207,1487,154,57.0,4.158333333333333,119.0,119.0
12919,2026-08-27,MSKT,Martyr Cptn Sunil Kr Choudhary Kathua,207,114.0,57.0,1487,154,upcoming,upcoming,True,4,13,54,8,afternoon,False,BDHY,Budhi,208,1500,141,57.0,4.158333333333333,0.0,-114.0
12919,2026-08-27,BDHY,Budhi,208,0.0,57.0,1500,141,upcoming,upcoming,False,4,13,54,8,afternoon,False,CHNR,Chhan Arorian,209,1507,134,57.0,4.158333333333333,0.0,0.0
12919,2026-08-27,CHNR,Chhan Arorian,209,0.0,57.0,1507,134,upcoming,upcoming,False,4,13,54,8,afternoon,False,CKDL,Chakdayala,210,1513,128,57.0,4.158333333333333,0.0,0.0
12919,2026-08-27,CKDL,Chakdayala,210,0.0,57.0,1513,128,upcoming,upcoming,False,4,13,54,8,afternoon,False,HRNR,Hira Nagar,211,1516,125,57.0,4.158333333333333,0.0,0.0
12919,2026-08-27,HRNR,Hira Nagar,211,0.0,57.0,1516,125,upcoming,upcoming,False,4,13,54,8,afternoon,False,GHGL,Ghagwal,212,1522,119,57.0,4.158333333333333,0.0,0.0
12919,2026-08-27,GHGL,Ghagwal,212,0.0,57.0,1522,119,upcoming,upcoming,False,4,13,54,8,afternoon,False,SMBX,Samba,213,1531,110,57.0,4.158333333333333,0.0,0.0
12919,2026-08-27,SMBX,Samba,213,0.0,57.0,1531,110,upcoming,upcoming,False,4,13,54,8,afternoon,False,VJPJ,Vijiypur Jammu,214,1542,99,57.0,4.158333333333333,0.0,0.0
12919,2026-08-27,VJPJ,Vijiypur Jammu,214,0.0,57.0,1542,99,upcoming,upcoming,False,4,13,54,8,afternoon,False,BBMN,Bari Brahman,215,1555,86,57.0,4.158333333333333,0.0,0.0
12919,2026-08-27,BBMN,Bari Brahman,215,0.0,57.0,1555,86,upcoming,upcoming,False,4,13,54,8,afternoon,False,JAT,Jammutavi,216,1563,78,60.0,4.158333333333333,119.0,119.0
12919,2026-08-27,JAT,Jammutavi,216,114.0,60.0,1563,78,upcoming,upcoming,True,4,13,54,8,afternoon,False,BLA,Bajalta,217,1574,67,60.0,4.158333333333333,0.0,-114.0
12919,2026-08-27,BLA,Bajalta,217,0.0,60.0,1574,67,upcoming,upcoming,False,4,13,54,8,afternoon,False,SGRR,Sanger,218,1585,56,60.0,4.158333333333333,0.0,0.0
12919,2026-08-27,SGRR,Sanger,218,0.0,60.0,1585,56,upcoming,upcoming,False,4,13,54,8,afternoon,False,MNWL,Manwal,219,1595,46,60.0,4.158333333333333,0.0,0.0
12919,2026-08-27,MNWL,Manwal,219,0.0,60.0,1595,46,upcoming,upcoming,False,4,13,54,8,afternoon,False,RMJK,Ram Nagar,220,1607,34,27.3,4.158333333333333,119.0,119.0
12919,2026-08-27,RMJK,Ram Nagar,220,114.0,27.3,1607,34,upcoming,upcoming,True,4,13,54,8,afternoon,False,MCTM,MCTM Udhampur,221,1617,24,41.5,4.158333333333333,119.0,5.0
12919,2026-08-27,MCTM,MCTM Udhampur,221,114.0,41.5,1617,24,upcoming,upcoming,True,4,13,54,8,afternoon,False,CRWL,Chakrakwala,222,1626,15,30.0,4.158333333333333,119.0,5.0
12919,2026-08-27,CRWL,Chakrakwala,222,114.0,30.0,1626,15,upcoming,upcoming,True,4,13,54,8,afternoon,False,SVDK,Shri Mata Vaishno Devi Katra,223,1641,0,0.0,4.158333333333333,119.0,5.0
12919,2026-08-27,DADN,Dr. Ambedkar Nagar,1,4.0,84.0,0,1641,departed,departed,True,4,13,59,8,afternoon,False,INDB,Indore Jn,7,21,1620,70.0,41.92550000000001,10.0,6.0
12919,2026-08-27,HKH,Haranya Kheri,2,0.0,84.0,3,1638,departed,departed,False,4,13,59,8,afternoon,False,INDB,Indore Jn,7,21,1620,70.0,41.92550000000001,10.0,10.0
12919,2026-08-27,RAU,Rau,3,0.0,84.0,10,1631,departed,departed,False,4,13,59,8,afternoon,False,INDB,Indore Jn,7,21,1620,70.0,41.92550000000001,10.0,10.0
12919,2026-08-27,RJQ,Rajendranagar,4,0.0,84.0,14,1627,departed,departed,False,4,13,59,8,afternoon,False,INDB,Indore Jn,7,21,1620,70.0,41.92550000000001,10.0,10.0
12919,2026-08-27,LKMN,Lokmanya Nagar,5,0.0,84.0,17,1624,departed,departed,False,4,13,59,8,afternoon,False,INDB,Indore Jn,7,21,1620,70.0,41.92550000000001,10.0,10.0
12919,2026-08-27,SFNR,Saifinagar Halt,6,0.0,84.0,19,1622,departed,departed,False,4,13,59,8,afternoon,False,INDB,Indore Jn,7,21,1620,70.0,41.92550000000001,10.0,10.0
12919,2026-08-27,INDB,Indore Jn,7,10.0,70.0,21,1620,departed,departed,True,4,13,59,8,afternoon,False,BNJN,Binjana,11,57,1584,70.0,41.92550000000001,5.0,-5.0
12919,2026-08-27,LMNR,Lakshmibai Ngr,8,0.0,70.0,24,1617,departed,departed,False,4,13,59,8,afternoon,False,BNJN,Binjana,11,57,1584,70.0,41.92550000000001,5.0,5.0
12919,2026-08-27,MGG,Mangliya Gaon,9,0.0,70.0,35,1606,departed,departed,False,4,13,59,8,afternoon,False,BNJN,Binjana,11,57,1584,70.0,41.92550000000001,5.0,5.0
12919,2026-08-27,BLAX,Barlai,10,0.0,70.0,46,1595,departed,departed,False,4,13,59,8,afternoon,False,BNJN,Binjana,11,57,1584,70.0,41.92550000000001,5.0,5.0
12919,2026-08-27,BNJN,Binjana,11,0.0,70.0,57,1584,departed,departed,False,4,13,59,8,afternoon,False,DWX,Dewas,12,63,1578,46.2,41.92550000000001,6.0,6.0
12919,2026-08-27,DWX,Dewas,12,6.0,46.2,63,1578,departed,departed,True,4,13,59,8,afternoon,False,UJN,Ujjain Jn,17,103,1538,70.3,41.92550000000001,6.0,0.0
12919,2026-08-27,NRGR,Naranjipur,13,0.0,46.2,72,1569,departed,departed,False,4,13,59,8,afternoon,False,UJN,Ujjain Jn,17,103,1538,70.3,41.92550000000001,6.0,6.0
12919,2026-08-27,UDM,Undasa Madhawpu,14,0.0,46.2,79,1562,departed,departed,False,4,13,59,8,afternoon,False,UJN,Ujjain Jn,17,103,1538,70.3,41.92550000000001,6.0,6.0
12919,2026-08-27,KDHA,Karchha,15,0.0,46.2,85,1556,departed,departed,False,4,13,59,8,afternoon,False,UJN,Ujjain Jn,17,103,1538,70.3,41.92550000000001,6.0,6.0
12919,2026-08-27,VRG,Vikramnagar,16,0.0,46.2,98,1543,departed,departed,False,4,13,59,8,afternoon,False,UJN,Ujjain Jn,17,103,1538,70.3,41.92550000000001,6.0,6.0
12919,2026-08-27,UJN,Ujjain Jn,17,6.0,70.3,103,1538,departed,departed,True,4,13,59,8,afternoon,False,MKC,Maksi Jn,22,144,1497,76.0,41.92550000000001,5.0,-1.0
12919,2026-08-27,PLW,Pingleshwar,18,0.0,70.3,112,1529,departed,departed,False,4,13,59,8,afternoon,False,MKC,Maksi Jn,22,144,1497,76.0,41.92550000000001,5.0,5.0
12919,2026-08-27,TJP,Tajpur,19,0.0,70.3,118,1523,departed,departed,False,4,13,59,8,afternoon,False,MKC,Maksi Jn,22,144,1497,76.0,41.92550000000001,5.0,5.0
12919,2026-08-27,SVT,Shivpura,20,0.0,70.3,128,1513,departed,departed,False,4,13,59,8,afternoon,False,MKC,Maksi Jn,22,144,1497,76.0,41.92550000000001,5.0,5.0
12919,2026-08-27,TAN,Tarana Road,21,0.0,70.3,134,1507,departed,departed,False,4,13,59,8,afternoon,False,MKC,Maksi Jn,22,144,1497,76.0,41.92550000000001,5.0,5.0
12919,2026-08-27,MKC,Maksi Jn,22,5.0,76.0,144,1497,departed,departed,True,4,13,59,8,afternoon,False,BCH,Berchha,24,163,1478,69.2,41.92550000000001,8.0,3.0
12919,2026-08-27,PUO,Pir Umrod,23,0.0,76.0,151,1490,departed,departed,False,4,13,59,8,afternoon,False,BCH,Berchha,24,163,1478,69.2,41.92550000000001,8.0,8.0
12919,2026-08-27,BCH,Berchha,24,8.0,69.2,163,1478,departed,departed,True,4,13,59,8,afternoon,False,AKD,Akodia,28,193,1448,65.0,41.92550000000001,6.0,-2.0
12919,2026-08-27,KONY,Kisoni,25,0.0,69.2,168,1473,departed,departed,False,4,13,59,8,afternoon,False,AKD,Akodia,28,193,1448,65.0,41.92550000000001,6.0,6.0
12919,2026-08-27,KSH,Kali Sindh,26,0.0,69.2,175,1466,departed,departed,False,4,13,59,8,afternoon,False,AKD,Akodia,28,193,1448,65.0,41.92550000000001,6.0,6.0
12919,2026-08-27,BLX,Bolai,27,0.0,69.2,181,1460,departed,departed,False,4,13,59,8,afternoon,False,AKD,Akodia,28,193,1448,65.0,41.92550000000001,6.0,6.0
12919,2026-08-27,AKD,Akodia,28,6.0,65.0,193,1448,departed,departed,True,4,13,59,8,afternoon,False,MQE,Mohammadkhera,29,200,1441,65.0,41.92550000000001,10.0,4.0
12919,2026-08-27,MQE,Mohammadkhera,29,0.0,65.0,200,1441,departed,departed,False,4,13,59,8,afternoon,False,SJP,Shujalpur,30,206,1435,60.0,41.92550000000001,8.0,8.0
12919,2026-08-27,SJP,Shujalpur,30,8.0,60.0,206,1435,departed,departed,True,4,13,59,8,afternoon,False,CKOD,Chakrod,31,213,1428,60.0,41.92550000000001,10.0,2.0
12919,2026-08-27,CKOD,Chakrod,31,0.0,60.0,213,1428,departed,departed,False,4,13,59,8,afternoon,False,KPP,Kalapipal,32,219,1422,79.1,41.92550000000001,10.0,10.0
12919,2026-08-27,KPP,Kalapipal,32,10.0,79.1,219,1422,departed,departed,True,4,13,59,8,afternoon,False,SEH,Sehore,36,248,1393,40.0,41.92550000000001,11.0,1.0
12919,2026-08-27,JBX,Jabri,33,0.0,79.1,226,1415,departed,departed,False,4,13,59,8,afternoon,False,SEH,Sehore,36,248,1393,40.0,41.92550000000001,11.0,11.0
12919,2026-08-27,PRB,Parbati,34,0.0,79.1,234,1407,departed,departed,False,4,13,59,8,afternoon,False,SEH,Sehore,36,248,1393,40.0,41.92550000000001,11.0,11.0
12919,2026-08-27,BKTL,Baktal,35,0.0,79.1,240,1401,departed,departed,False,4,13,59,8,afternoon,False,SEH,Sehore,36,248,1393,40.0,41.92550000000001,11.0,11.0
12919,2026-08-27,SEH,Sehore,36,11.0,40.0,248,1393,departed,departed,True,4,13,59,8,afternoon,False,SHRN,Sant Hirdaram Nagar Jn,40,276,1365,24.0,41.92550000000001,2.0,-9.0
12919,2026-08-27,PNWN,Pachwan,37,0.0,40.0,253,1388,departed,departed,False,4,13,59,8,afternoon,False,SHRN,Sant Hirdaram Nagar Jn,40,276,1365,24.0,41.92550000000001,2.0,2.0
12919,2026-08-27,PUD,Phanda,38,0.0,40.0,260,1381,departed,departed,False,4,13,59,8,afternoon,False,SHRN,Sant Hirdaram Nagar Jn,40,276,1365,24.0,41.92550000000001,2.0,2.0
12919,2026-08-27,BQE,Bakanian Bhaunri,39,0.0,40.0,268,1373,departed,departed,False,4,13,59,8,afternoon,False,SHRN,Sant Hirdaram Nagar Jn,40,276,1365,24.0,41.92550000000001,2.0,2.0
12919,2026-08-27,SHRN,Sant Hirdaram Nagar Jn,40,2.0,24.0,276,1365,departed,departed,True,4,13,59,8,afternoon,False,BPL,Bhopal Jn,41,286,1355,10.0,41.92550000000001,81.0,79.0
12919,2026-08-27,BPL,Bhopal Jn,41,81.0,10.0,286,1355,at-station,at-station,True,4,13,59,8,afternoon,False,NSZ,Nishatpura,42,288,1353,148.6,41.92550000000001,160.0,79.0
12919,2026-08-27,NSZ,Nishatpura,42,119.0,148.6,288,1353,upcoming,upcoming,True,4,13,59,8,afternoon,False,BHS,Vidisha,48,340,1301,97.5,41.92550000000001,160.0,41.0
12919,2026-08-27,SUW,Sukhisewaniyan,43,0.0,148.6,297,1344,upcoming,upcoming,False,4,13,59,8,afternoon,False,BHS,Vidisha,48,340,1301,97.5,41.92550000000001,160.0,160.0
12919,2026-08-27,BVB,Bhadbhadaghat,44,0.0,148.6,305,1336,upcoming,upcoming,False,4,13,59,8,afternoon,False,BHS,Vidisha,48,340,1301,97.5,41.92550000000001,160.0,160.0
12919,2026-08-27,DWG,Dewanganj,45,0.0,148.6,314,1327,upcoming,upcoming,False,4,13,59,8,afternoon,False,BHS,Vidisha,48,340,1301,97.5,41.92550000000001,160.0,160.0
12919,2026-08-27,SMT,Salamatpur,46,0.0,148.6,323,1318,upcoming,upcoming,False,4,13,59,8,afternoon,False,BHS,Vidisha,48,340,1301,97.5,41.92550000000001,160.0,160.0
12919,2026-08-27,SCI,Sanchi,47,0.0,148.6,330,1311,upcoming,upcoming,False,4,13,59,8,afternoon,False,BHS,Vidisha,48,340,1301,97.5,41.92550000000001,160.0,160.0
12919,2026-08-27,BHS,Vidisha,48,119.0,97.5,340,1301,upcoming,upcoming,True,4,13,59,8,afternoon,False,BAQ,Ganj Basoda,53,379,1262,48.4,41.92550000000001,160.0,41.0
12919,2026-08-27,SORI,Sorai,49,0.0,97.5,345,1296,upcoming,upcoming,False,4,13,59,8,afternoon,False,BAQ,Ganj Basoda,53,379,1262,48.4,41.92550000000001,160.0,160.0
12919,2026-08-27,SUMR,Sumer,50,0.0,97.5,353,1288,upcoming,upcoming,False,4,13,59,8,afternoon,False,BAQ,Ganj Basoda,53,379,1262,48.4,41.92550000000001,160.0,160.0
12919,2026-08-27,GLG,Gulabhganj,51,0.0,97.5,361,1280,upcoming,upcoming,False,4,13,59,8,afternoon,False,BAQ,Ganj Basoda,53,379,1262,48.4,41.92550000000001,160.0,160.0
12919,2026-08-27,PAI,Pabai,52,0.0,97.5,370,1271,upcoming,upcoming,False,4,13,59,8,afternoon,False,BAQ,Ganj Basoda,53,379,1262,48.4,41.92550000000001,160.0,160.0
12919,2026-08-27,BAQ,Ganj Basoda,53,119.0,48.4,379,1262,upcoming,upcoming,True,4,13,59,8,afternoon,False,BINA,Bina Jn,59,425,1216,95.4,41.92550000000001,160.0,41.0
12919,2026-08-27,BET,Bareth,54,0.0,48.4,389,1252,upcoming,upcoming,False,4,13,59,8,afternoon,False,BINA,Bina Jn,59,425,1216,95.4,41.92550000000001,160.0,160.0
12919,2026-08-27,CLHT,Chulheta,55,0.0,48.4,394,1247,upcoming,upcoming,False,4,13,59,8,afternoon,False,BINA,Bina Jn,59,425,1216,95.4,41.92550000000001,160.0,160.0
12919,2026-08-27,KAH,Kalhar,56,0.0,48.4,399,1242,upcoming,upcoming,False,4,13,59,8,afternoon,False,BINA,Bina Jn,59,425,1216,95.4,41.92550000000001,160.0,160.0
12919,2026-08-27,MABA,Mandi Bamora,57,0.0,48.4,407,1234,upcoming,upcoming,False,4,13,59,8,afternoon,False,BINA,Bina Jn,59,425,1216,95.4,41.92550000000001,160.0,160.0
12919,2026-08-27,KIKA,Kurwai Kethora,58,0.0,48.4,415,1226,upcoming,upcoming,False,4,13,59,8,afternoon,False,BINA,Bina Jn,59,425,1216,95.4,41.92550000000001,160.0,160.0
12919,2026-08-27,BINA,Bina Jn,59,119.0,95.4,425,1216,upcoming,upcoming,True,4,13,59,8,afternoon,False,LAR,Lalitpur,66,487,1154,102.6,41.92550000000001,160.0,41.0
12919,2026-08-27,AGD,Agasod,60,0.0,95.4,433,1208,upcoming,upcoming,False,4,13,59,8,afternoon,False,LAR,Lalitpur,66,487,1154,102.6,41.92550000000001,160.0,160.0
12919,2026-08-27,KOA,Karonda,61,0.0,95.4,444,1197,upcoming,upcoming,False,4,13,59,8,afternoon,False,LAR,Lalitpur,66,487,1154,102.6,41.92550000000001,160.0,160.0
12919,2026-08-27,MXS,Mohasa,62,0.0,95.4,451,1190,upcoming,upcoming,False,4,13,59,8,afternoon,False,LAR,Lalitpur,66,487,1154,102.6,41.92550000000001,160.0,160.0
12919,2026-08-27,DUA,Dhaura,63,0.0,95.4,459,1182,upcoming,upcoming,False,4,13,59,8,afternoon,False,LAR,Lalitpur,66,487,1154,102.6,41.92550000000001,160.0,160.0
12919,2026-08-27,JLN,Jakhalaun,64,0.0,95.4,471,1170,upcoming,upcoming,False,4,13,59,8,afternoon,False,LAR,Lalitpur,66,487,1154,102.6,41.92550000000001,160.0,160.0
12919,2026-08-27,JRO,Jiron,65,0.0,95.4,478,1163,upcoming,upcoming,False,4,13,59,8,afternoon,False,LAR,Lalitpur,66,487,1154,102.6,41.92550000000001,160.0,160.0
12919,2026-08-27,LAR,Lalitpur,66,119.0,102.6,487,1154,upcoming,upcoming,True,4,13,59,8,afternoon,False,BAB,Babina,74,552,1089,42.4,41.92550000000001,160.0,41.0
12919,2026-08-27,DWA,Dailwara,67,0.0,102.6,498,1143,upcoming,upcoming,False,4,13,59,8,afternoon,False,BAB,Babina,74,552,1089,42.4,41.92550000000001,160.0,160.0
12919,2026-08-27,JHA,Jakhaura,68,0.0,102.6,508,1133,upcoming,upcoming,False,4,13,59,8,afternoon,False,BAB,Babina,74,552,1089,42.4,41.92550000000001,160.0,160.0
12919,2026-08-27,BJA,Bijrotha,69,0.0,102.6,516,1125,upcoming,upcoming,False,4,13,59,8,afternoon,False,BAB,Babina,74,552,1089,42.4,41.92550000000001,160.0,160.0
12919,2026-08-27,TBT,Talbahat,70,0.0,102.6,527,1114,upcoming,upcoming,False,4,13,59,8,afternoon,False,BAB,Babina,74,552,1089,42.4,41.92550000000001,160.0,160.0
12919,2026-08-27,MZX,Matatila,71,0.0,102.6,532,1109,upcoming,upcoming,False,4,13,59,8,afternoon,False,BAB,Babina,74,552,1089,42.4,41.92550000000001,160.0,160.0
12919,2026-08-27,BZY,Basai,72,0.0,102.6,540,1101,upcoming,upcoming,False,4,13,59,8,afternoon,False,BAB,Babina,74,552,1089,42.4,41.92550000000001,160.0,160.0
12919,2026-08-27,BPW,Burhpura,73,0.0,102.6,548,1093,upcoming,upcoming,False,4,13,59,8,afternoon,False,BAB,Babina,74,552,1089,42.4,41.92550000000001,160.0,160.0
12919,2026-08-27,BAB,Babina,74,119.0,42.4,552,1089,upcoming,upcoming,True,4,13,59,8,afternoon,False,VGLJ,Veerangana Lakshmibai Jhansi,77,576,1065,71.4,41.92550000000001,160.0,41.0
12919,2026-08-27,KHJ,Khajraha,75,0.0,42.4,560,1081,upcoming,upcoming,False,4,13,59,8,afternoon,False,VGLJ,Veerangana Lakshmibai Jhansi,77,576,1065,71.4,41.92550000000001,160.0,160.0
12919,2026-08-27,BJI,Bijauli,76,0.0,42.4,569,1072,upcoming,upcoming,False,4,13,59,8,afternoon,False,VGLJ,Veerangana Lakshmibai Jhansi,77,576,1065,71.4,41.92550000000001,160.0,160.0
12919,2026-08-27,VGLJ,Veerangana Lakshmibai Jhansi,77,119.0,71.4,576,1065,upcoming,upcoming,True,4,13,59,8,afternoon,False,DAA,Datia,80,601,1040,85.7,41.92550000000001,160.0,41.0
12919,2026-08-27,KRQ,Karari,78,0.0,71.4,587,1054,upcoming,upcoming,False,4,13,59,8,afternoon,False,DAA,Datia,80,601,1040,85.7,41.92550000000001,160.0,160.0
12919,2026-08-27,CIRL,Chirula,79,0.0,71.4,594,1047,upcoming,upcoming,False,4,13,59,8,afternoon,False,DAA,Datia,80,601,1040,85.7,41.92550000000001,160.0,160.0
12919,2026-08-27,DAA,Datia,80,119.0,85.7,601,1040,upcoming,upcoming,True,4,13,59,8,afternoon,False,DBA,Dabra,83,631,1010,86.0,41.92550000000001,160.0,41.0
12919,2026-08-27,SOR,Sonagir,81,0.0,85.7,612,1029,upcoming,upcoming,False,4,13,59,8,afternoon,False,DBA,Dabra,83,631,1010,86.0,41.92550000000001,160.0,160.0
12919,2026-08-27,KTRA,Kotra,82,0.0,85.7,621,1020,upcoming,upcoming,False,4,13,59,8,afternoon,False,DBA,Dabra,83,631,1010,86.0,41.92550000000001,160.0,160.0
12919,2026-08-27,DBA,Dabra,83,119.0,86.0,631,1010,upcoming,upcoming,True,4,13,59,8,afternoon,False,GWL,Gwalior Jn,89,674,967,80.7,41.92550000000001,160.0,41.0
12919,2026-08-27,SMTL,Simariatal,84,0.0,86.0,636,1005,upcoming,upcoming,False,4,13,59,8,afternoon,False,GWL,Gwalior Jn,89,674,967,80.7,41.92550000000001,160.0,160.0
12919,2026-08-27,AEH,Anant Paith,85,0.0,86.0,641,1000,upcoming,upcoming,False,4,13,59,8,afternoon,False,GWL,Gwalior Jn,89,674,967,80.7,41.92550000000001,160.0,160.0
12919,2026-08-27,ARI,Antri,86,0.0,86.0,651,990,upcoming,upcoming,False,4,13,59,8,afternoon,False,GWL,Gwalior Jn,89,674,967,80.7,41.92550000000001,160.0,160.0
12919,2026-08-27,SLV,Sandalpur,87,0.0,86.0,658,983,upcoming,upcoming,False,4,13,59,8,afternoon,False,GWL,Gwalior Jn,89,674,967,80.7,41.92550000000001,160.0,160.0
12919,2026-08-27,STLI,Sithouli,88,0.0,86.0,666,975,upcoming,upcoming,False,4,13,59,8,afternoon,False,GWL,Gwalior Jn,89,674,967,80.7,41.92550000000001,160.0,160.0
12919,2026-08-27,GWL,Gwalior Jn,89,119.0,80.7,674,967,upcoming,upcoming,True,4,13,59,8,afternoon,False,MRA,Morena,95,713,928,39.5,41.92550000000001,160.0,41.0
12919,2026-08-27,BLNR,Birlanagar,90,0.0,80.7,677,964,upcoming,upcoming,False,4,13,59,8,afternoon,False,MRA,Morena,95,713,928,39.5,41.92550000000001,160.0,160.0
12919,2026-08-27,RRU,Rayaru,91,0.0,80.7,688,953,upcoming,upcoming,False,4,13,59,8,afternoon,False,MRA,Morena,95,713,928,39.5,41.92550000000001,160.0,160.0
12919,2026-08-27,BAO,Banmor,92,0.0,80.7,694,947,upcoming,upcoming,False,4,13,59,8,afternoon,False,MRA,Morena,95,713,928,39.5,41.92550000000001,160.0,160.0
12919,2026-08-27,NUB,Nurabad,93,0.0,80.7,700,941,upcoming,upcoming,False,4,13,59,8,afternoon,False,MRA,Morena,95,713,928,39.5,41.92550000000001,160.0,160.0
12919,2026-08-27,SANK,Sank,94,0.0,80.7,703,938,upcoming,upcoming,False,4,13,59,8,afternoon,False,MRA,Morena,95,713,928,39.5,41.92550000000001,160.0,160.0
12919,2026-08-27,MRA,Morena,95,119.0,39.5,713,928,upcoming,upcoming,True,4,13,59,8,afternoon,False,DHO,Dhaulpur,98,740,901,106.0,41.92550000000001,160.0,41.0
12919,2026-08-27,SIKD,Sikroda Kwanri,96,0.0,39.5,721,920,upcoming,upcoming,False,4,13,59,8,afternoon,False,DHO,Dhaulpur,98,740,901,106.0,41.92550000000001,160.0,160.0
12919,2026-08-27,HET,Hetampur,97,0.0,39.5,727,914,upcoming,upcoming,False,4,13,59,8,afternoon,False,DHO,Dhaulpur,98,740,901,106.0,41.92550000000001,160.0,160.0
12919,2026-08-27,DHO,Dhaulpur,98,119.0,106.0,740,901,upcoming,upcoming,True,4,13,59,8,afternoon,False,AGC,Agra Cantt Jn,102,793,848,83.7,41.92550000000001,160.0,41.0
12919,2026-08-27,MIA,Mania,99,0.0,106.0,753,888,upcoming,upcoming,False,4,13,59,8,afternoon,False,AGC,Agra Cantt Jn,102,793,848,83.7,41.92550000000001,160.0,160.0
12919,2026-08-27,JJ,Jajau,100,0.0,106.0,767,874,upcoming,upcoming,False,4,13,59,8,afternoon,False,AGC,Agra Cantt Jn,102,793,848,83.7,41.92550000000001,160.0,160.0
12919,2026-08-27,BHA,Bhandai Jn,101,0.0,106.0,783,858,upcoming,upcoming,False,4,13,59,8,afternoon,False,AGC,Agra Cantt Jn,102,793,848,83.7,41.92550000000001,160.0,160.0
12919,2026-08-27,AGC,Agra Cantt Jn,102,119.0,83.7,793,848,upcoming,upcoming,True,4,13,59,8,afternoon,False,MTJ,Mathura Jn,110,846,795,91.1,41.92550000000001,160.0,41.0
12919,2026-08-27,RKM,Raja ki Mandi Jn,103,0.0,83.7,797,844,upcoming,upcoming,False,4,13,59,8,afternoon,False,MTJ,Mathura Jn,110,846,795,91.1,41.92550000000001,160.0,160.0
12919,2026-08-27,BFP,Bilochpura,104,0.0,83.7,798,843,upcoming,upcoming,False,4,13,59,8,afternoon,False,MTJ,Mathura Jn,110,846,795,91.1,41.92550000000001,160.0,160.0
12919,2026-08-27,RNKA,Runkuta,105,0.0,83.7,807,834,upcoming,upcoming,False,4,13,59,8,afternoon,False,MTJ,Mathura Jn,110,846,795,91.1,41.92550000000001,160.0,160.0
12919,2026-08-27,KXM,Kitham,106,0.0,83.7,816,825,upcoming,upcoming,False,4,13,59,8,afternoon,False,MTJ,Mathura Jn,110,846,795,91.1,41.92550000000001,160.0,160.0
12919,2026-08-27,DDDM,Deen Dayal Dham,107,0.0,83.7,824,817,upcoming,upcoming,False,4,13,59,8,afternoon,False,MTJ,Mathura Jn,110,846,795,91.1,41.92550000000001,160.0,160.0
12919,2026-08-27,FAR,Farah,108,0.0,83.7,827,814,upcoming,upcoming,False,4,13,59,8,afternoon,False,MTJ,Mathura Jn,110,846,795,91.1,41.92550000000001,160.0,160.0
12919,2026-08-27,BAD,Bad,109,0.0,83.7,836,805,upcoming,upcoming,False,4,13,59,8,afternoon,False,MTJ,Mathura Jn,110,846,795,91.1,41.92550000000001,160.0,160.0
12919,2026-08-27,MTJ,Mathura Jn,110,119.0,91.1,846,795,upcoming,upcoming,True,4,13,59,8,afternoon,False,KSV,Kosi Kalan,115,887,754,40.3,41.92550000000001,160.0,41.0
12919,2026-08-27,BTSR,Bhuteshwar,111,0.0,91.1,849,792,upcoming,upcoming,False,4,13,59,8,afternoon,False,KSV,Kosi Kalan,115,887,754,40.3,41.92550000000001,160.0,160.0
12919,2026-08-27,VRBD,Vrindaban Road,112,0.0,91.1,856,785,upcoming,upcoming,False,4,13,59,8,afternoon,False,KSV,Kosi Kalan,115,887,754,40.3,41.92550000000001,160.0,160.0
12919,2026-08-27,AJH,Ajhai,113,0.0,91.1,867,774,upcoming,upcoming,False,4,13,59,8,afternoon,False,KSV,Kosi Kalan,115,887,754,40.3,41.92550000000001,160.0,160.0
12919,2026-08-27,CHJ,Chata,114,0.0,91.1,877,764,upcoming,upcoming,False,4,13,59,8,afternoon,False,KSV,Kosi Kalan,115,887,754,40.3,41.92550000000001,160.0,160.0
12919,2026-08-27,KSV,Kosi Kalan,115,119.0,40.3,887,754,upcoming,upcoming,True,4,13,59,8,afternoon,False,PWL,Palwal,120,930,711,78.8,41.92550000000001,160.0,41.0
12919,2026-08-27,HDL,Hodal,116,0.0,40.3,900,741,upcoming,upcoming,False,4,13,59,8,afternoon,False,PWL,Palwal,120,930,711,78.8,41.92550000000001,160.0,160.0
12919,2026-08-27,BNCR,Banchari,117,0.0,40.3,906,735,upcoming,upcoming,False,4,13,59,8,afternoon,False,PWL,Palwal,120,930,711,78.8,41.92550000000001,160.0,160.0
12919,2026-08-27,SHLK,Sholaka,118,0.0,40.3,910,731,upcoming,upcoming,False,4,13,59,8,afternoon,False,PWL,Palwal,120,930,711,78.8,41.92550000000001,160.0,160.0
12919,2026-08-27,RDE,Rundhi,119,0.0,40.3,920,721,upcoming,upcoming,False,4,13,59,8,afternoon,False,PWL,Palwal,120,930,711,78.8,41.92550000000001,160.0,160.0
12919,2026-08-27,PWL,Palwal,120,119.0,78.8,930,711,upcoming,upcoming,True,4,13,59,8,afternoon,False,BVH,Ballabgarh,122,951,690,53.3,41.92550000000001,160.0,41.0
12919,2026-08-27,AST,Asaoti,121,0.0,78.8,941,700,upcoming,upcoming,False,4,13,59,8,afternoon,False,BVH,Ballabgarh,122,951,690,53.3,41.92550000000001,160.0,160.0
12919,2026-08-27,BVH,Ballabgarh,122,119.0,53.3,951,690,upcoming,upcoming,True,4,13,59,8,afternoon,False,FDB,Faridabad,124,959,682,66.3,41.92550000000001,160.0,41.0
12919,2026-08-27,FDN,Faridabad Nw Tn,123,0.0,53.3,955,686,upcoming,upcoming,False,4,13,59,8,afternoon,False,FDB,Faridabad,124,959,682,66.3,41.92550000000001,160.0,160.0
12919,2026-08-27,FDB,Faridabad,124,119.0,66.3,959,682,upcoming,upcoming,True,4,13,59,8,afternoon,False,NZM,Hazrat Nizamuddin Jn,128,980,661,16.8,41.92550000000001,160.0,41.0
12919,2026-08-27,TKDC,Tuglakabad Jn Cabin,125,0.0,66.3,963,678,upcoming,upcoming,False,4,13,59,8,afternoon,False,NZM,Hazrat Nizamuddin Jn,128,980,661,16.8,41.92550000000001,160.0,160.0
12919,2026-08-27,TKD,Tuglakabad,126,0.0,66.3,969,672,upcoming,upcoming,False,4,13,59,8,afternoon,False,NZM,Hazrat Nizamuddin Jn,128,980,661,16.8,41.92550000000001,160.0,160.0
12919,2026-08-27,OKA,Okhla,127,0.0,66.3,976,665,upcoming,upcoming,False,4,13,59,8,afternoon,False,NZM,Hazrat Nizamuddin Jn,128,980,661,16.8,41.92550000000001,160.0,160.0
12919,2026-08-27,NZM,Hazrat Nizamuddin Jn,128,119.0,16.8,980,661,upcoming,upcoming,True,4,13,59,8,afternoon,False,NDLS,New Delhi,131,987,654,66.0,41.92550000000001,160.0,41.0
12919,2026-08-27,TKJ,Tilak Bridge,129,0.0,16.8,984,657,upcoming,upcoming,False,4,13,59,8,afternoon,False,NDLS,New Delhi,131,987,654,66.0,41.92550000000001,160.0,160.0
12919,2026-08-27,CSB,Shivaji Bridge,130,0.0,16.8,986,655,upcoming,upcoming,False,4,13,59,8,afternoon,False,NDLS,New Delhi,131,987,654,66.0,41.92550000000001,160.0,160.0
12919,2026-08-27,NDLS,New Delhi,131,119.0,66.0,987,654,upcoming,upcoming,True,4,13,59,8,afternoon,False,SNP,Sonipat,142,1031,610,96.4,41.92550000000001,160.0,41.0
12919,2026-08-27,DSB,Sadar Bazar,132,0.0,66.0,988,653,upcoming,upcoming,False,4,13,59,8,afternoon,False,SNP,Sonipat,142,1031,610,96.4,41.92550000000001,160.0,160.0
12919,2026-08-27,SZM,Subzi Mandi,133,0.0,66.0,991,650,upcoming,upcoming,False,4,13,59,8,afternoon,False,SNP,Sonipat,142,1031,610,96.4,41.92550000000001,160.0,160.0
12919,2026-08-27,DAZ,Delhi Azadpur,134,0.0,66.0,995,646,upcoming,upcoming,False,4,13,59,8,afternoon,False,SNP,Sonipat,142,1031,610,96.4,41.92550000000001,160.0,160.0
12919,2026-08-27,ANDI,Adarsh Nagar Delhi,135,0.0,66.0,997,644,upcoming,upcoming,False,4,13,59,8,afternoon,False,SNP,Sonipat,142,1031,610,96.4,41.92550000000001,160.0,160.0
12919,2026-08-27,BHD,Badli,136,0.0,66.0,1001,640,upcoming,upcoming,False,4,13,59,8,afternoon,False,SNP,Sonipat,142,1031,610,96.4,41.92550000000001,160.0,160.0
12919,2026-08-27,KHKN,Khera Kalan,137,0.0,66.0,1005,636,upcoming,upcoming,False,4,13,59,8,afternoon,False,SNP,Sonipat,142,1031,610,96.4,41.92550000000001,160.0,160.0
12919,2026-08-27,HUK,Holambi Kalan,138,0.0,66.0,1009,632,upcoming,upcoming,False,4,13,59,8,afternoon,False,SNP,Sonipat,142,1031,610,96.4,41.92550000000001,160.0,160.0
12919,2026-08-27,NUR,Narela,139,0.0,66.0,1014,627,upcoming,upcoming,False,4,13,59,8,afternoon,False,SNP,Sonipat,142,1031,610,96.4,41.92550000000001,160.0,160.0
12919,2026-08-27,RDDE,Rathdhana,140,0.0,66.0,1021,620,upcoming,upcoming,False,4,13,59,8,afternoon,False,SNP,Sonipat,142,1031,610,96.4,41.92550000000001,160.0,160.0
12919,2026-08-27,HNN,Harana Kalan,141,0.0,66.0,1026,615,upcoming,upcoming,False,4,13,59,8,afternoon,False,SNP,Sonipat,142,1031,610,96.4,41.92550000000001,160.0,160.0
12919,2026-08-27,SNP,Sonipat,142,119.0,96.4,1031,610,upcoming,upcoming,True,4,13,59,8,afternoon,False,PNP,Panipat Jn,149,1076,565,95.5,41.92550000000001,160.0,41.0
12919,2026-08-27,SLKN,Sandal Kalan,143,0.0,96.4,1040,601,upcoming,upcoming,False,4,13,59,8,afternoon,False,PNP,Panipat Jn,149,1076,565,95.5,41.92550000000001,160.0,160.0
12919,2026-08-27,RUG,Rajlu Garhi,144,0.0,96.4,1043,598,upcoming,upcoming,False,4,13,59,8,afternoon,False,PNP,Panipat Jn,149,1076,565,95.5,41.92550000000001,160.0,160.0
12919,2026-08-27,GNU,Ganaur,145,0.0,96.4,1047,594,upcoming,upcoming,False,4,13,59,8,afternoon,False,PNP,Panipat Jn,149,1076,565,95.5,41.92550000000001,160.0,160.0
12919,2026-08-27,BDMJ,Bhodwal Majri,146,0.0,96.4,1053,588,upcoming,upcoming,False,4,13,59,8,afternoon,False,PNP,Panipat Jn,149,1076,565,95.5,41.92550000000001,160.0,160.0
12919,2026-08-27,SMK,Samalkha,147,0.0,96.4,1059,582,upcoming,upcoming,False,4,13,59,8,afternoon,False,PNP,Panipat Jn,149,1076,565,95.5,41.92550000000001,160.0,160.0
12919,2026-08-27,DWNA,Diwana,148,0.0,96.4,1068,573,upcoming,upcoming,False,4,13,59,8,afternoon,False,PNP,Panipat Jn,149,1076,565,95.5,41.92550000000001,160.0,160.0
12919,2026-08-27,PNP,Panipat Jn,149,119.0,95.5,1076,565,upcoming,upcoming,True,4,13,59,8,afternoon,False,KUN,Karnal,154,1111,530,82.5,41.92550000000001,160.0,41.0
12919,2026-08-27,BBDE,Babarpur,150,0.0,95.5,1083,558,upcoming,upcoming,False,4,13,59,8,afternoon,False,KUN,Karnal,154,1111,530,82.5,41.92550000000001,160.0,160.0
12919,2026-08-27,KFU,Kohand,151,0.0,95.5,1088,553,upcoming,upcoming,False,4,13,59,8,afternoon,False,KUN,Karnal,154,1111,530,82.5,41.92550000000001,160.0,160.0
12919,2026-08-27,GRA,Gharaunda,152,0.0,95.5,1093,548,upcoming,upcoming,False,4,13,59,8,afternoon,False,KUN,Karnal,154,1111,530,82.5,41.92550000000001,160.0,160.0
12919,2026-08-27,BZJT,Bazida Jatan,153,0.0,95.5,1101,540,upcoming,upcoming,False,4,13,59,8,afternoon,False,KUN,Karnal,154,1111,530,82.5,41.92550000000001,160.0,160.0
12919,2026-08-27,KUN,Karnal,154,119.0,82.5,1111,530,upcoming,upcoming,True,4,13,59,8,afternoon,False,KKDE,Kurukshetra Jn,159,1144,497,42.4,41.92550000000001,160.0,41.0
12919,2026-08-27,BZK,Bhaini Khurd,155,0.0,82.5,1117,524,upcoming,upcoming,False,4,13,59,8,afternoon,False,KKDE,Kurukshetra Jn,159,1144,497,42.4,41.92550000000001,160.0,160.0
12919,2026-08-27,TRR,Taraori,156,0.0,82.5,1123,518,upcoming,upcoming,False,4,13,59,8,afternoon,False,KKDE,Kurukshetra Jn,159,1144,497,42.4,41.92550000000001,160.0,160.0
12919,2026-08-27,NLKR,Nilokheri,157,0.0,82.5,1127,514,upcoming,upcoming,False,4,13,59,8,afternoon,False,KKDE,Kurukshetra Jn,159,1144,497,42.4,41.92550000000001,160.0,160.0
12919,2026-08-27,AMIN,Amin,158,0.0,82.5,1135,506,upcoming,upcoming,False,4,13,59,8,afternoon,False,KKDE,Kurukshetra Jn,159,1144,497,42.4,41.92550000000001,160.0,160.0
12919,2026-08-27,KKDE,Kurukshetra Jn,159,119.0,42.4,1144,497,upcoming,upcoming,True,4,13,59,8,afternoon,False,UMB,Ambala Cantt Jn,165,1185,456,96.4,41.92550000000001,160.0,41.0
12919,2026-08-27,DHKR,Dhoda Khedi,160,0.0,42.4,1149,492,upcoming,upcoming,False,4,13,59,8,afternoon,False,UMB,Ambala Cantt Jn,165,1185,456,96.4,41.92550000000001,160.0,160.0
12919,2026-08-27,DPP,Dhirpur,161,0.0,42.4,1155,486,upcoming,upcoming,False,4,13,59,8,afternoon,False,UMB,Ambala Cantt Jn,165,1185,456,96.4,41.92550000000001,160.0,160.0
12919,2026-08-27,DHMZ,Dhola Mazra,162,0.0,42.4,1160,481,upcoming,upcoming,False,4,13,59,8,afternoon,False,UMB,Ambala Cantt Jn,165,1185,456,96.4,41.92550000000001,160.0,160.0
12919,2026-08-27,SHDM,Shahbad Marknda,163,0.0,42.4,1166,475,upcoming,upcoming,False,4,13,59,8,afternoon,False,UMB,Ambala Cantt Jn,165,1185,456,96.4,41.92550000000001,160.0,160.0
12919,2026-08-27,MOY,Mohri,164,0.0,42.4,1176,465,upcoming,upcoming,False,4,13,59,8,afternoon,False,UMB,Ambala Cantt Jn,165,1185,456,96.4,41.92550000000001,160.0,160.0
12919,2026-08-27,UMB,Ambala Cantt Jn,165,119.0,96.4,1185,456,upcoming,upcoming,True,4,13,59,8,afternoon,False,SIR,Sirhind Jn,171,1238,403,72.0,41.92550000000001,160.0,41.0
12919,2026-08-27,UBC,Ambala City,166,0.0,96.4,1193,448,upcoming,upcoming,False,4,13,59,8,afternoon,False,SIR,Sirhind Jn,171,1238,403,72.0,41.92550000000001,160.0,160.0
12919,2026-08-27,SMU,Sambhu,167,0.0,96.4,1202,439,upcoming,upcoming,False,4,13,59,8,afternoon,False,SIR,Sirhind Jn,171,1238,403,72.0,41.92550000000001,160.0,160.0
12919,2026-08-27,RPJ,Rajpura Jn,168,0.0,96.4,1213,428,upcoming,upcoming,False,4,13,59,8,afternoon,False,SIR,Sirhind Jn,171,1238,403,72.0,41.92550000000001,160.0,160.0
12919,2026-08-27,SBJ,Sarai Banjara,169,0.0,96.4,1222,419,upcoming,upcoming,False,4,13,59,8,afternoon,False,SIR,Sirhind Jn,171,1238,403,72.0,41.92550000000001,160.0,160.0
12919,2026-08-27,SDY,Sadhoo Garh,170,0.0,96.4,1231,410,upcoming,upcoming,False,4,13,59,8,afternoon,False,SIR,Sirhind Jn,171,1238,403,72.0,41.92550000000001,160.0,160.0
12919,2026-08-27,SIR,Sirhind Jn,171,119.0,72.0,1238,403,upcoming,upcoming,True,4,13,59,8,afternoon,False,KNN,Khanna,173,1256,385,35.3,41.92550000000001,160.0,41.0
12919,2026-08-27,GVG,Govindgarh,172,0.0,72.0,1248,393,upcoming,upcoming,False,4,13,59,8,afternoon,False,KNN,Khanna,173,1256,385,35.3,41.92550000000001,160.0,160.0
12919,2026-08-27,KNN,Khanna,173,119.0,35.3,1256,385,upcoming,upcoming,True,4,13,59,8,afternoon,False,LDH,Ludhiana Jn,179,1299,342,72.6,41.92550000000001,160.0,41.0
12919,2026-08-27,CHA,Chawapall,174,0.0,35.3,1267,374,upcoming,upcoming,False,4,13,59,8,afternoon,False,LDH,Ludhiana Jn,179,1299,342,72.6,41.92550000000001,160.0,160.0
12919,2026-08-27,DOA,Doraha,175,0.0,35.3,1276,365,upcoming,upcoming,False,4,13,59,8,afternoon,False,LDH,Ludhiana Jn,179,1299,342,72.6,41.92550000000001,160.0,160.0
12919,2026-08-27,SNL,Sanahwal,176,0.0,35.3,1284,357,upcoming,upcoming,False,4,13,59,8,afternoon,False,LDH,Ludhiana Jn,179,1299,342,72.6,41.92550000000001,160.0,160.0
12919,2026-08-27,DDL,Dhandari Kalan,177,0.0,35.3,1292,349,upcoming,upcoming,False,4,13,59,8,afternoon,False,LDH,Ludhiana Jn,179,1299,342,72.6,41.92550000000001,160.0,160.0
12919,2026-08-27,BHOI,Dhandarikalan Block Hut (Bhoi),178,0.0,35.3,1296,345,upcoming,upcoming,False,4,13,59,8,afternoon,False,LDH,Ludhiana Jn,179,1299,342,72.6,41.92550000000001,160.0,160.0
12919,2026-08-27,LDH,Ludhiana Jn,179,119.0,72.6,1299,342,upcoming,upcoming,True,4,13,59,8,afternoon,False,JRC,Jalandhar Cantt,187,1351,290,53.5,41.92550000000001,160.0,41.0
12919,2026-08-27,LDW,Ladhowal,180,0.0,72.6,1308,333,upcoming,upcoming,False,4,13,59,8,afternoon,False,JRC,Jalandhar Cantt,187,1351,290,53.5,41.92550000000001,160.0,160.0
12919,2026-08-27,PHR,Phillaur Jn,181,0.0,72.6,1312,329,upcoming,upcoming,False,4,13,59,8,afternoon,False,JRC,Jalandhar Cantt,187,1351,290,53.5,41.92550000000001,160.0,160.0
12919,2026-08-27,BTTN,Bhatian,182,0.0,72.6,1319,322,upcoming,upcoming,False,4,13,59,8,afternoon,False,JRC,Jalandhar Cantt,187,1351,290,53.5,41.92550000000001,160.0,160.0
12919,2026-08-27,GRY,Goraya,183,0.0,72.6,1325,316,upcoming,upcoming,False,4,13,59,8,afternoon,False,JRC,Jalandhar Cantt,187,1351,290,53.5,41.92550000000001,160.0,160.0
12919,2026-08-27,MAUL,Mauli Block Hut,184,0.0,72.6,1329,312,upcoming,upcoming,False,4,13,59,8,afternoon,False,JRC,Jalandhar Cantt,187,1351,290,53.5,41.92550000000001,160.0,160.0
12919,2026-08-27,PGW,Phagwara Jn,185,0.0,72.6,1334,307,upcoming,upcoming,False,4,13,59,8,afternoon,False,JRC,Jalandhar Cantt,187,1351,290,53.5,41.92550000000001,160.0,160.0
12919,2026-08-27,CEU,Chiheru,186,0.0,72.6,1342,299,upcoming,upcoming,False,4,13,59,8,afternoon,False,JRC,Jalandhar Cantt,187,1351,290,53.5,41.92550000000001,160.0,160.0
12919,2026-08-27,JRC,Jalandhar Cantt,187,119.0,53.5,1351,290,upcoming,upcoming,True,4,13,59,8,afternoon,False,DZA,Dasuya,196,1409,232,60.0,41.92550000000001,160.0,41.0
12919,2026-08-27,SCPD,Suchipind,188,0.0,53.5,1355,286,upcoming,upcoming,False,4,13,59,8,afternoon,False,DZA,Dasuya,196,1409,232,60.0,41.92550000000001,160.0,160.0
12919,2026-08-27,AWL,Alawalpur,189,0.0,53.5,1366,275,upcoming,upcoming,False,4,13,59,8,afternoon,False,DZA,Dasuya,196,1409,232,60.0,41.92550000000001,160.0,160.0
12919,2026-08-27,KKL,Kala Bakra,190,0.0,53.5,1371,270,upcoming,upcoming,False,4,13,59,8,afternoon,False,DZA,Dasuya,196,1409,232,60.0,41.92550000000001,160.0,160.0
12919,2026-08-27,BPRS,Bhogpur Sirwal,191,0.0,53.5,1380,261,upcoming,upcoming,False,4,13,59,8,afternoon,False,DZA,Dasuya,196,1409,232,60.0,41.92550000000001,160.0,160.0
12919,2026-08-27,CGH,Cholang,192,0.0,53.5,1387,254,upcoming,upcoming,False,4,13,59,8,afternoon,False,DZA,Dasuya,196,1409,232,60.0,41.92550000000001,160.0,160.0
12919,2026-08-27,TDO,Tanda Urmar,193,0.0,53.5,1393,248,upcoming,upcoming,False,4,13,59,8,afternoon,False,DZA,Dasuya,196,1409,232,60.0,41.92550000000001,160.0,160.0
12919,2026-08-27,KZX,Khudda Korala,194,0.0,53.5,1401,240,upcoming,upcoming,False,4,13,59,8,afternoon,False,DZA,Dasuya,196,1409,232,60.0,41.92550000000001,160.0,160.0
12919,2026-08-27,GSB,Garna Sahib,195,0.0,53.5,1406,235,upcoming,upcoming,False,4,13,59,8,afternoon,False,DZA,Dasuya,196,1409,232,60.0,41.92550000000001,160.0,160.0
12919,2026-08-27,DZA,Dasuya,196,119.0,60.0,1409,232,upcoming,upcoming,True,4,13,59,8,afternoon,False,MEX,Mukerian,198,1424,217,88.9,41.92550000000001,160.0,41.0
12919,2026-08-27,UCB,Unchi Bassi,197,0.0,60.0,1415,226,upcoming,upcoming,False,4,13,59,8,afternoon,False,MEX,Mukerian,198,1424,217,88.9,41.92550000000001,160.0,160.0
12919,2026-08-27,MEX,Mukerian,198,119.0,88.9,1424,217,upcoming,upcoming,True,4,13,59,8,afternoon,False,PTKC,Pathankot Cantt,203,1464,177,36.3,41.92550000000001,160.0,41.0
12919,2026-08-27,BNGL,Bhangala,199,0.0,88.9,1434,207,upcoming,upcoming,False,4,13,59,8,afternoon,False,PTKC,Pathankot Cantt,203,1464,177,36.3,41.92550000000001,160.0,160.0
12919,2026-08-27,MRTL,Mirthal,200,0.0,88.9,1444,197,upcoming,upcoming,False,4,13,59,8,afternoon,False,PTKC,Pathankot Cantt,203,1464,177,36.3,41.92550000000001,160.0,160.0
12919,2026-08-27,GILA,Ghiala,201,0.0,88.9,1450,191,upcoming,upcoming,False,4,13,59,8,afternoon,False,PTKC,Pathankot Cantt,203,1464,177,36.3,41.92550000000001,160.0,160.0
12919,2026-08-27,KNDI,Kandrori,202,0.0,88.9,1455,186,upcoming,upcoming,False,4,13,59,8,afternoon,False,PTKC,Pathankot Cantt,203,1464,177,36.3,41.92550000000001,160.0,160.0
12919,2026-08-27,PTKC,Pathankot Cantt,203,119.0,36.3,1464,177,upcoming,upcoming,True,4,13,59,8,afternoon,False,MSKT,Martyr Cptn Sunil Kr Choudhary Kathua,207,1487,154,57.0,41.92550000000001,160.0,41.0
12919,2026-08-27,BHRL,Bharoli Jn,204,0.0,36.3,1467,174,upcoming,upcoming,False,4,13,59,8,afternoon,False,MSKT,Martyr Cptn Sunil Kr Choudhary Kathua,207,1487,154,57.0,41.92550000000001,160.0,160.0
12919,2026-08-27,SJNP,Sujanpur,205,0.0,36.3,1472,169,upcoming,upcoming,False,4,13,59,8,afternoon,False,MSKT,Martyr Cptn Sunil Kr Choudhary Kathua,207,1487,154,57.0,41.92550000000001,160.0,160.0
12919,2026-08-27,MDPB,Madhopur Punjab,206,0.0,36.3,1479,162,upcoming,upcoming,False,4,13,59,8,afternoon,False,MSKT,Martyr Cptn Sunil Kr Choudhary Kathua,207,1487,154,57.0,41.92550000000001,160.0,160.0
12919,2026-08-27,MSKT,Martyr Cptn Sunil Kr Choudhary Kathua,207,119.0,57.0,1487,154,upcoming,upcoming,True,4,13,59,8,afternoon,False,JAT,Jammutavi,216,1563,78,60.0,41.92550000000001,160.0,41.0
12919,2026-08-27,BDHY,Budhi,208,0.0,57.0,1500,141,upcoming,upcoming,False,4,13,59,8,afternoon,False,JAT,Jammutavi,216,1563,78,60.0,41.92550000000001,160.0,160.0
12919,2026-08-27,CHNR,Chhan Arorian,209,0.0,57.0,1507,134,upcoming,upcoming,False,4,13,59,8,afternoon,False,JAT,Jammutavi,216,1563,78,60.0,41.92550000000001,160.0,160.0
12919,2026-08-27,CKDL,Chakdayala,210,0.0,57.0,1513,128,upcoming,upcoming,False,4,13,59,8,afternoon,False,JAT,Jammutavi,216,1563,78,60.0,41.92550000000001,160.0,160.0
12919,2026-08-27,HRNR,Hira Nagar,211,0.0,57.0,1516,125,upcoming,upcoming,False,4,13,59,8,afternoon,False,JAT,Jammutavi,216,1563,78,60.0,41.92550000000001,160.0,160.0
12919,2026-08-27,GHGL,Ghagwal,212,0.0,57.0,1522,119,upcoming,upcoming,False,4,13,59,8,afternoon,False,JAT,Jammutavi,216,1563,78,60.0,41.92550000000001,160.0,160.0
12919,2026-08-27,SMBX,Samba,213,0.0,57.0,1531,110,upcoming,upcoming,False,4,13,59,8,afternoon,False,JAT,Jammutavi,216,1563,78,60.0,41.92550000000001,160.0,160.0
12919,2026-08-27,VJPJ,Vijiypur Jammu,214,0.0,57.0,1542,99,upcoming,upcoming,False,4,13,59,8,afternoon,False,JAT,Jammutavi,216,1563,78,60.0,41.92550000000001,160.0,160.0
12919,2026-08-27,BBMN,Bari Brahman,215,0.0,57.0,1555,86,upcoming,upcoming,False,4,13,59,8,afternoon,False,JAT,Jammutavi,216,1563,78,60.0,41.92550000000001,160.0,160.0
12919,2026-08-27,JAT,Jammutavi,216,119.0,60.0,1563,78,upcoming,upcoming,True,4,13,59,8,afternoon,False,RMJK,Ram Nagar,220,1607,34,27.3,41.92550000000001,160.0,41.0
12919,2026-08-27,BLA,Bajalta,217,0.0,60.0,1574,67,upcoming,upcoming,False,4,13,59,8,afternoon,False,RMJK,Ram Nagar,220,1607,34,27.3,41.92550000000001,160.0,160.0
12919,2026-08-27,SGRR,Sanger,218,0.0,60.0,1585,56,upcoming,upcoming,False,4,13,59,8,afternoon,False,RMJK,Ram Nagar,220,1607,34,27.3,41.92550000000001,160.0,160.0
12919,2026-08-27,MNWL,Manwal,219,0.0,60.0,1595,46,upcoming,upcoming,False,4,13,59,8,afternoon,False,RMJK,Ram Nagar,220,1607,34,27.3,41.92550000000001,160.0,160.0
12919,2026-08-27,RMJK,Ram Nagar,220,119.0,27.3,1607,34,upcoming,upcoming,True,4,13,59,8,afternoon,False,MCTM,MCTM Udhampur,221,1617,24,41.5,41.92550000000001,160.0,41.0
12919,2026-08-27,MCTM,MCTM Udhampur,221,119.0,41.5,1617,24,upcoming,upcoming,True,4,13,59,8,afternoon,False,CRWL,Chakrakwala,222,1626,15,30.0,41.92550000000001,160.0,41.0
12919,2026-08-27,CRWL,Chakrakwala,222,119.0,30.0,1626,15,upcoming,upcoming,True,4,13,59,8,afternoon,False,SVDK,Shri Mata Vaishno Devi Katra,223,1641,0,,41.92550000000001,160.0,41.0
12920,2026-08-27,SVDK,Shri Mata Vaishno Devi Katra,1,10.0,68.6,0,1641,departed,departed,True,4,13,54,8,afternoon,False,CRWL,Chakrakwala,2,16,1625,31.8,4.11655,10.0,0.0
12920,2026-08-27,CRWL,Chakrakwala,2,10.0,31.8,16,1625,departed,departed,True,4,13,54,8,afternoon,False,MCTM,MCTM Udhampur,3,25,1616,38.6,4.11655,4.0,-6.0
12920,2026-08-27,MCTM,MCTM Udhampur,3,4.0,38.6,25,1616,departed,departed,True,4,13,54,8,afternoon,False,RMJK,Ram Nagar,4,34,1607,48.9,4.11655,13.0,9.0
12920,2026-08-27,RMJK,Ram Nagar,4,13.0,48.9,34,1607,departed,departed,True,4,13,54,8,afternoon,False,MNWL,Manwal,5,46,1595,48.9,4.11655,0.0,-13.0
12920,2026-08-27,MNWL,Manwal,5,0.0,48.9,46,1595,departed,departed,False,4,13,54,8,afternoon,False,SGRR,Sanger,6,56,1585,48.9,4.11655,0.0,0.0
12920,2026-08-27,SGRR,Sanger,6,0.0,48.9,56,1585,departed,departed,False,4,13,54,8,afternoon,False,BLA,Bajalta,7,67,1574,48.9,4.11655,0.0,0.0
12920,2026-08-27,BLA,Bajalta,7,0.0,48.9,67,1574,departed,departed,False,4,13,54,8,afternoon,False,JAT,Jammutavi,8,78,1563,70.2,4.11655,3.0,3.0
12920,2026-08-27,JAT,Jammutavi,8,3.0,70.2,78,1563,departed,departed,True,4,13,54,8,afternoon,False,BBMN,Bari Brahman,9,86,1555,70.2,4.11655,0.0,-3.0
12920,2026-08-27,BBMN,Bari Brahman,9,0.0,70.2,86,1555,departed,departed,False,4,13,54,8,afternoon,False,VJPJ,Vijiypur Jammu,10,99,1542,70.2,4.11655,0.0,0.0
12920,2026-08-27,VJPJ,Vijiypur Jammu,10,0.0,70.2,99,1542,departed,departed,False,4,13,54,8,afternoon,False,SMBX,Samba,11,110,1531,70.2,4.11655,0.0,0.0
12920,2026-08-27,SMBX,Samba,11,0.0,70.2,110,1531,departed,departed,False,4,13,54,8,afternoon,False,GHGL,Ghagwal,12,120,1521,70.2,4.11655,0.0,0.0
12920,2026-08-27,GHGL,Ghagwal,12,0.0,70.2,120,1521,departed,departed,False,4,13,54,8,afternoon,False,HRNR,Hira Nagar,13,125,1516,70.2,4.11655,0.0,0.0
12920,2026-08-27,HRNR,Hira Nagar,13,0.0,70.2,125,1516,departed,departed,False,4,13,54,8,afternoon,False,CKDL,Chakdayala,14,129,1512,70.2,4.11655,0.0,0.0
12920,2026-08-27,CKDL,Chakdayala,14,0.0,70.2,129,1512,departed,departed,False,4,13,54,8,afternoon,False,CHNR,Chhan Arorian,15,134,1507,70.2,4.11655,0.0,0.0
12920,2026-08-27,CHNR,Chhan Arorian,15,0.0,70.2,134,1507,departed,departed,False,4,13,54,8,afternoon,False,BDHY,Budhi,16,142,1499,70.2,4.11655,0.0,0.0
12920,2026-08-27,BDHY,Budhi,16,0.0,70.2,142,1499,departed,departed,False,4,13,54,8,afternoon,False,MDPB,Madhopur Punjab,18,162,1479,37.9,4.11655,0.0,0.0
12920,2026-08-27,MSKT,Martyr Cptn Sunil Kr Choudhary Kathua,17,0.0,37.9,154,1487,departed,departed,True,4,13,54,8,afternoon,False,MDPB,Madhopur Punjab,18,162,1479,37.9,4.11655,0.0,0.0
12920,2026-08-27,MDPB,Madhopur Punjab,18,0.0,37.9,162,1479,departed,departed,False,4,13,54,8,afternoon,False,SJNP,Sujanpur,19,169,1472,37.9,4.11655,0.0,0.0
12920,2026-08-27,SJNP,Sujanpur,19,0.0,37.9,169,1472,departed,departed,False,4,13,54,8,afternoon,False,BHRL,Bharoli Jn,20,175,1466,37.9,4.11655,0.0,0.0
12920,2026-08-27,BHRL,Bharoli Jn,20,0.0,37.9,175,1466,departed,departed,False,4,13,54,8,afternoon,False,PTKC,Pathankot Cantt,21,178,1463,70.9,4.11655,2.0,2.0
12920,2026-08-27,PTKC,Pathankot Cantt,21,2.0,70.9,178,1463,departed,departed,True,4,13,54,8,afternoon,False,KNDI,Kandrori,22,187,1454,70.9,4.11655,0.0,-2.0
12920,2026-08-27,KNDI,Kandrori,22,6.0,70.9,187,1454,departed,departed,False,4,13,54,8,afternoon,False,GILA,Ghiala,23,191,1450,70.9,4.11655,0.0,-6.0
12920,2026-08-27,GILA,Ghiala,23,0.0,70.9,191,1450,departed,departed,False,4,13,54,8,afternoon,False,MRTL,Mirthal,24,197,1444,70.9,4.11655,0.0,0.0
12920,2026-08-27,MRTL,Mirthal,24,2.0,70.9,197,1444,departed,departed,False,4,13,54,8,afternoon,False,BNGL,Bhangala,25,208,1433,70.9,4.11655,0.0,-2.0
12920,2026-08-27,BNGL,Bhangala,25,0.0,70.9,208,1433,departed,departed,False,4,13,54,8,afternoon,False,MEX,Mukerian,26,217,1424,64.0,4.11655,4.0,4.0
12920,2026-08-27,MEX,Mukerian,26,4.0,64.0,217,1424,departed,departed,True,4,13,54,8,afternoon,False,UCB,Unchi Bassi,27,227,1414,64.0,4.11655,0.0,-4.0
12920,2026-08-27,UCB,Unchi Bassi,27,3.0,64.0,227,1414,departed,departed,False,4,13,54,8,afternoon,False,DZA,Dasuya,28,233,1408,52.6,4.11655,2.0,-1.0
12920,2026-08-27,DZA,Dasuya,28,2.0,52.6,233,1408,departed,departed,True,4,13,54,8,afternoon,False,GSB,Garna Sahib,29,236,1405,52.6,4.11655,0.0,-2.0
12920,2026-08-27,GSB,Garna Sahib,29,0.0,52.6,236,1405,departed,departed,False,4,13,54,8,afternoon,False,KZX,Khudda Korala,30,240,1401,52.6,4.11655,0.0,0.0
12920,2026-08-27,KZX,Khudda Korala,30,0.0,52.6,240,1401,departed,departed,False,4,13,54,8,afternoon,False,TDO,Tanda Urmar,31,248,1393,52.6,4.11655,0.0,0.0
12920,2026-08-27,TDO,Tanda Urmar,31,0.0,52.6,248,1393,departed,departed,False,4,13,54,8,afternoon,False,CGH,Cholang,32,254,1387,52.6,4.11655,0.0,0.0
12920,2026-08-27,CGH,Cholang,32,0.0,52.6,254,1387,departed,departed,False,4,13,54,8,afternoon,False,BPRS,Bhogpur Sirwal,33,261,1380,52.6,4.11655,0.0,0.0
12920,2026-08-27,BPRS,Bhogpur Sirwal,33,0.0,52.6,261,1380,departed,departed,False,4,13,54,8,afternoon,False,KKL,Kala Bakra,34,270,1371,52.6,4.11655,0.0,0.0
12920,2026-08-27,KKL,Kala Bakra,34,0.0,52.6,270,1371,departed,departed,False,4,13,54,8,afternoon,False,AWL,Alawalpur,35,276,1365,52.6,4.11655,0.0,0.0
12920,2026-08-27,AWL,Alawalpur,35,0.0,52.6,276,1365,departed,departed,False,4,13,54,8,afternoon,False,SCPD,Suchipind,36,286,1355,52.6,4.11655,0.0,0.0
12920,2026-08-27,SCPD,Suchipind,36,0.0,52.6,286,1355,departed,departed,False,4,13,54,8,afternoon,False,JRC,Jalandhar Cantt,37,290,1351,67.7,4.11655,13.0,13.0
12920,2026-08-27,JRC,Jalandhar Cantt,37,13.0,67.7,290,1351,departed,departed,True,4,13,54,8,afternoon,False,CEU,Chiheru,38,299,1342,67.7,4.11655,0.0,-13.0
12920,2026-08-27,CEU,Chiheru,38,0.0,67.7,299,1342,departed,departed,False,4,13,54,8,afternoon,False,PGW,Phagwara Jn,39,307,1334,67.7,4.11655,0.0,0.0
12920,2026-08-27,PGW,Phagwara Jn,39,0.0,67.7,307,1334,departed,departed,False,4,13,54,8,afternoon,False,MAUL,Mauli Block Hut,40,312,1329,67.7,4.11655,0.0,0.0
12920,2026-08-27,MAUL,Mauli Block Hut,40,0.0,67.7,312,1329,departed,departed,False,4,13,54,8,afternoon,False,GRY,Goraya,41,317,1324,67.7,4.11655,0.0,0.0
12920,2026-08-27,GRY,Goraya,41,0.0,67.7,317,1324,departed,departed,False,4,13,54,8,afternoon,False,BTTN,Bhatian,42,322,1319,67.7,4.11655,0.0,0.0
12920,2026-08-27,BTTN,Bhatian,42,0.0,67.7,322,1319,departed,departed,False,4,13,54,8,afternoon,False,PHR,Phillaur Jn,43,329,1312,67.7,4.11655,0.0,0.0
12920,2026-08-27,PHR,Phillaur Jn,43,0.0,67.7,329,1312,departed,departed,False,4,13,54,8,afternoon,False,LDW,Ladhowal,44,334,1307,67.7,4.11655,0.0,0.0
12920,2026-08-27,LDW,Ladhowal,44,0.0,67.7,334,1307,departed,departed,False,4,13,54,8,afternoon,False,LDH,Ludhiana Jn,45,343,1298,58.6,4.11655,2.0,2.0
12920,2026-08-27,LDH,Ludhiana Jn,45,2.0,58.6,343,1298,departed,departed,True,4,13,54,8,afternoon,False,BHOI,Dhandarikalan Block Hut (Bhoi),46,346,1295,58.6,4.11655,0.0,-2.0
12920,2026-08-27,BHOI,Dhandarikalan Block Hut (Bhoi),46,0.0,58.6,346,1295,departed,departed,False,4,13,54,8,afternoon,False,DDL,Dhandari Kalan,47,350,1291,58.6,4.11655,0.0,0.0
12920,2026-08-27,DDL,Dhandari Kalan,47,9.0,58.6,350,1291,departed,departed,False,4,13,54,8,afternoon,False,SNL,Sanahwal,48,358,1283,58.6,4.11655,0.0,-9.0
12920,2026-08-27,SNL,Sanahwal,48,7.0,58.6,358,1283,departed,departed,False,4,13,54,8,afternoon,False,DOA,Doraha,49,365,1276,58.6,4.11655,0.0,-7.0
12920,2026-08-27,DOA,Doraha,49,0.0,58.6,365,1276,departed,departed,False,4,13,54,8,afternoon,False,CHA,Chawapall,50,374,1267,58.6,4.11655,0.0,0.0
12920,2026-08-27,CHA,Chawapall,50,0.0,58.6,374,1267,departed,departed,False,4,13,54,8,afternoon,False,GVG,Govindgarh,52,393,1248,77.1,4.11655,0.0,0.0
12920,2026-08-27,KNN,Khanna,51,0.0,77.1,385,1256,departed,departed,True,4,13,54,8,afternoon,False,GVG,Govindgarh,52,393,1248,77.1,4.11655,0.0,0.0
12920,2026-08-27,GVG,Govindgarh,52,0.0,77.1,393,1248,departed,departed,False,4,13,54,8,afternoon,False,SIR,Sirhind Jn,53,403,1238,72.3,4.11655,0.0,0.0
12920,2026-08-27,SIR,Sirhind Jn,53,0.0,72.3,403,1238,departed,departed,True,4,13,54,8,afternoon,False,SDY,Sadhoo Garh,54,411,1230,72.3,4.11655,0.0,0.0
12920,2026-08-27,SDY,Sadhoo Garh,54,0.0,72.3,411,1230,departed,departed,False,4,13,54,8,afternoon,False,SBJ,Sarai Banjara,55,419,1222,72.3,4.11655,0.0,0.0
12920,2026-08-27,SBJ,Sarai Banjara,55,0.0,72.3,419,1222,departed,departed,False,4,13,54,8,afternoon,False,RPJ,Rajpura Jn,56,428,1213,72.3,4.11655,0.0,0.0
12920,2026-08-27,RPJ,Rajpura Jn,56,0.0,72.3,428,1213,departed,departed,False,4,13,54,8,afternoon,False,SMU,Sambhu,57,439,1202,72.3,4.11655,0.0,0.0
12920,2026-08-27,SMU,Sambhu,57,0.0,72.3,439,1202,departed,departed,False,4,13,54,8,afternoon,False,UBC,Ambala City,58,449,1192,72.3,4.11655,0.0,0.0
12920,2026-08-27,UBC,Ambala City,58,0.0,72.3,449,1192,departed,departed,False,4,13,54,8,afternoon,False,UMB,Ambala Cantt Jn,59,456,1185,84.0,4.11655,1.0,1.0
12920,2026-08-27,UMB,Ambala Cantt Jn,59,1.0,84.0,456,1185,departed,departed,True,4,13,54,8,afternoon,False,MOY,Mohri,60,465,1176,84.0,4.11655,0.0,-1.0
12920,2026-08-27,MOY,Mohri,60,0.0,84.0,465,1176,departed,departed,False,4,13,54,8,afternoon,False,SHDM,Shahbad Marknda,61,476,1165,84.0,4.11655,0.0,0.0
12920,2026-08-27,SHDM,Shahbad Marknda,61,0.0,84.0,476,1165,departed,departed,False,4,13,54,8,afternoon,False,DHMZ,Dhola Mazra,62,481,1160,84.0,4.11655,0.0,0.0
12920,2026-08-27,DHMZ,Dhola Mazra,62,4.0,84.0,481,1160,departed,departed,False,4,13,54,8,afternoon,False,DPP,Dhirpur,63,487,1154,84.0,4.11655,0.0,-4.0
12920,2026-08-27,DPP,Dhirpur,63,0.0,84.0,487,1154,departed,departed,False,4,13,54,8,afternoon,False,DHKR,Dhoda Khedi,64,492,1149,84.0,4.11655,0.0,0.0
12920,2026-08-27,DHKR,Dhoda Khedi,64,0.0,84.0,492,1149,departed,departed,False,4,13,54,8,afternoon,False,KKDE,Kurukshetra Jn,65,498,1143,86.1,4.11655,5.0,5.0
12920,2026-08-27,KKDE,Kurukshetra Jn,65,5.0,86.1,498,1143,departed,departed,True,4,13,54,8,afternoon,False,AMIN,Amin,66,506,1135,86.1,4.11655,0.0,-5.0
12920,2026-08-27,AMIN,Amin,66,0.0,86.1,506,1135,departed,departed,False,4,13,54,8,afternoon,False,NLKR,Nilokheri,67,515,1126,86.1,4.11655,0.0,0.0
12920,2026-08-27,NLKR,Nilokheri,67,0.0,86.1,515,1126,departed,departed,False,4,13,54,8,afternoon,False,TRR,Taraori,68,519,1122,86.1,4.11655,0.0,0.0
12920,2026-08-27,TRR,Taraori,68,0.0,86.1,519,1122,departed,departed,False,4,13,54,8,afternoon,False,BZK,Bhaini Khurd,69,524,1117,86.1,4.11655,0.0,0.0
12920,2026-08-27,BZK,Bhaini Khurd,69,0.0,86.1,524,1117,departed,departed,False,4,13,54,8,afternoon,False,KUN,Karnal,70,531,1110,92.7,4.11655,3.0,3.0
12920,2026-08-27,KUN,Karnal,70,3.0,92.7,531,1110,departed,departed,True,4,13,54,8,afternoon,False,BZJT,Bazida Jatan,71,540,1101,92.7,4.11655,0.0,-3.0
12920,2026-08-27,BZJT,Bazida Jatan,71,0.0,92.7,540,1101,departed,departed,False,4,13,54,8,afternoon,False,GRA,Gharaunda,72,548,1093,92.7,4.11655,0.0,0.0
12920,2026-08-27,GRA,Gharaunda,72,0.0,92.7,548,1093,departed,departed,False,4,13,54,8,afternoon,False,KFU,Kohand,73,554,1087,92.7,4.11655,0.0,0.0
12920,2026-08-27,KFU,Kohand,73,0.0,92.7,554,1087,departed,departed,False,4,13,54,8,afternoon,False,BBDE,Babarpur,74,559,1082,92.7,4.11655,0.0,0.0
12920,2026-08-27,BBDE,Babarpur,74,0.0,92.7,559,1082,departed,departed,False,4,13,54,8,afternoon,False,PNP,Panipat Jn,75,565,1076,96.4,4.11655,10.0,10.0
12920,2026-08-27,PNP,Panipat Jn,75,10.0,96.4,565,1076,departed,departed,True,4,13,54,8,afternoon,False,DWNA,Diwana,76,573,1068,96.4,4.11655,0.0,-10.0
12920,2026-08-27,DWNA,Diwana,76,0.0,96.4,573,1068,departed,departed,False,4,13,54,8,afternoon,False,SMK,Samalkha,77,582,1059,96.4,4.11655,0.0,0.0
12920,2026-08-27,SMK,Samalkha,77,0.0,96.4,582,1059,departed,departed,False,4,13,54,8,afternoon,False,BDMJ,Bhodwal Majri,78,589,1052,96.4,4.11655,0.0,0.0
12920,2026-08-27,BDMJ,Bhodwal Majri,78,0.0,96.4,589,1052,departed,departed,False,4,13,54,8,afternoon,False,GNU,Ganaur,79,594,1047,96.4,4.11655,0.0,0.0
12920,2026-08-27,GNU,Ganaur,79,0.0,96.4,594,1047,departed,departed,False,4,13,54,8,afternoon,False,RUG,Rajlu Garhi,80,599,1042,96.4,4.11655,0.0,0.0
12920,2026-08-27,RUG,Rajlu Garhi,80,0.0,96.4,599,1042,departed,departed,False,4,13,54,8,afternoon,False,SLKN,Sandal Kalan,81,602,1039,96.4,4.11655,0.0,0.0
12920,2026-08-27,SLKN,Sandal Kalan,81,12.0,96.4,602,1039,departed,departed,False,4,13,54,8,afternoon,False,SNP,Sonipat,82,610,1031,61.5,4.11655,19.0,7.0
12920,2026-08-27,SNP,Sonipat,82,17.0,61.5,610,1031,departed,departed,True,4,13,54,8,afternoon,False,HNN,Harana Kalan,83,616,1025,61.5,4.11655,0.0,-17.0
12920,2026-08-27,HNN,Harana Kalan,83,0.0,61.5,616,1025,departed,departed,False,4,13,54,8,afternoon,False,RDDE,Rathdhana,84,621,1020,61.5,4.11655,0.0,0.0
12920,2026-08-27,RDDE,Rathdhana,84,17.0,61.5,621,1020,departed,departed,False,4,13,54,8,afternoon,False,NUR,Narela,85,627,1014,61.5,4.11655,14.0,-3.0
12920,2026-08-27,NUR,Narela,85,0.0,61.5,627,1014,upcoming,upcoming,False,4,13,54,8,afternoon,False,HUK,Holambi Kalan,86,633,1008,61.5,4.11655,0.0,0.0
12920,2026-08-27,HUK,Holambi Kalan,86,0.0,61.5,633,1008,upcoming,upcoming,False,4,13,54,8,afternoon,False,KHKN,Khera Kalan,87,636,1005,61.5,4.11655,0.0,0.0
12920,2026-08-27,KHKN,Khera Kalan,87,0.0,61.5,636,1005,upcoming,upcoming,False,4,13,54,8,afternoon,False,BHD,Badli,88,640,1001,61.5,4.11655,0.0,0.0
12920,2026-08-27,BHD,Badli,88,0.0,61.5,640,1001,upcoming,upcoming,False,4,13,54,8,afternoon,False,ANDI,Adarsh Nagar Delhi,89,644,997,61.5,4.11655,0.0,0.0
12920,2026-08-27,ANDI,Adarsh Nagar Delhi,89,0.0,61.5,644,997,upcoming,upcoming,False,4,13,54,8,afternoon,False,DAZ,Delhi Azadpur,90,646,995,61.5,4.11655,0.0,0.0
12920,2026-08-27,DAZ,Delhi Azadpur,90,0.0,61.5,646,995,upcoming,upcoming,False,4,13,54,8,afternoon,False,SZM,Subzi Mandi,91,651,990,6.5,4.11655,16.0,16.0
12920,2026-08-27,SZM,Subzi Mandi,91,19.0,6.5,651,990,upcoming,upcoming,True,4,13,54,8,afternoon,False,DSB,Sadar Bazar,92,653,988,6.5,4.11655,0.0,-19.0
12920,2026-08-27,DSB,Sadar Bazar,92,0.0,6.5,653,988,upcoming,upcoming,False,4,13,54,8,afternoon,False,NDLS,New Delhi,93,655,986,54.2,4.11655,16.0,16.0
12920,2026-08-27,NDLS,New Delhi,93,19.0,54.2,655,986,upcoming,upcoming,True,4,13,54,8,afternoon,False,CSB,Shivaji Bridge,94,656,985,54.2,4.11655,0.0,-19.0
12920,2026-08-27,CSB,Shivaji Bridge,94,0.0,54.2,656,985,upcoming,upcoming,False,4,13,54,8,afternoon,False,TKJ,Tilak Bridge,95,657,984,54.2,4.11655,0.0,0.0
12920,2026-08-27,TKJ,Tilak Bridge,95,0.0,54.2,657,984,upcoming,upcoming,False,4,13,54,8,afternoon,False,NZM,Hazrat Nizamuddin Jn,96,662,979,54.2,4.11655,0.0,0.0
12920,2026-08-27,NZM,Hazrat Nizamuddin Jn,96,0.0,54.2,662,979,upcoming,upcoming,False,4,13,54,8,afternoon,False,OKA,Okhla,97,665,976,54.2,4.11655,0.0,0.0
12920,2026-08-27,OKA,Okhla,97,0.0,54.2,665,976,upcoming,upcoming,False,4,13,54,8,afternoon,False,TKD,Tuglakabad,98,672,969,54.2,4.11655,0.0,0.0
12920,2026-08-27,TKD,Tuglakabad,98,0.0,54.2,672,969,upcoming,upcoming,False,4,13,54,8,afternoon,False,TKDC,Tuglakabad Jn Cabin,99,678,963,54.2,4.11655,0.0,0.0
12920,2026-08-27,TKDC,Tuglakabad Jn Cabin,99,0.0,54.2,678,963,upcoming,upcoming,False,4,13,54,8,afternoon,False,FDB,Faridabad,100,683,958,53.3,4.11655,16.0,16.0
12920,2026-08-27,FDB,Faridabad,100,19.0,53.3,683,958,upcoming,upcoming,True,4,13,54,8,afternoon,False,FDN,Faridabad Nw Tn,101,687,954,53.3,4.11655,0.0,-19.0
12920,2026-08-27,FDN,Faridabad Nw Tn,101,0.0,53.3,687,954,upcoming,upcoming,False,4,13,54,8,afternoon,False,BVH,Ballabgarh,102,691,950,48.5,4.11655,16.0,16.0
12920,2026-08-27,BVH,Ballabgarh,102,19.0,48.5,691,950,upcoming,upcoming,True,4,13,54,8,afternoon,False,AST,Asaoti,103,701,940,48.5,4.11655,0.0,-19.0
12920,2026-08-27,AST,Asaoti,103,0.0,48.5,701,940,upcoming,upcoming,False,4,13,54,8,afternoon,False,PWL,Palwal,104,712,929,96.9,4.11655,16.0,16.0
12920,2026-08-27,PWL,Palwal,104,19.0,96.9,712,929,upcoming,upcoming,True,4,13,54,8,afternoon,False,RDE,Rundhi,105,721,920,96.9,4.11655,0.0,-19.0
12920,2026-08-27,RDE,Rundhi,105,0.0,96.9,721,920,upcoming,upcoming,False,4,13,54,8,afternoon,False,SHLK,Sholaka,106,731,910,96.9,4.11655,0.0,0.0
12920,2026-08-27,SHLK,Sholaka,106,0.0,96.9,731,910,upcoming,upcoming,False,4,13,54,8,afternoon,False,BNCR,Banchari,107,735,906,96.9,4.11655,0.0,0.0
12920,2026-08-27,BNCR,Banchari,107,0.0,96.9,735,906,upcoming,upcoming,False,4,13,54,8,afternoon,False,HDL,Hodal,108,742,899,96.9,4.11655,0.0,0.0
12920,2026-08-27,HDL,Hodal,108,0.0,96.9,742,899,upcoming,upcoming,False,4,13,54,8,afternoon,False,KSV,Kosi Kalan,109,754,887,87.9,4.11655,16.0,16.0
12920,2026-08-27,KSV,Kosi Kalan,109,19.0,87.9,754,887,upcoming,upcoming,True,4,13,54,8,afternoon,False,CHJ,Chata,110,764,877,87.9,4.11655,0.0,-19.0
12920,2026-08-27,CHJ,Chata,110,0.0,87.9,764,877,upcoming,upcoming,False,4,13,54,8,afternoon,False,AJH,Ajhai,111,774,867,87.9,4.11655,0.0,0.0
12920,2026-08-27,AJH,Ajhai,111,0.0,87.9,774,867,upcoming,upcoming,False,4,13,54,8,afternoon,False,VRBD,Vrindaban Road,112,785,856,87.9,4.11655,0.0,0.0
12920,2026-08-27,VRBD,Vrindaban Road,112,0.0,87.9,785,856,upcoming,upcoming,False,4,13,54,8,afternoon,False,BTSR,Bhuteshwar,113,793,848,87.9,4.11655,0.0,0.0
12920,2026-08-27,BTSR,Bhuteshwar,113,0.0,87.9,793,848,upcoming,upcoming,False,4,13,54,8,afternoon,False,MTJ,Mathura Jn,114,795,846,90.9,4.11655,16.0,16.0
12920,2026-08-27,MTJ,Mathura Jn,114,19.0,90.9,795,846,upcoming,upcoming,True,4,13,54,8,afternoon,False,BAD,Bad,115,805,836,90.9,4.11655,0.0,-19.0
12920,2026-08-27,BAD,Bad,115,0.0,90.9,805,836,upcoming,upcoming,False,4,13,54,8,afternoon,False,FAR,Farah,116,814,827,90.9,4.11655,0.0,0.0
12920,2026-08-27,FAR,Farah,116,0.0,90.9,814,827,upcoming,upcoming,False,4,13,54,8,afternoon,False,DDDM,Deen Dayal Dham,117,817,824,90.9,4.11655,0.0,0.0
12920,2026-08-27,DDDM,Deen Dayal Dham,117,0.0,90.9,817,824,upcoming,upcoming,False,4,13,54,8,afternoon,False,KXM,Kitham,118,825,816,90.9,4.11655,0.0,0.0
12920,2026-08-27,KXM,Kitham,118,0.0,90.9,825,816,upcoming,upcoming,False,4,13,54,8,afternoon,False,RNKA,Runkuta,119,834,807,90.9,4.11655,0.0,0.0
12920,2026-08-27,RNKA,Runkuta,119,0.0,90.9,834,807,upcoming,upcoming,False,4,13,54,8,afternoon,False,BFP,Bilochpura,120,843,798,90.9,4.11655,0.0,0.0
12920,2026-08-27,BFP,Bilochpura,120,0.0,90.9,843,798,upcoming,upcoming,False,4,13,54,8,afternoon,False,RKM,Raja ki Mandi Jn,121,845,796,90.9,4.11655,0.0,0.0
12920,2026-08-27,RKM,Raja ki Mandi Jn,121,0.0,90.9,845,796,upcoming,upcoming,False,4,13,54,8,afternoon,False,AGC,Agra Cantt Jn,122,848,793,60.0,4.11655,16.0,16.0
12920,2026-08-27,AGC,Agra Cantt Jn,122,19.0,60.0,848,793,upcoming,upcoming,True,4,13,54,8,afternoon,False,BHA,Bhandai Jn,123,859,782,60.0,4.11655,0.0,-19.0
12920,2026-08-27,BHA,Bhandai Jn,123,0.0,60.0,859,782,upcoming,upcoming,False,4,13,54,8,afternoon,False,JJ,Jajau,124,874,767,60.0,4.11655,0.0,0.0
12920,2026-08-27,JJ,Jajau,124,0.0,60.0,874,767,upcoming,upcoming,False,4,13,54,8,afternoon,False,MIA,Mania,125,888,753,60.0,4.11655,0.0,0.0
12920,2026-08-27,MIA,Mania,125,0.0,60.0,888,753,upcoming,upcoming,False,4,13,54,8,afternoon,False,DHO,Dhaulpur,126,901,740,46.3,4.11655,16.0,16.0
12920,2026-08-27,DHO,Dhaulpur,126,19.0,46.3,901,740,upcoming,upcoming,True,4,13,54,8,afternoon,False,HET,Hetampur,127,914,727,46.3,4.11655,0.0,-19.0
12920,2026-08-27,HET,Hetampur,127,0.0,46.3,914,727,upcoming,upcoming,False,4,13,54,8,afternoon,False,SIKD,Sikroda Kwanri,128,920,721,46.3,4.11655,0.0,0.0
12920,2026-08-27,SIKD,Sikroda Kwanri,128,0.0,46.3,920,721,upcoming,upcoming,False,4,13,54,8,afternoon,False,MRA,Morena,129,928,713,83.6,4.11655,16.0,16.0
12920,2026-08-27,MRA,Morena,129,19.0,83.6,928,713,upcoming,upcoming,True,4,13,54,8,afternoon,False,SANK,Sank,130,938,703,83.6,4.11655,0.0,-19.0
12920,2026-08-27,SANK,Sank,130,0.0,83.6,938,703,upcoming,upcoming,False,4,13,54,8,afternoon,False,NUB,Nurabad,131,942,699,83.6,4.11655,0.0,0.0
12920,2026-08-27,NUB,Nurabad,131,0.0,83.6,942,699,upcoming,upcoming,False,4,13,54,8,afternoon,False,BAO,Banmor,132,948,693,83.6,4.11655,0.0,0.0
12920,2026-08-27,BAO,Banmor,132,0.0,83.6,948,693,upcoming,upcoming,False,4,13,54,8,afternoon,False,RRU,Rayaru,133,954,687,83.6,4.11655,0.0,0.0
12920,2026-08-27,RRU,Rayaru,133,0.0,83.6,954,687,upcoming,upcoming,False,4,13,54,8,afternoon,False,BLNR,Birlanagar,134,964,677,83.6,4.11655,0.0,0.0
12920,2026-08-27,BLNR,Birlanagar,134,0.0,83.6,964,677,upcoming,upcoming,False,4,13,54,8,afternoon,False,GWL,Gwalior Jn,135,967,674,64.5,4.11655,16.0,16.0
12920,2026-08-27,GWL,Gwalior Jn,135,19.0,64.5,967,674,upcoming,upcoming,True,4,13,54,8,afternoon,False,STLI,Sithouli,136,975,666,64.5,4.11655,0.0,-19.0
12920,2026-08-27,STLI,Sithouli,136,0.0,64.5,975,666,upcoming,upcoming,False,4,13,54,8,afternoon,False,SLV,Sandalpur,137,983,658,64.5,4.11655,0.0,0.0
12920,2026-08-27,SLV,Sandalpur,137,0.0,64.5,983,658,upcoming,upcoming,False,4,13,54,8,afternoon,False,ARI,Antri,138,990,651,64.5,4.11655,0.0,0.0
12920,2026-08-27,ARI,Antri,138,0.0,64.5,990,651,upcoming,upcoming,False,4,13,54,8,afternoon,False,AEH,Anant Paith,139,1001,640,64.5,4.11655,0.0,0.0
12920,2026-08-27,AEH,Anant Paith,139,0.0,64.5,1001,640,upcoming,upcoming,False,4,13,54,8,afternoon,False,SMTL,Simariatal,140,1005,636,64.5,4.11655,0.0,0.0
12920,2026-08-27,SMTL,Simariatal,140,0.0,64.5,1005,636,upcoming,upcoming,False,4,13,54,8,afternoon,False,DBA,Dabra,141,1010,631,77.5,4.11655,16.0,16.0
12920,2026-08-27,DBA,Dabra,141,19.0,77.5,1010,631,upcoming,upcoming,True,4,13,54,8,afternoon,False,KTRA,Kotra,142,1020,621,77.5,4.11655,0.0,-19.0
12920,2026-08-27,KTRA,Kotra,142,0.0,77.5,1020,621,upcoming,upcoming,False,4,13,54,8,afternoon,False,SOR,Sonagir,143,1029,612,77.5,4.11655,0.0,0.0
12920,2026-08-27,SOR,Sonagir,143,0.0,77.5,1029,612,upcoming,upcoming,False,4,13,54,8,afternoon,False,DAA,Datia,144,1041,600,41.1,4.11655,16.0,16.0
12920,2026-08-27,DAA,Datia,144,19.0,41.1,1041,600,upcoming,upcoming,True,4,13,54,8,afternoon,False,CIRL,Chirula,145,1048,593,41.1,4.11655,0.0,-19.0
12920,2026-08-27,CIRL,Chirula,145,0.0,41.1,1048,593,upcoming,upcoming,False,4,13,54,8,afternoon,False,KRQ,Karari,146,1054,587,41.1,4.11655,0.0,0.0
12920,2026-08-27,KRQ,Karari,146,0.0,41.1,1054,587,upcoming,upcoming,False,4,13,54,8,afternoon,False,VGLJ,Veerangana Lakshmibai Jhansi,147,1065,576,60.0,4.11655,16.0,16.0
12920,2026-08-27,VGLJ,Veerangana Lakshmibai Jhansi,147,19.0,60.0,1065,576,upcoming,upcoming,True,4,13,54,8,afternoon,False,BJI,Bijauli,148,1073,568,60.0,4.11655,0.0,-19.0
12920,2026-08-27,BJI,Bijauli,148,0.0,60.0,1073,568,upcoming,upcoming,False,4,13,54,8,afternoon,False,KHJ,Khajraha,149,1081,560,60.0,4.11655,0.0,0.0
12920,2026-08-27,KHJ,Khajraha,149,0.0,60.0,1081,560,upcoming,upcoming,False,4,13,54,8,afternoon,False,BAB,Babina,150,1089,552,92.9,4.11655,16.0,16.0
12920,2026-08-27,BAB,Babina,150,19.0,92.9,1089,552,upcoming,upcoming,True,4,13,54,8,afternoon,False,BPW,Burhpura,151,1094,547,92.9,4.11655,0.0,-19.0
12920,2026-08-27,BPW,Burhpura,151,0.0,92.9,1094,547,upcoming,upcoming,False,4,13,54,8,afternoon,False,BZY,Basai,152,1101,540,92.9,4.11655,0.0,0.0
12920,2026-08-27,BZY,Basai,152,0.0,92.9,1101,540,upcoming,upcoming,False,4,13,54,8,afternoon,False,MZX,Matatila,153,1109,532,92.9,4.11655,0.0,0.0
12920,2026-08-27,MZX,Matatila,153,0.0,92.9,1109,532,upcoming,upcoming,False,4,13,54,8,afternoon,False,TBT,Talbahat,154,1114,527,92.9,4.11655,0.0,0.0
12920,2026-08-27,TBT,Talbahat,154,0.0,92.9,1114,527,upcoming,upcoming,False,4,13,54,8,afternoon,False,BJA,Bijrotha,155,1125,516,92.9,4.11655,0.0,0.0
12920,2026-08-27,BJA,Bijrotha,155,0.0,92.9,1125,516,upcoming,upcoming,False,4,13,54,8,afternoon,False,JHA,Jakhaura,156,1134,507,92.9,4.11655,0.0,0.0
12920,2026-08-27,JHA,Jakhaura,156,0.0,92.9,1134,507,upcoming,upcoming,False,4,13,54,8,afternoon,False,DWA,Dailwara,157,1144,497,92.9,4.11655,0.0,0.0
12920,2026-08-27,DWA,Dailwara,157,0.0,92.9,1144,497,upcoming,upcoming,False,4,13,54,8,afternoon,False,LAR,Lalitpur,158,1154,487,56.4,4.11655,16.0,16.0
12920,2026-08-27,LAR,Lalitpur,158,19.0,56.4,1154,487,upcoming,upcoming,True,4,13,54,8,afternoon,False,JRO,Jiron,159,1164,477,56.4,4.11655,0.0,-19.0
12920,2026-08-27,JRO,Jiron,159,0.0,56.4,1164,477,upcoming,upcoming,False,4,13,54,8,afternoon,False,JLN,Jakhalaun,160,1171,470,56.4,4.11655,0.0,0.0
12920,2026-08-27,JLN,Jakhalaun,160,0.0,56.4,1171,470,upcoming,upcoming,False,4,13,54,8,afternoon,False,DUA,Dhaura,161,1182,459,56.4,4.11655,0.0,0.0
12920,2026-08-27,DUA,Dhaura,161,0.0,56.4,1182,459,upcoming,upcoming,False,4,13,54,8,afternoon,False,MXS,Mohasa,162,1191,450,56.4,4.11655,0.0,0.0
12920,2026-08-27,MXS,Mohasa,162,0.0,56.4,1191,450,upcoming,upcoming,False,4,13,54,8,afternoon,False,KOA,Karonda,163,1197,444,56.4,4.11655,0.0,0.0
12920,2026-08-27,KOA,Karonda,163,0.0,56.4,1197,444,upcoming,upcoming,False,4,13,54,8,afternoon,False,AGD,Agasod,164,1209,432,56.4,4.11655,0.0,0.0
12920,2026-08-27,AGD,Agasod,164,0.0,56.4,1209,432,upcoming,upcoming,False,4,13,54,8,afternoon,False,BINA,Bina Jn,165,1217,424,87.1,4.11655,16.0,16.0
12920,2026-08-27,BINA,Bina Jn,165,19.0,87.1,1217,424,upcoming,upcoming,True,4,13,54,8,afternoon,False,KIKA,Kurwai Kethora,166,1226,415,87.1,4.11655,0.0,-19.0
12920,2026-08-27,KIKA,Kurwai Kethora,166,0.0,87.1,1226,415,upcoming,upcoming,False,4,13,54,8,afternoon,False,MABA,Mandi Bamora,167,1234,407,87.1,4.11655,0.0,0.0
12920,2026-08-27,MABA,Mandi Bamora,167,0.0,87.1,1234,407,upcoming,upcoming,False,4,13,54,8,afternoon,False,KAH,Kalhar,168,1243,398,87.1,4.11655,0.0,0.0
12920,2026-08-27,KAH,Kalhar,168,0.0,87.1,1243,398,upcoming,upcoming,False,4,13,54,8,afternoon,False,CLHT,Chulheta,169,1248,393,87.1,4.11655,0.0,0.0
12920,2026-08-27,CLHT,Chulheta,169,0.0,87.1,1248,393,upcoming,upcoming,False,4,13,54,8,afternoon,False,BET,Bareth,170,1252,389,87.1,4.11655,0.0,0.0
12920,2026-08-27,BET,Bareth,170,0.0,87.1,1252,389,upcoming,upcoming,False,4,13,54,8,afternoon,False,BAQ,Ganj Basoda,171,1262,379,96.0,4.11655,16.0,16.0
12920,2026-08-27,BAQ,Ganj Basoda,171,19.0,96.0,1262,379,upcoming,upcoming,True,4,13,54,8,afternoon,False,PAI,Pabai,172,1271,370,96.0,4.11655,0.0,-19.0
12920,2026-08-27,PAI,Pabai,172,0.0,96.0,1271,370,upcoming,upcoming,False,4,13,54,8,afternoon,False,GLG,Gulabhganj,173,1281,360,96.0,4.11655,0.0,0.0
12920,2026-08-27,GLG,Gulabhganj,173,0.0,96.0,1281,360,upcoming,upcoming,False,4,13,54,8,afternoon,False,SUMR,Sumer,174,1288,353,96.0,4.11655,0.0,0.0
12920,2026-08-27,SUMR,Sumer,174,0.0,96.0,1288,353,upcoming,upcoming,False,4,13,54,8,afternoon,False,SORI,Sorai,175,1296,345,96.0,4.11655,0.0,0.0
12920,2026-08-27,SORI,Sorai,175,0.0,96.0,1296,345,upcoming,upcoming,False,4,13,54,8,afternoon,False,BHS,Vidisha,176,1302,339,56.7,4.11655,16.0,16.0
12920,2026-08-27,BHS,Vidisha,176,19.0,56.7,1302,339,upcoming,upcoming,True,4,13,54,8,afternoon,False,SCI,Sanchi,177,1311,330,56.7,4.11655,0.0,-19.0
12920,2026-08-27,SCI,Sanchi,177,0.0,56.7,1311,330,upcoming,upcoming,False,4,13,54,8,afternoon,False,SMT,Salamatpur,178,1318,323,56.7,4.11655,0.0,0.0
12920,2026-08-27,SMT,Salamatpur,178,0.0,56.7,1318,323,upcoming,upcoming,False,4,13,54,8,afternoon,False,DWG,Dewanganj,179,1328,313,56.7,4.11655,0.0,0.0
12920,2026-08-27,DWG,Dewanganj,179,0.0,56.7,1328,313,upcoming,upcoming,False,4,13,54,8,afternoon,False,BVB,Bhadbhadaghat,180,1336,305,56.7,4.11655,0.0,0.0
12920,2026-08-27,BVB,Bhadbhadaghat,180,0.0,56.7,1336,305,upcoming,upcoming,False,4,13,54,8,afternoon,False,SUW,Sukhisewaniyan,181,1344,297,56.7,4.11655,0.0,0.0
12920,2026-08-27,SUW,Sukhisewaniyan,181,0.0,56.7,1344,297,upcoming,upcoming,False,4,13,54,8,afternoon,False,NSZ,Nishatpura,182,1354,287,4.6,4.11655,16.0,16.0
12920,2026-08-27,NSZ,Nishatpura,182,19.0,4.6,1354,287,upcoming,upcoming,True,4,13,54,8,afternoon,False,BPL,Bhopal Jn,183,1355,286,28.6,4.11655,16.0,-3.0
12920,2026-08-27,BPL,Bhopal Jn,183,19.0,28.6,1355,286,upcoming,upcoming,True,4,13,54,8,afternoon,False,SHRN,Sant Hirdaram Nagar Jn,184,1365,276,174.0,4.11655,16.0,-3.0
12920,2026-08-27,SHRN,Sant Hirdaram Nagar Jn,184,19.0,174.0,1365,276,upcoming,upcoming,True,4,13,54,8,afternoon,False,BQE,Bakanian Bhaunri,185,1373,268,174.0,4.11655,0.0,-19.0
12920,2026-08-27,BQE,Bakanian Bhaunri,185,0.0,174.0,1373,268,upcoming,upcoming,False,4,13,54,8,afternoon,False,PUD,Phanda,186,1381,260,174.0,4.11655,0.0,0.0
12920,2026-08-27,PUD,Phanda,186,0.0,174.0,1381,260,upcoming,upcoming,False,4,13,54,8,afternoon,False,PNWN,Pachwan,187,1388,253,174.0,4.11655,0.0,0.0
12920,2026-08-27,PNWN,Pachwan,187,0.0,174.0,1388,253,upcoming,upcoming,False,4,13,54,8,afternoon,False,SEH,Sehore,188,1394,247,66.9,4.11655,16.0,16.0
12920,2026-08-27,SEH,Sehore,188,19.0,66.9,1394,247,upcoming,upcoming,True,4,13,54,8,afternoon,False,BKTL,Baktal,189,1402,239,66.9,4.11655,0.0,-19.0
12920,2026-08-27,BKTL,Baktal,189,0.0,66.9,1402,239,upcoming,upcoming,False,4,13,54,8,afternoon,False,PRB,Parbati,190,1408,233,66.9,4.11655,0.0,0.0
12920,2026-08-27,PRB,Parbati,190,0.0,66.9,1408,233,upcoming,upcoming,False,4,13,54,8,afternoon,False,JBX,Jabri,191,1415,226,66.9,4.11655,0.0,0.0
12920,2026-08-27,JBX,Jabri,191,0.0,66.9,1415,226,upcoming,upcoming,False,4,13,54,8,afternoon,False,KPP,Kalapipal,192,1423,218,60.0,4.11655,16.0,16.0
12920,2026-08-27,KPP,Kalapipal,192,19.0,60.0,1423,218,upcoming,upcoming,True,4,13,54,8,afternoon,False,CKOD,Chakrod,193,1429,212,60.0,4.11655,0.0,-19.0
12920,2026-08-27,CKOD,Chakrod,193,0.0,60.0,1429,212,upcoming,upcoming,False,4,13,54,8,afternoon,False,SJP,Shujalpur,194,1435,206,60.0,4.11655,16.0,16.0
12920,2026-08-27,SJP,Shujalpur,194,19.0,60.0,1435,206,upcoming,upcoming,True,4,13,54,8,afternoon,False,MQE,Mohammadkhera,195,1442,199,60.0,4.11655,0.0,-19.0
12920,2026-08-27,MQE,Mohammadkhera,195,0.0,60.0,1442,199,upcoming,upcoming,False,4,13,54,8,afternoon,False,AKD,Akodia,196,1448,193,69.2,4.11655,16.0,16.0
12920,2026-08-27,AKD,Akodia,196,19.0,69.2,1448,193,upcoming,upcoming,True,4,13,54,8,afternoon,False,BLX,Bolai,197,1460,181,69.2,4.11655,0.0,-19.0
12920,2026-08-27,BLX,Bolai,197,0.0,69.2,1460,181,upcoming,upcoming,False,4,13,54,8,afternoon,False,KSH,Kali Sindh,198,1466,175,69.2,4.11655,0.0,0.0
12920,2026-08-27,KSH,Kali Sindh,198,0.0,69.2,1466,175,upcoming,upcoming,False,4,13,54,8,afternoon,False,KONY,Kisoni,199,1473,168,69.2,4.11655,0.0,0.0
12920,2026-08-27,KONY,Kisoni,199,0.0,69.2,1473,168,upcoming,upcoming,False,4,13,54,8,afternoon,False,BCH,Berchha,200,1478,163,42.2,4.11655,16.0,16.0
12920,2026-08-27,BCH,Berchha,200,19.0,42.2,1478,163,upcoming,upcoming,True,4,13,54,8,afternoon,False,PUO,Pir Umrod,201,1490,151,42.2,4.11655,0.0,-19.0
12920,2026-08-27,PUO,Pir Umrod,201,0.0,42.2,1490,151,upcoming,upcoming,False,4,13,54,8,afternoon,False,MKC,Maksi Jn,202,1497,144,49.2,4.11655,16.0,16.0
12920,2026-08-27,MKC,Maksi Jn,202,19.0,49.2,1497,144,upcoming,upcoming,True,4,13,54,8,afternoon,False,TAN,Tarana Road,203,1507,134,49.2,4.11655,0.0,-19.0
12920,2026-08-27,TAN,Tarana Road,203,0.0,49.2,1507,134,upcoming,upcoming,False,4,13,54,8,afternoon,False,SVT,Shivpura,204,1513,128,49.2,4.11655,0.0,0.0
12920,2026-08-27,SVT,Shivpura,204,0.0,49.2,1513,128,upcoming,upcoming,False,4,13,54,8,afternoon,False,TJP,Tajpur,205,1523,118,49.2,4.11655,0.0,0.0
12920,2026-08-27,TJP,Tajpur,205,0.0,49.2,1523,118,upcoming,upcoming,False,4,13,54,8,afternoon,False,PLW,Pingleshwar,206,1529,112,49.2,4.11655,0.0,0.0
12920,2026-08-27,PLW,Pingleshwar,206,0.0,49.2,1529,112,upcoming,upcoming,False,4,13,54,8,afternoon,False,UJN,Ujjain Jn,207,1538,103,44.7,4.11655,16.0,16.0
12920,2026-08-27,UJN,Ujjain Jn,207,19.0,44.7,1538,103,upcoming,upcoming,True,4,13,54,8,afternoon,False,VRG,Vikramnagar,208,1544,97,44.7,4.11655,0.0,-19.0
12920,2026-08-27,VRG,Vikramnagar,208,0.0,44.7,1544,97,upcoming,upcoming,False,4,13,54,8,afternoon,False,KDHA,Karchha,209,1556,85,44.7,4.11655,0.0,0.0
12920,2026-08-27,KDHA,Karchha,209,0.0,44.7,1556,85,upcoming,upcoming,False,4,13,54,8,afternoon,False,UDM,Undasa Madhawpu,210,1563,78,44.7,4.11655,0.0,0.0
12920,2026-08-27,UDM,Undasa Madhawpu,210,0.0,44.7,1563,78,upcoming,upcoming,False,4,13,54,8,afternoon,False,NRGR,Naranjipur,211,1569,72,44.7,4.11655,0.0,0.0
12920,2026-08-27,NRGR,Naranjipur,211,0.0,44.7,1569,72,upcoming,upcoming,False,4,13,54,8,afternoon,False,DWX,Dewas,212,1579,62,39.0,4.11655,16.0,16.0
12920,2026-08-27,DWX,Dewas,212,19.0,39.0,1579,62,upcoming,upcoming,True,4,13,54,8,afternoon,False,BNJN,Binjana,213,1585,56,39.0,4.11655,0.0,-19.0
12920,2026-08-27,BNJN,Binjana,213,0.0,39.0,1585,56,upcoming,upcoming,False,4,13,54,8,afternoon,False,BLAX,Barlai,214,1595,46,39.0,4.11655,0.0,0.0
12920,2026-08-27,BLAX,Barlai,214,0.0,39.0,1595,46,upcoming,upcoming,False,4,13,54,8,afternoon,False,MGG,Mangliya Gaon,215,1606,35,39.0,4.11655,0.0,0.0
12920,2026-08-27,MGG,Mangliya Gaon,215,0.0,39.0,1606,35,upcoming,upcoming,False,4,13,54,8,afternoon,False,LMNR,Lakshmibai Ngr,216,1617,24,39.0,4.11655,0.0,0.0
12920,2026-08-27,LMNR,Lakshmibai Ngr,216,0.0,39.0,1617,24,upcoming,upcoming,False,4,13,54,8,afternoon,False,INDB,Indore Jn,217,1620,21,31.5,4.11655,16.0,16.0
12920,2026-08-27,INDB,Indore Jn,217,19.0,31.5,1620,21,upcoming,upcoming,True,4,13,54,8,afternoon,False,SFNR,Saifinagar Halt,218,1622,19,31.5,4.11655,0.0,-19.0
12920,2026-08-27,SFNR,Saifinagar Halt,218,0.0,31.5,1622,19,upcoming,upcoming,False,4,13,54,8,afternoon,False,LKMN,Lokmanya Nagar,219,1624,17,31.5,4.11655,0.0,0.0
12920,2026-08-27,LKMN,Lokmanya Nagar,219,0.0,31.5,1624,17,upcoming,upcoming,False,4,13,54,8,afternoon,False,RJQ,Rajendranagar,220,1627,14,31.5,4.11655,0.0,0.0
12920,2026-08-27,RJQ,Rajendranagar,220,0.0,31.5,1627,14,upcoming,upcoming,False,4,13,54,8,afternoon,False,RAU,Rau,221,1632,9,31.5,4.11655,0.0,0.0
12920,2026-08-27,RAU,Rau,221,0.0,31.5,1632,9,upcoming,upcoming,False,4,13,54,8,afternoon,False,HKH,Haranya Kheri,222,1638,3,31.5,4.11655,0.0,0.0
12920,2026-08-27,HKH,Haranya Kheri,222,0.0,31.5,1638,3,upcoming,upcoming,False,4,13,54,8,afternoon,False,DADN,Dr. Ambedkar Nagar,223,1641,0,0.0,4.11655,16.0,16.0
12920,2026-08-27,SVDK,Shri Mata Vaishno Devi Katra,1,10.0,68.6,0,1641,departed,departed,True,4,13,59,8,afternoon,False,CRWL,Chakrakwala,2,16,1625,31.8,41.977533333333334,10.0,0.0
12920,2026-08-27,CRWL,Chakrakwala,2,10.0,31.8,16,1625,departed,departed,True,4,13,59,8,afternoon,False,MCTM,MCTM Udhampur,3,25,1616,38.6,41.977533333333334,4.0,-6.0
12920,2026-08-27,MCTM,MCTM Udhampur,3,4.0,38.6,25,1616,departed,departed,True,4,13,59,8,afternoon,False,RMJK,Ram Nagar,4,34,1607,48.9,41.977533333333334,13.0,9.0
12920,2026-08-27,RMJK,Ram Nagar,4,13.0,48.9,34,1607,departed,departed,True,4,13,59,8,afternoon,False,JAT,Jammutavi,8,78,1563,70.2,41.977533333333334,3.0,-10.0
12920,2026-08-27,MNWL,Manwal,5,0.0,48.9,46,1595,departed,departed,False,4,13,59,8,afternoon,False,JAT,Jammutavi,8,78,1563,70.2,41.977533333333334,3.0,3.0
12920,2026-08-27,SGRR,Sanger,6,0.0,48.9,56,1585,departed,departed,False,4,13,59,8,afternoon,False,JAT,Jammutavi,8,78,1563,70.2,41.977533333333334,3.0,3.0
12920,2026-08-27,BLA,Bajalta,7,0.0,48.9,67,1574,departed,departed,False,4,13,59,8,afternoon,False,JAT,Jammutavi,8,78,1563,70.2,41.977533333333334,3.0,3.0
12920,2026-08-27,JAT,Jammutavi,8,3.0,70.2,78,1563,departed,departed,True,4,13,59,8,afternoon,False,MSKT,Martyr Cptn Sunil Kr Choudhary Kathua,17,154,1487,37.9,41.977533333333334,0.0,-3.0
12920,2026-08-27,BBMN,Bari Brahman,9,0.0,70.2,86,1555,departed,departed,False,4,13,59,8,afternoon,False,MSKT,Martyr Cptn Sunil Kr Choudhary Kathua,17,154,1487,37.9,41.977533333333334,0.0,0.0
12920,2026-08-27,VJPJ,Vijiypur Jammu,10,0.0,70.2,99,1542,departed,departed,False,4,13,59,8,afternoon,False,MSKT,Martyr Cptn Sunil Kr Choudhary Kathua,17,154,1487,37.9,41.977533333333334,0.0,0.0
12920,2026-08-27,SMBX,Samba,11,0.0,70.2,110,1531,departed,departed,False,4,13,59,8,afternoon,False,MSKT,Martyr Cptn Sunil Kr Choudhary Kathua,17,154,1487,37.9,41.977533333333334,0.0,0.0
12920,2026-08-27,GHGL,Ghagwal,12,0.0,70.2,120,1521,departed,departed,False,4,13,59,8,afternoon,False,MSKT,Martyr Cptn Sunil Kr Choudhary Kathua,17,154,1487,37.9,41.977533333333334,0.0,0.0
12920,2026-08-27,HRNR,Hira Nagar,13,0.0,70.2,125,1516,departed,departed,False,4,13,59,8,afternoon,False,MSKT,Martyr Cptn Sunil Kr Choudhary Kathua,17,154,1487,37.9,41.977533333333334,0.0,0.0
12920,2026-08-27,CKDL,Chakdayala,14,0.0,70.2,129,1512,departed,departed,False,4,13,59,8,afternoon,False,MSKT,Martyr Cptn Sunil Kr Choudhary Kathua,17,154,1487,37.9,41.977533333333334,0.0,0.0
12920,2026-08-27,CHNR,Chhan Arorian,15,0.0,70.2,134,1507,departed,departed,False,4,13,59,8,afternoon,False,MSKT,Martyr Cptn Sunil Kr Choudhary Kathua,17,154,1487,37.9,41.977533333333334,0.0,0.0
12920,2026-08-27,BDHY,Budhi,16,0.0,70.2,142,1499,departed,departed,False,4,13,59,8,afternoon,False,MSKT,Martyr Cptn Sunil Kr Choudhary Kathua,17,154,1487,37.9,41.977533333333334,0.0,0.0
12920,2026-08-27,MDPB,Madhopur Punjab,18,0.0,37.9,162,1479,departed,departed,False,4,13,59,8,afternoon,False,BHRL,Bharoli Jn,20,175,1466,37.9,41.977533333333334,0.0,0.0
12920,2026-08-27,SJNP,Sujanpur,19,0.0,37.9,169,1472,departed,departed,False,4,13,59,8,afternoon,False,BHRL,Bharoli Jn,20,175,1466,37.9,41.977533333333334,0.0,0.0
12920,2026-08-27,BHRL,Bharoli Jn,20,0.0,37.9,175,1466,departed,departed,False,4,13,59,8,afternoon,False,PTKC,Pathankot Cantt,21,178,1463,70.9,41.977533333333334,2.0,2.0
12920,2026-08-27,PTKC,Pathankot Cantt,21,2.0,70.9,178,1463,departed,departed,True,4,13,59,8,afternoon,False,KNDI,Kandrori,22,187,1454,70.9,41.977533333333334,6.0,4.0
12920,2026-08-27,KNDI,Kandrori,22,0.0,70.9,187,1454,departed,departed,False,4,13,59,8,afternoon,False,MRTL,Mirthal,24,197,1444,70.9,41.977533333333334,2.0,2.0
12920,2026-08-27,GILA,Ghiala,23,0.0,70.9,191,1450,departed,departed,False,4,13,59,8,afternoon,False,MRTL,Mirthal,24,197,1444,70.9,41.977533333333334,2.0,2.0
12920,2026-08-27,MRTL,Mirthal,24,0.0,70.9,197,1444,departed,departed,False,4,13,59,8,afternoon,False,MEX,Mukerian,26,217,1424,64.0,41.977533333333334,4.0,4.0
12920,2026-08-27,BNGL,Bhangala,25,0.0,70.9,208,1433,departed,departed,False,4,13,59,8,afternoon,False,MEX,Mukerian,26,217,1424,64.0,41.977533333333334,4.0,4.0
12920,2026-08-27,MEX,Mukerian,26,4.0,64.0,217,1424,departed,departed,True,4,13,59,8,afternoon,False,UCB,Unchi Bassi,27,227,1414,64.0,41.977533333333334,3.0,-1.0
12920,2026-08-27,UCB,Unchi Bassi,27,0.0,64.0,227,1414,departed,departed,False,4,13,59,8,afternoon,False,DZA,Dasuya,28,233,1408,52.6,41.977533333333334,2.0,2.0
12920,2026-08-27,DZA,Dasuya,28,2.0,52.6,233,1408,departed,departed,True,4,13,59,8,afternoon,False,JRC,Jalandhar Cantt,37,290,1351,67.7,41.977533333333334,13.0,11.0
12920,2026-08-27,GSB,Garna Sahib,29,0.0,52.6,236,1405,departed,departed,False,4,13,59,8,afternoon,False,JRC,Jalandhar Cantt,37,290,1351,67.7,41.977533333333334,13.0,13.0
12920,2026-08-27,KZX,Khudda Korala,30,0.0,52.6,240,1401,departed,departed,False,4,13,59,8,afternoon,False,JRC,Jalandhar Cantt,37,290,1351,67.7,41.977533333333334,13.0,13.0
12920,2026-08-27,TDO,Tanda Urmar,31,0.0,52.6,248,1393,departed,departed,False,4,13,59,8,afternoon,False,JRC,Jalandhar Cantt,37,290,1351,67.7,41.977533333333334,13.0,13.0
12920,2026-08-27,CGH,Cholang,32,0.0,52.6,254,1387,departed,departed,False,4,13,59,8,afternoon,False,JRC,Jalandhar Cantt,37,290,1351,67.7,41.977533333333334,13.0,13.0
12920,2026-08-27,BPRS,Bhogpur Sirwal,33,0.0,52.6,261,1380,departed,departed,False,4,13,59,8,afternoon,False,JRC,Jalandhar Cantt,37,290,1351,67.7,41.977533333333334,13.0,13.0
12920,2026-08-27,KKL,Kala Bakra,34,0.0,52.6,270,1371,departed,departed,False,4,13,59,8,afternoon,False,JRC,Jalandhar Cantt,37,290,1351,67.7,41.977533333333334,13.0,13.0
12920,2026-08-27,AWL,Alawalpur,35,0.0,52.6,276,1365,departed,departed,False,4,13,59,8,afternoon,False,JRC,Jalandhar Cantt,37,290,1351,67.7,41.977533333333334,13.0,13.0
12920,2026-08-27,SCPD,Suchipind,36,0.0,52.6,286,1355,departed,departed,False,4,13,59,8,afternoon,False,JRC,Jalandhar Cantt,37,290,1351,67.7,41.977533333333334,13.0,13.0
12920,2026-08-27,JRC,Jalandhar Cantt,37,13.0,67.7,290,1351,departed,departed,True,4,13,59,8,afternoon,False,LDH,Ludhiana Jn,45,343,1298,58.6,41.977533333333334,2.0,-11.0
12920,2026-08-27,CEU,Chiheru,38,0.0,67.7,299,1342,departed,departed,False,4,13,59,8,afternoon,False,LDH,Ludhiana Jn,45,343,1298,58.6,41.977533333333334,2.0,2.0
12920,2026-08-27,PGW,Phagwara Jn,39,0.0,67.7,307,1334,departed,departed,False,4,13,59,8,afternoon,False,LDH,Ludhiana Jn,45,343,1298,58.6,41.977533333333334,2.0,2.0
12920,2026-08-27,MAUL,Mauli Block Hut,40,0.0,67.7,312,1329,departed,departed,False,4,13,59,8,afternoon,False,LDH,Ludhiana Jn,45,343,1298,58.6,41.977533333333334,2.0,2.0
12920,2026-08-27,GRY,Goraya,41,0.0,67.7,317,1324,departed,departed,False,4,13,59,8,afternoon,False,LDH,Ludhiana Jn,45,343,1298,58.6,41.977533333333334,2.0,2.0
12920,2026-08-27,BTTN,Bhatian,42,0.0,67.7,322,1319,departed,departed,False,4,13,59,8,afternoon,False,LDH,Ludhiana Jn,45,343,1298,58.6,41.977533333333334,2.0,2.0
12920,2026-08-27,PHR,Phillaur Jn,43,0.0,67.7,329,1312,departed,departed,False,4,13,59,8,afternoon,False,LDH,Ludhiana Jn,45,343,1298,58.6,41.977533333333334,2.0,2.0
12920,2026-08-27,LDW,Ladhowal,44,0.0,67.7,334,1307,departed,departed,False,4,13,59,8,afternoon,False,LDH,Ludhiana Jn,45,343,1298,58.6,41.977533333333334,2.0,2.0
12920,2026-08-27,LDH,Ludhiana Jn,45,2.0,58.6,343,1298,departed,departed,True,4,13,59,8,afternoon,False,DDL,Dhandari Kalan,47,350,1291,58.6,41.977533333333334,9.0,7.0
12920,2026-08-27,BHOI,Dhandarikalan Block Hut (Bhoi),46,0.0,58.6,346,1295,departed,departed,False,4,13,59,8,afternoon,False,DDL,Dhandari Kalan,47,350,1291,58.6,41.977533333333334,9.0,9.0
12920,2026-08-27,DDL,Dhandari Kalan,47,0.0,58.6,350,1291,departed,departed,False,4,13,59,8,afternoon,False,SNL,Sanahwal,48,358,1283,58.6,41.977533333333334,7.0,7.0
12920,2026-08-27,SNL,Sanahwal,48,0.0,58.6,358,1283,departed,departed,False,4,13,59,8,afternoon,False,CHA,Chawapall,50,374,1267,58.6,41.977533333333334,0.0,0.0
12920,2026-08-27,DOA,Doraha,49,0.0,58.6,365,1276,departed,departed,False,4,13,59,8,afternoon,False,CHA,Chawapall,50,374,1267,58.6,41.977533333333334,0.0,0.0
12920,2026-08-27,CHA,Chawapall,50,0.0,58.6,374,1267,departed,departed,False,4,13,59,8,afternoon,False,KNN,Khanna,51,385,1256,77.1,41.977533333333334,0.0,0.0
12920,2026-08-27,GVG,Govindgarh,52,0.0,77.1,393,1248,departed,departed,False,4,13,59,8,afternoon,False,SIR,Sirhind Jn,53,403,1238,72.3,41.977533333333334,0.0,0.0
12920,2026-08-27,SIR,Sirhind Jn,53,0.0,72.3,403,1238,departed,departed,True,4,13,59,8,afternoon,False,SBJ,Sarai Banjara,55,419,1222,72.3,41.977533333333334,0.0,0.0
12920,2026-08-27,SDY,Sadhoo Garh,54,0.0,72.3,411,1230,departed,departed,False,4,13,59,8,afternoon,False,SBJ,Sarai Banjara,55,419,1222,72.3,41.977533333333334,0.0,0.0
12920,2026-08-27,SBJ,Sarai Banjara,55,0.0,72.3,419,1222,departed,departed,False,4,13,59,8,afternoon,False,UBC,Ambala City,58,449,1192,72.3,41.977533333333334,0.0,0.0
12920,2026-08-27,RPJ,Rajpura Jn,56,0.0,72.3,428,1213,departed,departed,False,4,13,59,8,afternoon,False,UBC,Ambala City,58,449,1192,72.3,41.977533333333334,0.0,0.0
12920,2026-08-27,SMU,Sambhu,57,0.0,72.3,439,1202,departed,departed,False,4,13,59,8,afternoon,False,UBC,Ambala City,58,449,1192,72.3,41.977533333333334,0.0,0.0
12920,2026-08-27,UBC,Ambala City,58,0.0,72.3,449,1192,departed,departed,False,4,13,59,8,afternoon,False,UMB,Ambala Cantt Jn,59,456,1185,84.0,41.977533333333334,1.0,1.0
12920,2026-08-27,UMB,Ambala Cantt Jn,59,1.0,84.0,456,1185,departed,departed,True,4,13,59,8,afternoon,False,DHMZ,Dhola Mazra,62,481,1160,84.0,41.977533333333334,4.0,3.0
12920,2026-08-27,MOY,Mohri,60,0.0,84.0,465,1176,departed,departed,False,4,13,59,8,afternoon,False,DHMZ,Dhola Mazra,62,481,1160,84.0,41.977533333333334,4.0,4.0
12920,2026-08-27,SHDM,Shahbad Marknda,61,0.0,84.0,476,1165,departed,departed,False,4,13,59,8,afternoon,False,DHMZ,Dhola Mazra,62,481,1160,84.0,41.977533333333334,4.0,4.0
12920,2026-08-27,DHMZ,Dhola Mazra,62,0.0,84.0,481,1160,departed,departed,False,4,13,59,8,afternoon,False,KKDE,Kurukshetra Jn,65,498,1143,86.1,41.977533333333334,5.0,5.0
12920,2026-08-27,DPP,Dhirpur,63,0.0,84.0,487,1154,departed,departed,False,4,13,59,8,afternoon,False,KKDE,Kurukshetra Jn,65,498,1143,86.1,41.977533333333334,5.0,5.0
12920,2026-08-27,DHKR,Dhoda Khedi,64,0.0,84.0,492,1149,departed,departed,False,4,13,59,8,afternoon,False,KKDE,Kurukshetra Jn,65,498,1143,86.1,41.977533333333334,5.0,5.0
12920,2026-08-27,KKDE,Kurukshetra Jn,65,5.0,86.1,498,1143,departed,departed,True,4,13,59,8,afternoon,False,KUN,Karnal,70,531,1110,92.7,41.977533333333334,3.0,-2.0
12920,2026-08-27,AMIN,Amin,66,0.0,86.1,506,1135,departed,departed,False,4,13,59,8,afternoon,False,KUN,Karnal,70,531,1110,92.7,41.977533333333334,3.0,3.0
12920,2026-08-27,NLKR,Nilokheri,67,0.0,86.1,515,1126,departed,departed,False,4,13,59,8,afternoon,False,KUN,Karnal,70,531,1110,92.7,41.977533333333334,3.0,3.0
12920,2026-08-27,TRR,Taraori,68,0.0,86.1,519,1122,departed,departed,False,4,13,59,8,afternoon,False,KUN,Karnal,70,531,1110,92.7,41.977533333333334,3.0,3.0
12920,2026-08-27,BZK,Bhaini Khurd,69,0.0,86.1,524,1117,departed,departed,False,4,13,59,8,afternoon,False,KUN,Karnal,70,531,1110,92.7,41.977533333333334,3.0,3.0
12920,2026-08-27,KUN,Karnal,70,3.0,92.7,531,1110,departed,departed,True,4,13,59,8,afternoon,False,PNP,Panipat Jn,75,565,1076,96.4,41.977533333333334,10.0,7.0
12920,2026-08-27,BZJT,Bazida Jatan,71,0.0,92.7,540,1101,departed,departed,False,4,13,59,8,afternoon,False,PNP,Panipat Jn,75,565,1076,96.4,41.977533333333334,10.0,10.0
12920,2026-08-27,GRA,Gharaunda,72,0.0,92.7,548,1093,departed,departed,False,4,13,59,8,afternoon,False,PNP,Panipat Jn,75,565,1076,96.4,41.977533333333334,10.0,10.0
12920,2026-08-27,KFU,Kohand,73,0.0,92.7,554,1087,departed,departed,False,4,13,59,8,afternoon,False,PNP,Panipat Jn,75,565,1076,96.4,41.977533333333334,10.0,10.0
12920,2026-08-27,BBDE,Babarpur,74,0.0,92.7,559,1082,departed,departed,False,4,13,59,8,afternoon,False,PNP,Panipat Jn,75,565,1076,96.4,41.977533333333334,10.0,10.0
12920,2026-08-27,PNP,Panipat Jn,75,10.0,96.4,565,1076,departed,departed,True,4,13,59,8,afternoon,False,SLKN,Sandal Kalan,81,602,1039,96.4,41.977533333333334,12.0,2.0
12920,2026-08-27,DWNA,Diwana,76,0.0,96.4,573,1068,departed,departed,False,4,13,59,8,afternoon,False,SLKN,Sandal Kalan,81,602,1039,96.4,41.977533333333334,12.0,12.0
12920,2026-08-27,SMK,Samalkha,77,0.0,96.4,582,1059,departed,departed,False,4,13,59,8,afternoon,False,SLKN,Sandal Kalan,81,602,1039,96.4,41.977533333333334,12.0,12.0
12920,2026-08-27,BDMJ,Bhodwal Majri,78,0.0,96.4,589,1052,departed,departed,False,4,13,59,8,afternoon,False,SLKN,Sandal Kalan,81,602,1039,96.4,41.977533333333334,12.0,12.0
12920,2026-08-27,GNU,Ganaur,79,0.0,96.4,594,1047,departed,departed,False,4,13,59,8,afternoon,False,SLKN,Sandal Kalan,81,602,1039,96.4,41.977533333333334,12.0,12.0
12920,2026-08-27,RUG,Rajlu Garhi,80,0.0,96.4,599,1042,departed,departed,False,4,13,59,8,afternoon,False,SLKN,Sandal Kalan,81,602,1039,96.4,41.977533333333334,12.0,12.0
12920,2026-08-27,SLKN,Sandal Kalan,81,0.0,96.4,602,1039,departed,departed,False,4,13,59,8,afternoon,False,SNP,Sonipat,82,610,1031,61.5,41.977533333333334,19.0,19.0
12920,2026-08-27,SNP,Sonipat,82,19.0,61.5,610,1031,departed,departed,True,4,13,59,8,afternoon,False,RDDE,Rathdhana,84,621,1020,61.5,41.977533333333334,17.0,-2.0
12920,2026-08-27,HNN,Harana Kalan,83,0.0,61.5,616,1025,departed,departed,False,4,13,59,8,afternoon,False,RDDE,Rathdhana,84,621,1020,61.5,41.977533333333334,17.0,17.0
12920,2026-08-27,RDDE,Rathdhana,84,0.0,61.5,621,1020,departed,departed,False,4,13,59,8,afternoon,False,NUR,Narela,85,627,1014,61.5,41.977533333333334,14.0,14.0
12920,2026-08-27,NUR,Narela,85,14.0,61.5,627,1014,at-station,at-station,False,4,13,59,8,afternoon,False,ANDI,Adarsh Nagar Delhi,89,644,997,61.5,41.977533333333334,10.0,-4.0
12920,2026-08-27,HUK,Holambi Kalan,86,0.0,61.5,633,1008,upcoming,upcoming,False,4,13,59,8,afternoon,False,ANDI,Adarsh Nagar Delhi,89,644,997,61.5,41.977533333333334,10.0,10.0
12920,2026-08-27,KHKN,Khera Kalan,87,0.0,61.5,636,1005,upcoming,upcoming,False,4,13,59,8,afternoon,False,ANDI,Adarsh Nagar Delhi,89,644,997,61.5,41.977533333333334,10.0,10.0
12920,2026-08-27,BHD,Badli,88,0.0,61.5,640,1001,upcoming,upcoming,False,4,13,59,8,afternoon,False,ANDI,Adarsh Nagar Delhi,89,644,997,61.5,41.977533333333334,10.0,10.0
12920,2026-08-27,ANDI,Adarsh Nagar Delhi,89,0.0,61.5,644,997,upcoming,upcoming,False,4,13,59,8,afternoon,False,SZM,Subzi Mandi,91,651,990,6.5,41.977533333333334,10.0,10.0
12920,2026-08-27,DAZ,Delhi Azadpur,90,0.0,61.5,646,995,upcoming,upcoming,False,4,13,59,8,afternoon,False,SZM,Subzi Mandi,91,651,990,6.5,41.977533333333334,10.0,10.0
12920,2026-08-27,SZM,Subzi Mandi,91,16.0,6.5,651,990,upcoming,upcoming,True,4,13,59,8,afternoon,False,DSB,Sadar Bazar,92,653,988,6.5,41.977533333333334,3.0,-13.0
12920,2026-08-27,DSB,Sadar Bazar,92,0.0,6.5,653,988,upcoming,upcoming,False,4,13,59,8,afternoon,False,NDLS,New Delhi,93,655,986,54.2,41.977533333333334,14.0,14.0
12920,2026-08-27,NDLS,New Delhi,93,16.0,54.2,655,986,upcoming,upcoming,True,4,13,59,8,afternoon,False,FDB,Faridabad,100,683,958,53.3,41.977533333333334,14.0,-2.0
12920,2026-08-27,CSB,Shivaji Bridge,94,0.0,54.2,656,985,upcoming,upcoming,False,4,13,59,8,afternoon,False,FDB,Faridabad,100,683,958,53.3,41.977533333333334,14.0,14.0
12920,2026-08-27,TKJ,Tilak Bridge,95,0.0,54.2,657,984,upcoming,upcoming,False,4,13,59,8,afternoon,False,FDB,Faridabad,100,683,958,53.3,41.977533333333334,14.0,14.0
12920,2026-08-27,NZM,Hazrat Nizamuddin Jn,96,0.0,54.2,662,979,upcoming,upcoming,False,4,13,59,8,afternoon,False,FDB,Faridabad,100,683,958,53.3,41.977533333333334,14.0,14.0
12920,2026-08-27,OKA,Okhla,97,0.0,54.2,665,976,upcoming,upcoming,False,4,13,59,8,afternoon,False,FDB,Faridabad,100,683,958,53.3,41.977533333333334,14.0,14.0
12920,2026-08-27,TKD,Tuglakabad,98,0.0,54.2,672,969,upcoming,upcoming,False,4,13,59,8,afternoon,False,FDB,Faridabad,100,683,958,53.3,41.977533333333334,14.0,14.0
12920,2026-08-27,TKDC,Tuglakabad Jn Cabin,99,0.0,54.2,678,963,upcoming,upcoming,False,4,13,59,8,afternoon,False,FDB,Faridabad,100,683,958,53.3,41.977533333333334,14.0,14.0
12920,2026-08-27,FDB,Faridabad,100,16.0,53.3,683,958,upcoming,upcoming,True,4,13,59,8,afternoon,False,BVH,Ballabgarh,102,691,950,48.5,41.977533333333334,14.0,-2.0
12920,2026-08-27,FDN,Faridabad Nw Tn,101,0.0,53.3,687,954,upcoming,upcoming,False,4,13,59,8,afternoon,False,BVH,Ballabgarh,102,691,950,48.5,41.977533333333334,14.0,14.0
12920,2026-08-27,BVH,Ballabgarh,102,16.0,48.5,691,950,upcoming,upcoming,True,4,13,59,8,afternoon,False,PWL,Palwal,104,712,929,96.9,41.977533333333334,14.0,-2.0
12920,2026-08-27,AST,Asaoti,103,0.0,48.5,701,940,upcoming,upcoming,False,4,13,59,8,afternoon,False,PWL,Palwal,104,712,929,96.9,41.977533333333334,14.0,14.0
12920,2026-08-27,PWL,Palwal,104,16.0,96.9,712,929,upcoming,upcoming,True,4,13,59,8,afternoon,False,KSV,Kosi Kalan,109,754,887,87.9,41.977533333333334,14.0,-2.0
12920,2026-08-27,RDE,Rundhi,105,0.0,96.9,721,920,upcoming,upcoming,False,4,13,59,8,afternoon,False,KSV,Kosi Kalan,109,754,887,87.9,41.977533333333334,14.0,14.0
12920,2026-08-27,SHLK,Sholaka,106,0.0,96.9,731,910,upcoming,upcoming,False,4,13,59,8,afternoon,False,KSV,Kosi Kalan,109,754,887,87.9,41.977533333333334,14.0,14.0
12920,2026-08-27,BNCR,Banchari,107,0.0,96.9,735,906,upcoming,upcoming,False,4,13,59,8,afternoon,False,KSV,Kosi Kalan,109,754,887,87.9,41.977533333333334,14.0,14.0
12920,2026-08-27,HDL,Hodal,108,0.0,96.9,742,899,upcoming,upcoming,False,4,13,59,8,afternoon,False,KSV,Kosi Kalan,109,754,887,87.9,41.977533333333334,14.0,14.0
12920,2026-08-27,KSV,Kosi Kalan,109,16.0,87.9,754,887,upcoming,upcoming,True,4,13,59,8,afternoon,False,MTJ,Mathura Jn,114,795,846,90.9,41.977533333333334,14.0,-2.0
12920,2026-08-27,CHJ,Chata,110,0.0,87.9,764,877,upcoming,upcoming,False,4,13,59,8,afternoon,False,MTJ,Mathura Jn,114,795,846,90.9,41.977533333333334,14.0,14.0
12920,2026-08-27,AJH,Ajhai,111,0.0,87.9,774,867,upcoming,upcoming,False,4,13,59,8,afternoon,False,MTJ,Mathura Jn,114,795,846,90.9,41.977533333333334,14.0,14.0
12920,2026-08-27,VRBD,Vrindaban Road,112,0.0,87.9,785,856,upcoming,upcoming,False,4,13,59,8,afternoon,False,MTJ,Mathura Jn,114,795,846,90.9,41.977533333333334,14.0,14.0
12920,2026-08-27,BTSR,Bhuteshwar,113,0.0,87.9,793,848,upcoming,upcoming,False,4,13,59,8,afternoon,False,MTJ,Mathura Jn,114,795,846,90.9,41.977533333333334,14.0,14.0
12920,2026-08-27,MTJ,Mathura Jn,114,16.0,90.9,795,846,upcoming,upcoming,True,4,13,59,8,afternoon,False,AGC,Agra Cantt Jn,122,848,793,60.0,41.977533333333334,14.0,-2.0
12920,2026-08-27,BAD,Bad,115,0.0,90.9,805,836,upcoming,upcoming,False,4,13,59,8,afternoon,False,AGC,Agra Cantt Jn,122,848,793,60.0,41.977533333333334,14.0,14.0
12920,2026-08-27,FAR,Farah,116,0.0,90.9,814,827,upcoming,upcoming,False,4,13,59,8,afternoon,False,AGC,Agra Cantt Jn,122,848,793,60.0,41.977533333333334,14.0,14.0
12920,2026-08-27,DDDM,Deen Dayal Dham,117,0.0,90.9,817,824,upcoming,upcoming,False,4,13,59,8,afternoon,False,AGC,Agra Cantt Jn,122,848,793,60.0,41.977533333333334,14.0,14.0
12920,2026-08-27,KXM,Kitham,118,0.0,90.9,825,816,upcoming,upcoming,False,4,13,59,8,afternoon,False,AGC,Agra Cantt Jn,122,848,793,60.0,41.977533333333334,14.0,14.0
12920,2026-08-27,RNKA,Runkuta,119,0.0,90.9,834,807,upcoming,upcoming,False,4,13,59,8,afternoon,False,AGC,Agra Cantt Jn,122,848,793,60.0,41.977533333333334,14.0,14.0
12920,2026-08-27,BFP,Bilochpura,120,0.0,90.9,843,798,upcoming,upcoming,False,4,13,59,8,afternoon,False,AGC,Agra Cantt Jn,122,848,793,60.0,41.977533333333334,14.0,14.0
12920,2026-08-27,RKM,Raja ki Mandi Jn,121,0.0,90.9,845,796,upcoming,upcoming,False,4,13,59,8,afternoon,False,AGC,Agra Cantt Jn,122,848,793,60.0,41.977533333333334,14.0,14.0
12920,2026-08-27,AGC,Agra Cantt Jn,122,16.0,60.0,848,793,upcoming,upcoming,True,4,13,59,8,afternoon,False,DHO,Dhaulpur,126,901,740,46.3,41.977533333333334,14.0,-2.0
12920,2026-08-27,BHA,Bhandai Jn,123,0.0,60.0,859,782,upcoming,upcoming,False,4,13,59,8,afternoon,False,DHO,Dhaulpur,126,901,740,46.3,41.977533333333334,14.0,14.0
12920,2026-08-27,JJ,Jajau,124,0.0,60.0,874,767,upcoming,upcoming,False,4,13,59,8,afternoon,False,DHO,Dhaulpur,126,901,740,46.3,41.977533333333334,14.0,14.0
12920,2026-08-27,MIA,Mania,125,0.0,60.0,888,753,upcoming,upcoming,False,4,13,59,8,afternoon,False,DHO,Dhaulpur,126,901,740,46.3,41.977533333333334,14.0,14.0
12920,2026-08-27,DHO,Dhaulpur,126,16.0,46.3,901,740,upcoming,upcoming,True,4,13,59,8,afternoon,False,MRA,Morena,129,928,713,83.6,41.977533333333334,14.0,-2.0
12920,2026-08-27,HET,Hetampur,127,0.0,46.3,914,727,upcoming,upcoming,False,4,13,59,8,afternoon,False,MRA,Morena,129,928,713,83.6,41.977533333333334,14.0,14.0
12920,2026-08-27,SIKD,Sikroda Kwanri,128,0.0,46.3,920,721,upcoming,upcoming,False,4,13,59,8,afternoon,False,MRA,Morena,129,928,713,83.6,41.977533333333334,14.0,14.0
12920,2026-08-27,MRA,Morena,129,16.0,83.6,928,713,upcoming,upcoming,True,4,13,59,8,afternoon,False,GWL,Gwalior Jn,135,967,674,64.5,41.977533333333334,14.0,-2.0
12920,2026-08-27,SANK,Sank,130,0.0,83.6,938,703,upcoming,upcoming,False,4,13,59,8,afternoon,False,GWL,Gwalior Jn,135,967,674,64.5,41.977533333333334,14.0,14.0
12920,2026-08-27,NUB,Nurabad,131,0.0,83.6,942,699,upcoming,upcoming,False,4,13,59,8,afternoon,False,GWL,Gwalior Jn,135,967,674,64.5,41.977533333333334,14.0,14.0
12920,2026-08-27,BAO,Banmor,132,0.0,83.6,948,693,upcoming,upcoming,False,4,13,59,8,afternoon,False,GWL,Gwalior Jn,135,967,674,64.5,41.977533333333334,14.0,14.0
12920,2026-08-27,RRU,Rayaru,133,0.0,83.6,954,687,upcoming,upcoming,False,4,13,59,8,afternoon,False,GWL,Gwalior Jn,135,967,674,64.5,41.977533333333334,14.0,14.0
12920,2026-08-27,BLNR,Birlanagar,134,0.0,83.6,964,677,upcoming,upcoming,False,4,13,59,8,afternoon,False,GWL,Gwalior Jn,135,967,674,64.5,41.977533333333334,14.0,14.0
12920,2026-08-27,GWL,Gwalior Jn,135,16.0,64.5,967,674,upcoming,upcoming,True,4,13,59,8,afternoon,False,DBA,Dabra,141,1010,631,77.5,41.977533333333334,14.0,-2.0
12920,2026-08-27,STLI,Sithouli,136,0.0,64.5,975,666,upcoming,upcoming,False,4,13,59,8,afternoon,False,DBA,Dabra,141,1010,631,77.5,41.977533333333334,14.0,14.0
12920,2026-08-27,SLV,Sandalpur,137,0.0,64.5,983,658,upcoming,upcoming,False,4,13,59,8,afternoon,False,DBA,Dabra,141,1010,631,77.5,41.977533333333334,14.0,14.0
12920,2026-08-27,ARI,Antri,138,0.0,64.5,990,651,upcoming,upcoming,False,4,13,59,8,afternoon,False,DBA,Dabra,141,1010,631,77.5,41.977533333333334,14.0,14.0
12920,2026-08-27,AEH,Anant Paith,139,0.0,64.5,1001,640,upcoming,upcoming,False,4,13,59,8,afternoon,False,DBA,Dabra,141,1010,631,77.5,41.977533333333334,14.0,14.0
12920,2026-08-27,SMTL,Simariatal,140,0.0,64.5,1005,636,upcoming,upcoming,False,4,13,59,8,afternoon,False,DBA,Dabra,141,1010,631,77.5,41.977533333333334,14.0,14.0
12920,2026-08-27,DBA,Dabra,141,16.0,77.5,1010,631,upcoming,upcoming,True,4,13,59,8,afternoon,False,DAA,Datia,144,1041,600,41.1,41.977533333333334,14.0,-2.0
12920,2026-08-27,KTRA,Kotra,142,0.0,77.5,1020,621,upcoming,upcoming,False,4,13,59,8,afternoon,False,DAA,Datia,144,1041,600,41.1,41.977533333333334,14.0,14.0
12920,2026-08-27,SOR,Sonagir,143,0.0,77.5,1029,612,upcoming,upcoming,False,4,13,59,8,afternoon,False,DAA,Datia,144,1041,600,41.1,41.977533333333334,14.0,14.0
12920,2026-08-27,DAA,Datia,144,16.0,41.1,1041,600,upcoming,upcoming,True,4,13,59,8,afternoon,False,VGLJ,Veerangana Lakshmibai Jhansi,147,1065,576,60.0,41.977533333333334,14.0,-2.0
12920,2026-08-27,CIRL,Chirula,145,0.0,41.1,1048,593,upcoming,upcoming,False,4,13,59,8,afternoon,False,VGLJ,Veerangana Lakshmibai Jhansi,147,1065,576,60.0,41.977533333333334,14.0,14.0
12920,2026-08-27,KRQ,Karari,146,0.0,41.1,1054,587,upcoming,upcoming,False,4,13,59,8,afternoon,False,VGLJ,Veerangana Lakshmibai Jhansi,147,1065,576,60.0,41.977533333333334,14.0,14.0
12920,2026-08-27,VGLJ,Veerangana Lakshmibai Jhansi,147,16.0,60.0,1065,576,upcoming,upcoming,True,4,13,59,8,afternoon,False,BAB,Babina,150,1089,552,92.9,41.977533333333334,14.0,-2.0
12920,2026-08-27,BJI,Bijauli,148,0.0,60.0,1073,568,upcoming,upcoming,False,4,13,59,8,afternoon,False,BAB,Babina,150,1089,552,92.9,41.977533333333334,14.0,14.0
12920,2026-08-27,KHJ,Khajraha,149,0.0,60.0,1081,560,upcoming,upcoming,False,4,13,59,8,afternoon,False,BAB,Babina,150,1089,552,92.9,41.977533333333334,14.0,14.0
12920,2026-08-27,BAB,Babina,150,16.0,92.9,1089,552,upcoming,upcoming,True,4,13,59,8,afternoon,False,LAR,Lalitpur,158,1154,487,56.4,41.977533333333334,14.0,-2.0
12920,2026-08-27,BPW,Burhpura,151,0.0,92.9,1094,547,upcoming,upcoming,False,4,13,59,8,afternoon,False,LAR,Lalitpur,158,1154,487,56.4,41.977533333333334,14.0,14.0
12920,2026-08-27,BZY,Basai,152,0.0,92.9,1101,540,upcoming,upcoming,False,4,13,59,8,afternoon,False,LAR,Lalitpur,158,1154,487,56.4,41.977533333333334,14.0,14.0
12920,2026-08-27,MZX,Matatila,153,0.0,92.9,1109,532,upcoming,upcoming,False,4,13,59,8,afternoon,False,LAR,Lalitpur,158,1154,487,56.4,41.977533333333334,14.0,14.0
12920,2026-08-27,TBT,Talbahat,154,0.0,92.9,1114,527,upcoming,upcoming,False,4,13,59,8,afternoon,False,LAR,Lalitpur,158,1154,487,56.4,41.977533333333334,14.0,14.0
12920,2026-08-27,BJA,Bijrotha,155,0.0,92.9,1125,516,upcoming,upcoming,False,4,13,59,8,afternoon,False,LAR,Lalitpur,158,1154,487,56.4,41.977533333333334,14.0,14.0
12920,2026-08-27,JHA,Jakhaura,156,0.0,92.9,1134,507,upcoming,upcoming,False,4,13,59,8,afternoon,False,LAR,Lalitpur,158,1154,487,56.4,41.977533333333334,14.0,14.0
12920,2026-08-27,DWA,Dailwara,157,0.0,92.9,1144,497,upcoming,upcoming,False,4,13,59,8,afternoon,False,LAR,Lalitpur,158,1154,487,56.4,41.977533333333334,14.0,14.0
12920,2026-08-27,LAR,Lalitpur,158,16.0,56.4,1154,487,upcoming,upcoming,True,4,13,59,8,afternoon,False,BINA,Bina Jn,165,1217,424,87.1,41.977533333333334,14.0,-2.0
12920,2026-08-27,JRO,Jiron,159,0.0,56.4,1164,477,upcoming,upcoming,False,4,13,59,8,afternoon,False,BINA,Bina Jn,165,1217,424,87.1,41.977533333333334,14.0,14.0
12920,2026-08-27,JLN,Jakhalaun,160,0.0,56.4,1171,470,upcoming,upcoming,False,4,13,59,8,afternoon,False,BINA,Bina Jn,165,1217,424,87.1,41.977533333333334,14.0,14.0
12920,2026-08-27,DUA,Dhaura,161,0.0,56.4,1182,459,upcoming,upcoming,False,4,13,59,8,afternoon,False,BINA,Bina Jn,165,1217,424,87.1,41.977533333333334,14.0,14.0
12920,2026-08-27,MXS,Mohasa,162,0.0,56.4,1191,450,upcoming,upcoming,False,4,13,59,8,afternoon,False,BINA,Bina Jn,165,1217,424,87.1,41.977533333333334,14.0,14.0
12920,2026-08-27,KOA,Karonda,163,0.0,56.4,1197,444,upcoming,upcoming,False,4,13,59,8,afternoon,False,BINA,Bina Jn,165,1217,424,87.1,41.977533333333334,14.0,14.0
12920,2026-08-27,AGD,Agasod,164,0.0,56.4,1209,432,upcoming,upcoming,False,4,13,59,8,afternoon,False,BINA,Bina Jn,165,1217,424,87.1,41.977533333333334,14.0,14.0
12920,2026-08-27,BINA,Bina Jn,165,16.0,87.1,1217,424,upcoming,upcoming,True,4,13,59,8,afternoon,False,BAQ,Ganj Basoda,171,1262,379,96.0,41.977533333333334,14.0,-2.0
12920,2026-08-27,KIKA,Kurwai Kethora,166,0.0,87.1,1226,415,upcoming,upcoming,False,4,13,59,8,afternoon,False,BAQ,Ganj Basoda,171,1262,379,96.0,41.977533333333334,14.0,14.0
12920,2026-08-27,MABA,Mandi Bamora,167,0.0,87.1,1234,407,upcoming,upcoming,False,4,13,59,8,afternoon,False,BAQ,Ganj Basoda,171,1262,379,96.0,41.977533333333334,14.0,14.0
12920,2026-08-27,KAH,Kalhar,168,0.0,87.1,1243,398,upcoming,upcoming,False,4,13,59,8,afternoon,False,BAQ,Ganj Basoda,171,1262,379,96.0,41.977533333333334,14.0,14.0
12920,2026-08-27,CLHT,Chulheta,169,0.0,87.1,1248,393,upcoming,upcoming,False,4,13,59,8,afternoon,False,BAQ,Ganj Basoda,171,1262,379,96.0,41.977533333333334,14.0,14.0
12920,2026-08-27,BET,Bareth,170,0.0,87.1,1252,389,upcoming,upcoming,False,4,13,59,8,afternoon,False,BAQ,Ganj Basoda,171,1262,379,96.0,41.977533333333334,14.0,14.0
12920,2026-08-27,BAQ,Ganj Basoda,171,16.0,96.0,1262,379,upcoming,upcoming,True,4,13,59,8,afternoon,False,BHS,Vidisha,176,1302,339,56.7,41.977533333333334,14.0,-2.0
12920,2026-08-27,PAI,Pabai,172,0.0,96.0,1271,370,upcoming,upcoming,False,4,13,59,8,afternoon,False,BHS,Vidisha,176,1302,339,56.7,41.977533333333334,14.0,14.0
12920,2026-08-27,GLG,Gulabhganj,173,0.0,96.0,1281,360,upcoming,upcoming,False,4,13,59,8,afternoon,False,BHS,Vidisha,176,1302,339,56.7,41.977533333333334,14.0,14.0
12920,2026-08-27,SUMR,Sumer,174,0.0,96.0,1288,353,upcoming,upcoming,False,4,13,59,8,afternoon,False,BHS,Vidisha,176,1302,339,56.7,41.977533333333334,14.0,14.0
12920,2026-08-27,SORI,Sorai,175,0.0,96.0,1296,345,upcoming,upcoming,False,4,13,59,8,afternoon,False,BHS,Vidisha,176,1302,339,56.7,41.977533333333334,14.0,14.0
12920,2026-08-27,BHS,Vidisha,176,16.0,56.7,1302,339,upcoming,upcoming,True,4,13,59,8,afternoon,False,NSZ,Nishatpura,182,1354,287,4.6,41.977533333333334,14.0,-2.0
12920,2026-08-27,SCI,Sanchi,177,0.0,56.7,1311,330,upcoming,upcoming,False,4,13,59,8,afternoon,False,NSZ,Nishatpura,182,1354,287,4.6,41.977533333333334,14.0,14.0
12920,2026-08-27,SMT,Salamatpur,178,0.0,56.7,1318,323,upcoming,upcoming,False,4,13,59,8,afternoon,False,NSZ,Nishatpura,182,1354,287,4.6,41.977533333333334,14.0,14.0
12920,2026-08-27,DWG,Dewanganj,179,0.0,56.7,1328,313,upcoming,upcoming,False,4,13,59,8,afternoon,False,NSZ,Nishatpura,182,1354,287,4.6,41.977533333333334,14.0,14.0
12920,2026-08-27,BVB,Bhadbhadaghat,180,0.0,56.7,1336,305,upcoming,upcoming,False,4,13,59,8,afternoon,False,NSZ,Nishatpura,182,1354,287,4.6,41.977533333333334,14.0,14.0
12920,2026-08-27,SUW,Sukhisewaniyan,181,0.0,56.7,1344,297,upcoming,upcoming,False,4,13,59,8,afternoon,False,NSZ,Nishatpura,182,1354,287,4.6,41.977533333333334,14.0,14.0
12920,2026-08-27,NSZ,Nishatpura,182,16.0,4.6,1354,287,upcoming,upcoming,True,4,13,59,8,afternoon,False,BPL,Bhopal Jn,183,1355,286,28.6,41.977533333333334,14.0,-2.0
12920,2026-08-27,BPL,Bhopal Jn,183,16.0,28.6,1355,286,upcoming,upcoming,True,4,13,59,8,afternoon,False,SHRN,Sant Hirdaram Nagar Jn,184,1365,276,174.0,41.977533333333334,14.0,-2.0
12920,2026-08-27,SHRN,Sant Hirdaram Nagar Jn,184,16.0,174.0,1365,276,upcoming,upcoming,True,4,13,59,8,afternoon,False,SEH,Sehore,188,1394,247,66.9,41.977533333333334,14.0,-2.0
12920,2026-08-27,BQE,Bakanian Bhaunri,185,0.0,174.0,1373,268,upcoming,upcoming,False,4,13,59,8,afternoon,False,SEH,Sehore,188,1394,247,66.9,41.977533333333334,14.0,14.0
12920,2026-08-27,PUD,Phanda,186,0.0,174.0,1381,260,upcoming,upcoming,False,4,13,59,8,afternoon,False,SEH,Sehore,188,1394,247,66.9,41.977533333333334,14.0,14.0
12920,2026-08-27,PNWN,Pachwan,187,0.0,174.0,1388,253,upcoming,upcoming,False,4,13,59,8,afternoon,False,SEH,Sehore,188,1394,247,66.9,41.977533333333334,14.0,14.0
12920,2026-08-27,SEH,Sehore,188,16.0,66.9,1394,247,upcoming,upcoming,True,4,13,59,8,afternoon,False,KPP,Kalapipal,192,1423,218,60.0,41.977533333333334,14.0,-2.0
12920,2026-08-27,BKTL,Baktal,189,0.0,66.9,1402,239,upcoming,upcoming,False,4,13,59,8,afternoon,False,KPP,Kalapipal,192,1423,218,60.0,41.977533333333334,14.0,14.0
12920,2026-08-27,PRB,Parbati,190,0.0,66.9,1408,233,upcoming,upcoming,False,4,13,59,8,afternoon,False,KPP,Kalapipal,192,1423,218,60.0,41.977533333333334,14.0,14.0
12920,2026-08-27,JBX,Jabri,191,0.0,66.9,1415,226,upcoming,upcoming,False,4,13,59,8,afternoon,False,KPP,Kalapipal,192,1423,218,60.0,41.977533333333334,14.0,14.0
12920,2026-08-27,KPP,Kalapipal,192,16.0,60.0,1423,218,upcoming,upcoming,True,4,13,59,8,afternoon,False,SJP,Shujalpur,194,1435,206,60.0,41.977533333333334,14.0,-2.0
12920,2026-08-27,CKOD,Chakrod,193,0.0,60.0,1429,212,upcoming,upcoming,False,4,13,59,8,afternoon,False,SJP,Shujalpur,194,1435,206,60.0,41.977533333333334,14.0,14.0
12920,2026-08-27,SJP,Shujalpur,194,16.0,60.0,1435,206,upcoming,upcoming,True,4,13,59,8,afternoon,False,AKD,Akodia,196,1448,193,69.2,41.977533333333334,14.0,-2.0
12920,2026-08-27,MQE,Mohammadkhera,195,0.0,60.0,1442,199,upcoming,upcoming,False,4,13,59,8,afternoon,False,AKD,Akodia,196,1448,193,69.2,41.977533333333334,14.0,14.0
12920,2026-08-27,AKD,Akodia,196,16.0,69.2,1448,193,upcoming,upcoming,True,4,13,59,8,afternoon,False,BCH,Berchha,200,1478,163,42.2,41.977533333333334,14.0,-2.0
12920,2026-08-27,BLX,Bolai,197,0.0,69.2,1460,181,upcoming,upcoming,False,4,13,59,8,afternoon,False,BCH,Berchha,200,1478,163,42.2,41.977533333333334,14.0,14.0
12920,2026-08-27,KSH,Kali Sindh,198,0.0,69.2,1466,175,upcoming,upcoming,False,4,13,59,8,afternoon,False,BCH,Berchha,200,1478,163,42.2,41.977533333333334,14.0,14.0
12920,2026-08-27,KONY,Kisoni,199,0.0,69.2,1473,168,upcoming,upcoming,False,4,13,59,8,afternoon,False,BCH,Berchha,200,1478,163,42.2,41.977533333333334,14.0,14.0
12920,2026-08-27,BCH,Berchha,200,16.0,42.2,1478,163,upcoming,upcoming,True,4,13,59,8,afternoon,False,MKC,Maksi Jn,202,1497,144,49.2,41.977533333333334,14.0,-2.0
12920,2026-08-27,PUO,Pir Umrod,201,0.0,42.2,1490,151,upcoming,upcoming,False,4,13,59,8,afternoon,False,MKC,Maksi Jn,202,1497,144,49.2,41.977533333333334,14.0,14.0
12920,2026-08-27,MKC,Maksi Jn,202,16.0,49.2,1497,144,upcoming,upcoming,True,4,13,59,8,afternoon,False,UJN,Ujjain Jn,207,1538,103,44.7,41.977533333333334,14.0,-2.0
12920,2026-08-27,TAN,Tarana Road,203,0.0,49.2,1507,134,upcoming,upcoming,False,4,13,59,8,afternoon,False,UJN,Ujjain Jn,207,1538,103,44.7,41.977533333333334,14.0,14.0
12920,2026-08-27,SVT,Shivpura,204,0.0,49.2,1513,128,upcoming,upcoming,False,4,13,59,8,afternoon,False,UJN,Ujjain Jn,207,1538,103,44.7,41.977533333333334,14.0,14.0
12920,2026-08-27,TJP,Tajpur,205,0.0,49.2,1523,118,upcoming,upcoming,False,4,13,59,8,afternoon,False,UJN,Ujjain Jn,207,1538,103,44.7,41.977533333333334,14.0,14.0
12920,2026-08-27,PLW,Pingleshwar,206,0.0,49.2,1529,112,upcoming,upcoming,False,4,13,59,8,afternoon,False,UJN,Ujjain Jn,207,1538,103,44.7,41.977533333333334,14.0,14.0
12920,2026-08-27,UJN,Ujjain Jn,207,16.0,44.7,1538,103,upcoming,upcoming,True,4,13,59,8,afternoon,False,DWX,Dewas,212,1579,62,39.0,41.977533333333334,14.0,-2.0
12920,2026-08-27,VRG,Vikramnagar,208,0.0,44.7,1544,97,upcoming,upcoming,False,4,13,59,8,afternoon,False,DWX,Dewas,212,1579,62,39.0,41.977533333333334,14.0,14.0
12920,2026-08-27,KDHA,Karchha,209,0.0,44.7,1556,85,upcoming,upcoming,False,4,13,59,8,afternoon,False,DWX,Dewas,212,1579,62,39.0,41.977533333333334,14.0,14.0
12920,2026-08-27,UDM,Undasa Madhawpu,210,0.0,44.7,1563,78,upcoming,upcoming,False,4,13,59,8,afternoon,False,DWX,Dewas,212,1579,62,39.0,41.977533333333334,14.0,14.0
12920,2026-08-27,NRGR,Naranjipur,211,0.0,44.7,1569,72,upcoming,upcoming,False,4,13,59,8,afternoon,False,DWX,Dewas,212,1579,62,39.0,41.977533333333334,14.0,14.0
12920,2026-08-27,DWX,Dewas,212,16.0,39.0,1579,62,upcoming,upcoming,True,4,13,59,8,afternoon,False,INDB,Indore Jn,217,1620,21,31.5,41.977533333333334,14.0,-2.0
12920,2026-08-27,BNJN,Binjana,213,0.0,39.0,1585,56,upcoming,upcoming,False,4,13,59,8,afternoon,False,INDB,Indore Jn,217,1620,21,31.5,41.977533333333334,14.0,14.0
12920,2026-08-27,BLAX,Barlai,214,0.0,39.0,1595,46,upcoming,upcoming,False,4,13,59,8,afternoon,False,INDB,Indore Jn,217,1620,21,31.5,41.977533333333334,14.0,14.0
12920,2026-08-27,MGG,Mangliya Gaon,215,0.0,39.0,1606,35,upcoming,upcoming,False,4,13,59,8,afternoon,False,INDB,Indore Jn,217,1620,21,31.5,41.977533333333334,14.0,14.0
12920,2026-08-27,LMNR,Lakshmibai Ngr,216,0.0,39.0,1617,24,upcoming,upcoming,False,4,13,59,8,afternoon,False,INDB,Indore Jn,217,1620,21,31.5,41.977533333333334,14.0,14.0
12920,2026-08-27,INDB,Indore Jn,217,16.0,31.5,1620,21,upcoming,upcoming,True,4,13,59,8,afternoon,False,DADN,Dr. Ambedkar Nagar,223,1641,0,,41.977533333333334,14.0,-2.0
12920,2026-08-27,SFNR,Saifinagar Halt,218,0.0,31.5,1622,19,upcoming,upcoming,False,4,13,59,8,afternoon,False,DADN,Dr. Ambedkar Nagar,223,1641,0,,41.977533333333334,14.0,14.0
12920,2026-08-27,LKMN,Lokmanya Nagar,219,0.0,31.5,1624,17,upcoming,upcoming,False,4,13,59,8,afternoon,False,DADN,Dr. Ambedkar Nagar,223,1641,0,,41.977533333333334,14.0,14.0
12920,2026-08-27,RJQ,Rajendranagar,220,0.0,31.5,1627,14,upcoming,upcoming,False,4,13,59,8,afternoon,False,DADN,Dr. Ambedkar Nagar,223,1641,0,,41.977533333333334,14.0,14.0
12920,2026-08-27,RAU,Rau,221,0.0,31.5,1632,9,upcoming,upcoming,False,4,13,59,8,afternoon,False,DADN,Dr. Ambedkar Nagar,223,1641,0,,41.977533333333334,14.0,14.0
12920,2026-08-27,HKH,Haranya Kheri,222,0.0,31.5,1638,3,upcoming,upcoming,False,4,13,59,8,afternoon,False,DADN,Dr. Ambedkar Nagar,223,1641,0,,41.977533333333334,14.0,14.0
12921,2026-08-27,MMCT,Mumbai Central,1,0.0,78.5,0,262,departed,departed,True,4,13,54,8,afternoon,False,MX,Mahalakshmi,2,1,261,78.5,4.099866666666666,0.0,0.0
12921,2026-08-27,MX,Mahalakshmi,2,0.0,78.5,1,261,departed,departed,False,4,13,54,8,afternoon,False,PL,Lower Parel,3,3,259,78.5,4.099866666666666,0.0,0.0
12921,2026-08-27,PL,Lower Parel,3,0.0,78.5,3,259,departed,departed,False,4,13,54,8,afternoon,False,PBHD,Prabhadevi,4,5,257,78.5,4.099866666666666,0.0,0.0
12921,2026-08-27,PBHD,Prabhadevi,4,0.0,78.5,5,257,departed,departed,False,4,13,54,8,afternoon,False,DDR,Dadar,5,6,256,78.5,4.099866666666666,0.0,0.0
12921,2026-08-27,DDR,Dadar,5,0.0,78.5,6,256,departed,departed,False,4,13,54,8,afternoon,False,MRU,Bmby Matunga Road,6,7,255,78.5,4.099866666666666,0.0,0.0
12921,2026-08-27,MRU,Bmby Matunga Road,6,0.0,78.5,7,255,departed,departed,False,4,13,54,8,afternoon,False,MM,Mahim,7,8,254,78.5,4.099866666666666,0.0,0.0
12921,2026-08-27,MM,Mahim,7,0.0,78.5,8,254,departed,departed,False,4,13,54,8,afternoon,False,BA,Bandra,8,10,252,78.5,4.099866666666666,0.0,0.0
12921,2026-08-27,BA,Bandra,8,0.0,78.5,10,252,departed,departed,False,4,13,54,8,afternoon,False,KHAR,Khar,9,12,250,78.5,4.099866666666666,0.0,0.0
12921,2026-08-27,KHAR,Khar,9,0.0,78.5,12,250,departed,departed,False,4,13,54,8,afternoon,False,STC,Santa Cruz,10,13,249,78.5,4.099866666666666,0.0,0.0
12921,2026-08-27,STC,Santa Cruz,10,0.0,78.5,13,249,departed,departed,False,4,13,54,8,afternoon,False,VLP,Ville Parle,11,15,247,78.5,4.099866666666666,0.0,0.0
12921,2026-08-27,VLP,Ville Parle,11,11.0,78.5,15,247,departed,departed,False,4,13,54,8,afternoon,False,ADH,Andheri,12,17,245,65.0,4.099866666666666,2.0,-9.0
12921,2026-08-27,ADH,Andheri,12,2.0,65.0,17,245,departed,departed,True,4,13,54,8,afternoon,False,JOS,Jogeshvari,13,19,243,65.0,4.099866666666666,0.0,-2.0
12921,2026-08-27,JOS,Jogeshvari,13,0.0,65.0,19,243,departed,departed,False,4,13,54,8,afternoon,False,RMAR,Ram Mandir,14,21,241,65.0,4.099866666666666,0.0,0.0
12921,2026-08-27,RMAR,Ram Mandir,14,0.0,65.0,21,241,departed,departed,False,4,13,54,8,afternoon,False,GMN,Goregaon,15,22,240,65.0,4.099866666666666,0.0,0.0
12921,2026-08-27,GMN,Goregaon,15,0.0,65.0,22,240,departed,departed,False,4,13,54,8,afternoon,False,MDD,Malad,16,25,237,65.0,4.099866666666666,0.0,0.0
12921,2026-08-27,MDD,Malad,16,12.0,65.0,25,237,departed,departed,False,4,13,54,8,afternoon,False,KILE,Kandivli,17,27,235,65.0,4.099866666666666,0.0,-12.0
12921,2026-08-27,KILE,Kandivli,17,0.0,65.0,27,235,departed,departed,False,4,13,54,8,afternoon,False,BVI,Borivali,18,30,232,73.0,4.099866666666666,25.0,25.0
12921,2026-08-27,BVI,Borivali,18,25.0,73.0,30,232,departed,departed,True,4,13,54,8,afternoon,False,DIC,Dahisar,19,32,230,73.0,4.099866666666666,0.0,-25.0
12921,2026-08-27,DIC,Dahisar,19,0.0,73.0,32,230,departed,departed,False,4,13,54,8,afternoon,False,MIRA,Mira Road,20,35,227,73.0,4.099866666666666,0.0,0.0
12921,2026-08-27,MIRA,Mira Road,20,29.0,73.0,35,227,departed,departed,False,4,13,54,8,afternoon,False,BYR,Bhayandar,21,39,223,73.0,4.099866666666666,0.0,-29.0
12921,2026-08-27,BYR,Bhayandar,21,0.0,73.0,39,223,departed,departed,False,4,13,54,8,afternoon,False,NIG,Naigaon,22,43,219,73.0,4.099866666666666,0.0,0.0
12921,2026-08-27,NIG,Naigaon,22,29.0,73.0,43,219,departed,departed,False,4,13,54,8,afternoon,False,BSR,Vasai Road,23,47,215,73.0,4.099866666666666,0.0,-29.0
12921,2026-08-27,BSR,Vasai Road,23,0.0,73.0,47,215,departed,departed,False,4,13,54,8,afternoon,False,NSP,Nalla Sopara,24,51,211,73.0,4.099866666666666,0.0,0.0
12921,2026-08-27,NSP,Nalla Sopara,24,0.0,73.0,51,211,departed,departed,False,4,13,54,8,afternoon,False,VR,Virar,25,56,206,73.0,4.099866666666666,0.0,0.0
12921,2026-08-27,VR,Virar,25,0.0,73.0,56,206,departed,departed,False,4,13,54,8,afternoon,False,VTN,Vaitarna,26,64,198,73.0,4.099866666666666,32.0,32.0
12921,2026-08-27,VTN,Vaitarna,26,33.0,73.0,64,198,departed,departed,False,4,13,54,8,afternoon,False,SAH,Saphale,27,72,190,73.0,4.099866666666666,0.0,-33.0
12921,2026-08-27,SAH,Saphale,27,0.0,73.0,72,190,upcoming,upcoming,False,4,13,54,8,afternoon,False,KLV,Kelva Road,28,78,184,73.0,4.099866666666666,0.0,0.0
12921,2026-08-27,KLV,Kelva Road,28,0.0,73.0,78,184,upcoming,upcoming,False,4,13,54,8,afternoon,False,PLG,Palghar,29,86,176,94.3,4.099866666666666,37.0,37.0
12921,2026-08-27,PLG,Palghar,29,33.0,94.3,86,176,upcoming,upcoming,True,4,13,54,8,afternoon,False,UOI,Umroli,30,93,169,94.3,4.099866666666666,0.0,-33.0
12921,2026-08-27,UOI,Umroli,30,0.0,94.3,93,169,upcoming,upcoming,False,4,13,54,8,afternoon,False,BOR,Boisar,31,98,164,94.3,4.099866666666666,0.0,0.0
12921,2026-08-27,BOR,Boisar,31,0.0,94.3,98,164,upcoming,upcoming,False,4,13,54,8,afternoon,False,VGN,Vangaon,32,107,155,94.3,4.099866666666666,0.0,0.0
12921,2026-08-27,VGN,Vangaon,32,0.0,94.3,107,155,upcoming,upcoming,False,4,13,54,8,afternoon,False,DRD,Dahanu Road,33,119,143,54.8,4.099866666666666,37.0,37.0
12921,2026-08-27,DRD,Dahanu Road,33,33.0,54.8,119,143,upcoming,upcoming,True,4,13,54,8,afternoon,False,GVD,Gholvad,34,130,132,54.8,4.099866666666666,0.0,-33.0
12921,2026-08-27,GVD,Gholvad,34,0.0,54.8,130,132,upcoming,upcoming,False,4,13,54,8,afternoon,False,BRRD,Bordi Road,35,135,127,54.8,4.099866666666666,0.0,0.0
12921,2026-08-27,BRRD,Bordi Road,35,0.0,54.8,135,127,upcoming,upcoming,False,4,13,54,8,afternoon,False,UBR,Umbargam Road,36,140,122,93.3,4.099866666666666,37.0,37.0
12921,2026-08-27,UBR,Umbargam Road,36,33.0,93.3,140,122,upcoming,upcoming,True,4,13,54,8,afternoon,False,SJN,Sanjan,37,145,117,93.3,4.099866666666666,0.0,-33.0
12921,2026-08-27,SJN,Sanjan,37,0.0,93.3,145,117,upcoming,upcoming,False,4,13,54,8,afternoon,False,BLD,Bhilad,38,156,106,93.3,4.099866666666666,0.0,0.0
12921,2026-08-27,BLD,Bhilad,38,0.0,93.3,156,106,upcoming,upcoming,False,4,13,54,8,afternoon,False,KEB,Karambeli,39,161,101,93.3,4.099866666666666,0.0,0.0
12921,2026-08-27,KEB,Karambeli,39,0.0,93.3,161,101,upcoming,upcoming,False,4,13,54,8,afternoon,False,VAPI,Vapi,40,168,94,55.7,4.099866666666666,37.0,37.0
12921,2026-08-27,VAPI,Vapi,40,33.0,55.7,168,94,upcoming,upcoming,True,4,13,54,8,afternoon,False,BAGD,Bagwada,41,175,87,55.7,4.099866666666666,0.0,-33.0
12921,2026-08-27,BAGD,Bagwada,41,0.0,55.7,175,87,upcoming,upcoming,False,4,13,54,8,afternoon,False,UVD,Udvada,42,178,84,55.7,4.099866666666666,0.0,0.0
12921,2026-08-27,UVD,Udvada,42,0.0,55.7,178,84,upcoming,upcoming,False,4,13,54,8,afternoon,False,PAD,Pardi,43,183,79,55.7,4.099866666666666,0.0,0.0
12921,2026-08-27,PAD,Pardi,43,0.0,55.7,183,79,upcoming,upcoming,False,4,13,54,8,afternoon,False,ATUL,Atul,44,187,75,55.7,4.099866666666666,0.0,0.0
12921,2026-08-27,ATUL,Atul,44,0.0,55.7,187,75,upcoming,upcoming,False,4,13,54,8,afternoon,False,BL,Valsad,45,194,68,54.0,4.099866666666666,37.0,37.0
12921,2026-08-27,BL,Valsad,45,33.0,54.0,194,68,upcoming,upcoming,True,4,13,54,8,afternoon,False,DGI,Dungri,46,203,59,54.0,4.099866666666666,0.0,-33.0
12921,2026-08-27,DGI,Dungri,46,0.0,54.0,203,59,upcoming,upcoming,False,4,13,54,8,afternoon,False,JRS,Joravasan,47,208,54,54.0,4.099866666666666,0.0,0.0
12921,2026-08-27,JRS,Joravasan,47,0.0,54.0,208,54,upcoming,upcoming,False,4,13,54,8,afternoon,False,BIM,Bilimora Jn,48,212,50,33.3,4.099866666666666,37.0,37.0
12921,2026-08-27,BIM,Bilimora Jn,48,33.0,33.3,212,50,upcoming,upcoming,True,4,13,54,8,afternoon,False,AML,Amalsad,49,217,45,60.0,4.099866666666666,37.0,4.0
12921,2026-08-27,AML,Amalsad,49,33.0,60.0,217,45,upcoming,upcoming,True,4,13,54,8,afternoon,False,ACL,Ancheli,50,221,41,60.0,4.099866666666666,0.0,-33.0
12921,2026-08-27,ACL,Ancheli,50,0.0,60.0,221,41,upcoming,upcoming,False,4,13,54,8,afternoon,False,VDH,Vedchha,51,224,38,60.0,4.099866666666666,0.0,0.0
12921,2026-08-27,VDH,Vedchha,51,0.0,60.0,224,38,upcoming,upcoming,False,4,13,54,8,afternoon,False,HXR,Hansapore,52,228,34,60.0,4.099866666666666,0.0,0.0
12921,2026-08-27,HXR,Hansapore,52,0.0,60.0,228,34,upcoming,upcoming,False,4,13,54,8,afternoon,False,GNST,Gandhi Smriti,53,230,32,60.0,4.099866666666666,0.0,0.0
12921,2026-08-27,GNST,Gandhi Smriti,53,0.0,60.0,230,32,upcoming,upcoming,False,4,13,54,8,afternoon,False,NVS,Navsari,54,233,29,80.0,4.099866666666666,37.0,37.0
12921,2026-08-27,NVS,Navsari,54,33.0,80.0,233,29,upcoming,upcoming,True,4,13,54,8,afternoon,False,MRL,Maroli,55,241,21,70.0,4.099866666666666,37.0,4.0
12921,2026-08-27,MRL,Maroli,55,33.0,70.0,241,21,upcoming,upcoming,True,4,13,54,8,afternoon,False,SCH,Sachin,56,248,14,46.2,4.099866666666666,37.0,4.0
12921,2026-08-27,SCH,Sachin,56,33.0,46.2,248,14,upcoming,upcoming,True,4,13,54,8,afternoon,False,BHET,Bhestan,57,253,9,46.2,4.099866666666666,0.0,-33.0
12921,2026-08-27,BHET,Bhestan,57,0.0,46.2,253,9,upcoming,upcoming,False,4,13,54,8,afternoon,False,UDN,Udhna Jn,58,258,4,9.6,4.099866666666666,37.0,37.0
12921,2026-08-27,UDN,Udhna Jn,58,33.0,9.6,258,4,upcoming,upcoming,True,4,13,54,8,afternoon,False,ST,Surat,59,262,0,0.0,4.099866666666666,37.0,4.0
12921,2026-08-27,MMCT,Mumbai Central,1,0.0,78.5,0,262,departed,departed,True,4,13,59,8,afternoon,False,VLP,Ville Parle,11,15,247,78.5,41.99743333333333,11.0,11.0
12921,2026-08-27,MX,Mahalakshmi,2,0.0,78.5,1,261,departed,departed,False,4,13,59,8,afternoon,False,VLP,Ville Parle,11,15,247,78.5,41.99743333333333,11.0,11.0
12921,2026-08-27,PL,Lower Parel,3,0.0,78.5,3,259,departed,departed,False,4,13,59,8,afternoon,False,VLP,Ville Parle,11,15,247,78.5,41.99743333333333,11.0,11.0
12921,2026-08-27,PBHD,Prabhadevi,4,0.0,78.5,5,257,departed,departed,False,4,13,59,8,afternoon,False,VLP,Ville Parle,11,15,247,78.5,41.99743333333333,11.0,11.0
12921,2026-08-27,DDR,Dadar,5,0.0,78.5,6,256,departed,departed,False,4,13,59,8,afternoon,False,VLP,Ville Parle,11,15,247,78.5,41.99743333333333,11.0,11.0
12921,2026-08-27,MRU,Bmby Matunga Road,6,0.0,78.5,7,255,departed,departed,False,4,13,59,8,afternoon,False,VLP,Ville Parle,11,15,247,78.5,41.99743333333333,11.0,11.0
12921,2026-08-27,MM,Mahim,7,0.0,78.5,8,254,departed,departed,False,4,13,59,8,afternoon,False,VLP,Ville Parle,11,15,247,78.5,41.99743333333333,11.0,11.0
12921,2026-08-27,BA,Bandra,8,0.0,78.5,10,252,departed,departed,False,4,13,59,8,afternoon,False,VLP,Ville Parle,11,15,247,78.5,41.99743333333333,11.0,11.0
12921,2026-08-27,KHAR,Khar,9,0.0,78.5,12,250,departed,departed,False,4,13,59,8,afternoon,False,VLP,Ville Parle,11,15,247,78.5,41.99743333333333,11.0,11.0
12921,2026-08-27,STC,Santa Cruz,10,0.0,78.5,13,249,departed,departed,False,4,13,59,8,afternoon,False,VLP,Ville Parle,11,15,247,78.5,41.99743333333333,11.0,11.0
12921,2026-08-27,VLP,Ville Parle,11,0.0,78.5,15,247,departed,departed,False,4,13,59,8,afternoon,False,ADH,Andheri,12,17,245,65.0,41.99743333333333,2.0,2.0
12921,2026-08-27,ADH,Andheri,12,2.0,65.0,17,245,departed,departed,True,4,13,59,8,afternoon,False,MDD,Malad,16,25,237,65.0,41.99743333333333,12.0,10.0
12921,2026-08-27,JOS,Jogeshvari,13,0.0,65.0,19,243,departed,departed,False,4,13,59,8,afternoon,False,MDD,Malad,16,25,237,65.0,41.99743333333333,12.0,12.0
12921,2026-08-27,RMAR,Ram Mandir,14,0.0,65.0,21,241,departed,departed,False,4,13,59,8,afternoon,False,MDD,Malad,16,25,237,65.0,41.99743333333333,12.0,12.0
12921,2026-08-27,GMN,Goregaon,15,0.0,65.0,22,240,departed,departed,False,4,13,59,8,afternoon,False,MDD,Malad,16,25,237,65.0,41.99743333333333,12.0,12.0
12921,2026-08-27,MDD,Malad,16,0.0,65.0,25,237,departed,departed,False,4,13,59,8,afternoon,False,BVI,Borivali,18,30,232,73.0,41.99743333333333,25.0,25.0
12921,2026-08-27,KILE,Kandivli,17,0.0,65.0,27,235,departed,departed,False,4,13,59,8,afternoon,False,BVI,Borivali,18,30,232,73.0,41.99743333333333,25.0,25.0
12921,2026-08-27,BVI,Borivali,18,25.0,73.0,30,232,departed,departed,True,4,13,59,8,afternoon,False,MIRA,Mira Road,20,35,227,73.0,41.99743333333333,29.0,4.0
12921,2026-08-27,DIC,Dahisar,19,0.0,73.0,32,230,departed,departed,False,4,13,59,8,afternoon,False,MIRA,Mira Road,20,35,227,73.0,41.99743333333333,29.0,29.0
12921,2026-08-27,MIRA,Mira Road,20,0.0,73.0,35,227,departed,departed,False,4,13,59,8,afternoon,False,NIG,Naigaon,22,43,219,73.0,41.99743333333333,29.0,29.0
12921,2026-08-27,BYR,Bhayandar,21,0.0,73.0,39,223,departed,departed,False,4,13,59,8,afternoon,False,NIG,Naigaon,22,43,219,73.0,41.99743333333333,29.0,29.0
12921,2026-08-27,NIG,Naigaon,22,0.0,73.0,43,219,departed,departed,False,4,13,59,8,afternoon,False,VTN,Vaitarna,26,64,198,73.0,41.99743333333333,32.0,32.0
12921,2026-08-27,BSR,Vasai Road,23,0.0,73.0,47,215,departed,departed,False,4,13,59,8,afternoon,False,VTN,Vaitarna,26,64,198,73.0,41.99743333333333,32.0,32.0
12921,2026-08-27,NSP,Nalla Sopara,24,0.0,73.0,51,211,departed,departed,False,4,13,59,8,afternoon,False,VTN,Vaitarna,26,64,198,73.0,41.99743333333333,32.0,32.0
12921,2026-08-27,VR,Virar,25,0.0,73.0,56,206,departed,departed,False,4,13,59,8,afternoon,False,VTN,Vaitarna,26,64,198,73.0,41.99743333333333,32.0,32.0
12921,2026-08-27,VTN,Vaitarna,26,32.0,73.0,64,198,departed,departed,False,4,13,59,8,afternoon,False,PLG,Palghar,29,86,176,94.3,41.99743333333333,26.0,-6.0
12921,2026-08-27,SAH,Saphale,27,0.0,73.0,72,190,upcoming,upcoming,False,4,13,59,8,afternoon,False,PLG,Palghar,29,86,176,94.3,41.99743333333333,26.0,26.0
12921,2026-08-27,KLV,Kelva Road,28,0.0,73.0,78,184,upcoming,upcoming,False,4,13,59,8,afternoon,False,PLG,Palghar,29,86,176,94.3,41.99743333333333,26.0,26.0
12921,2026-08-27,PLG,Palghar,29,37.0,94.3,86,176,upcoming,upcoming,True,4,13,59,8,afternoon,False,DRD,Dahanu Road,33,119,143,54.8,41.99743333333333,32.0,-5.0
12921,2026-08-27,UOI,Umroli,30,0.0,94.3,93,169,upcoming,upcoming,False,4,13,59,8,afternoon,False,DRD,Dahanu Road,33,119,143,54.8,41.99743333333333,32.0,32.0
12921,2026-08-27,BOR,Boisar,31,0.0,94.3,98,164,upcoming,upcoming,False,4,13,59,8,afternoon,False,DRD,Dahanu Road,33,119,143,54.8,41.99743333333333,32.0,32.0
12921,2026-08-27,VGN,Vangaon,32,0.0,94.3,107,155,upcoming,upcoming,False,4,13,59,8,afternoon,False,DRD,Dahanu Road,33,119,143,54.8,41.99743333333333,32.0,32.0
12921,2026-08-27,DRD,Dahanu Road,33,37.0,54.8,119,143,upcoming,upcoming,True,4,13,59,8,afternoon,False,UBR,Umbargam Road,36,140,122,93.3,41.99743333333333,36.0,-1.0
12921,2026-08-27,GVD,Gholvad,34,0.0,54.8,130,132,upcoming,upcoming,False,4,13,59,8,afternoon,False,UBR,Umbargam Road,36,140,122,93.3,41.99743333333333,36.0,36.0
12921,2026-08-27,BRRD,Bordi Road,35,0.0,54.8,135,127,upcoming,upcoming,False,4,13,59,8,afternoon,False,UBR,Umbargam Road,36,140,122,93.3,41.99743333333333,36.0,36.0
12921,2026-08-27,UBR,Umbargam Road,36,37.0,93.3,140,122,upcoming,upcoming,True,4,13,59,8,afternoon,False,VAPI,Vapi,40,168,94,55.7,41.99743333333333,36.0,-1.0
12921,2026-08-27,SJN,Sanjan,37,0.0,93.3,145,117,upcoming,upcoming,False,4,13,59,8,afternoon,False,VAPI,Vapi,40,168,94,55.7,41.99743333333333,36.0,36.0
12921,2026-08-27,BLD,Bhilad,38,0.0,93.3,156,106,upcoming,upcoming,False,4,13,59,8,afternoon,False,VAPI,Vapi,40,168,94,55.7,41.99743333333333,36.0,36.0
12921,2026-08-27,KEB,Karambeli,39,0.0,93.3,161,101,upcoming,upcoming,False,4,13,59,8,afternoon,False,VAPI,Vapi,40,168,94,55.7,41.99743333333333,36.0,36.0
12921,2026-08-27,VAPI,Vapi,40,37.0,55.7,168,94,upcoming,upcoming,True,4,13,59,8,afternoon,False,BL,Valsad,45,194,68,54.0,41.99743333333333,36.0,-1.0
12921,2026-08-27,BAGD,Bagwada,41,0.0,55.7,175,87,upcoming,upcoming,False,4,13,59,8,afternoon,False,BL,Valsad,45,194,68,54.0,41.99743333333333,36.0,36.0
12921,2026-08-27,UVD,Udvada,42,0.0,55.7,178,84,upcoming,upcoming,False,4,13,59,8,afternoon,False,BL,Valsad,45,194,68,54.0,41.99743333333333,36.0,36.0
12921,2026-08-27,PAD,Pardi,43,0.0,55.7,183,79,upcoming,upcoming,False,4,13,59,8,afternoon,False,BL,Valsad,45,194,68,54.0,41.99743333333333,36.0,36.0
12921,2026-08-27,ATUL,Atul,44,0.0,55.7,187,75,upcoming,upcoming,False,4,13,59,8,afternoon,False,BL,Valsad,45,194,68,54.0,41.99743333333333,36.0,36.0
12921,2026-08-27,BL,Valsad,45,37.0,54.0,194,68,upcoming,upcoming,True,4,13,59,8,afternoon,False,BIM,Bilimora Jn,48,212,50,33.3,41.99743333333333,36.0,-1.0
12921,2026-08-27,DGI,Dungri,46,0.0,54.0,203,59,upcoming,upcoming,False,4,13,59,8,afternoon,False,BIM,Bilimora Jn,48,212,50,33.3,41.99743333333333,36.0,36.0
12921,2026-08-27,JRS,Joravasan,47,0.0,54.0,208,54,upcoming,upcoming,False,4,13,59,8,afternoon,False,BIM,Bilimora Jn,48,212,50,33.3,41.99743333333333,36.0,36.0
12921,2026-08-27,BIM,Bilimora Jn,48,37.0,33.3,212,50,upcoming,upcoming,True,4,13,59,8,afternoon,False,AML,Amalsad,49,217,45,60.0,41.99743333333333,36.0,-1.0
12921,2026-08-27,AML,Amalsad,49,37.0,60.0,217,45,upcoming,upcoming,True,4,13,59,8,afternoon,False,NVS,Navsari,54,233,29,80.0,41.99743333333333,36.0,-1.0
12921,2026-08-27,ACL,Ancheli,50,0.0,60.0,221,41,upcoming,upcoming,False,4,13,59,8,afternoon,False,NVS,Navsari,54,233,29,80.0,41.99743333333333,36.0,36.0
12921,2026-08-27,VDH,Vedchha,51,0.0,60.0,224,38,upcoming,upcoming,False,4,13,59,8,afternoon,False,NVS,Navsari,54,233,29,80.0,41.99743333333333,36.0,36.0
12921,2026-08-27,HXR,Hansapore,52,0.0,60.0,228,34,upcoming,upcoming,False,4,13,59,8,afternoon,False,NVS,Navsari,54,233,29,80.0,41.99743333333333,36.0,36.0
12921,2026-08-27,GNST,Gandhi Smriti,53,0.0,60.0,230,32,upcoming,upcoming,False,4,13,59,8,afternoon,False,NVS,Navsari,54,233,29,80.0,41.99743333333333,36.0,36.0
12921,2026-08-27,NVS,Navsari,54,37.0,80.0,233,29,upcoming,upcoming,True,4,13,59,8,afternoon,False,MRL,Maroli,55,241,21,70.0,41.99743333333333,36.0,-1.0
12921,2026-08-27,MRL,Maroli,55,37.0,70.0,241,21,upcoming,upcoming,True,4,13,59,8,afternoon,False,SCH,Sachin,56,248,14,46.2,41.99743333333333,36.0,-1.0
12921,2026-08-27,SCH,Sachin,56,37.0,46.2,248,14,upcoming,upcoming,True,4,13,59,8,afternoon,False,UDN,Udhna Jn,58,258,4,9.6,41.99743333333333,36.0,-1.0
12921,2026-08-27,BHET,Bhestan,57,0.0,46.2,253,9,upcoming,upcoming,False,4,13,59,8,afternoon,False,UDN,Udhna Jn,58,258,4,9.6,41.99743333333333,36.0,36.0
12921,2026-08-27,UDN,Udhna Jn,58,37.0,9.6,258,4,upcoming,upcoming,True,4,13,59,8,afternoon,False,ST,Surat,59,262,0,,41.99743333333333,36.0,-1.0
12922,2026-08-28,ST,Surat,1,0.0,26.7,0,262,at-station,at-station,True,4,13,55,8,afternoon,False,UDN,Udhna Jn,2,4,258,73.3,4.08045,0.0,0.0
12922,2026-08-28,UDN,Udhna Jn,2,0.0,73.3,4,258,upcoming,upcoming,True,4,13,55,8,afternoon,False,BHET,Bhestan,3,9,253,73.3,4.08045,0.0,0.0
12922,2026-08-28,BHET,Bhestan,3,0.0,73.3,9,253,upcoming,upcoming,False,4,13,55,8,afternoon,False,SCH,Sachin,4,15,247,40.0,4.08045,0.0,0.0
12922,2026-08-28,SCH,Sachin,4,0.0,40.0,15,247,upcoming,upcoming,True,4,13,55,8,afternoon,False,MRL,Maroli,5,21,241,60.0,4.08045,0.0,0.0
12922,2026-08-28,MRL,Maroli,5,0.0,60.0,21,241,upcoming,upcoming,True,4,13,55,8,afternoon,False,NVS,Navsari,6,29,233,73.8,4.08045,0.0,0.0
12922,2026-08-28,NVS,Navsari,6,0.0,73.8,29,233,upcoming,upcoming,True,4,13,55,8,afternoon,False,GNST,Gandhi Smriti,7,33,229,73.8,4.08045,0.0,0.0
12922,2026-08-28,GNST,Gandhi Smriti,7,0.0,73.8,33,229,upcoming,upcoming,False,4,13,55,8,afternoon,False,HXR,Hansapore,8,35,227,73.8,4.08045,0.0,0.0
12922,2026-08-28,HXR,Hansapore,8,0.0,73.8,35,227,upcoming,upcoming,False,4,13,55,8,afternoon,False,VDH,Vedchha,9,38,224,73.8,4.08045,0.0,0.0
12922,2026-08-28,VDH,Vedchha,9,0.0,73.8,38,224,upcoming,upcoming,False,4,13,55,8,afternoon,False,ACL,Ancheli,10,41,221,73.8,4.08045,0.0,0.0
12922,2026-08-28,ACL,Ancheli,10,0.0,73.8,41,221,upcoming,upcoming,False,4,13,55,8,afternoon,False,AML,Amalsad,11,45,217,21.4,4.08045,0.0,0.0
12922,2026-08-28,AML,Amalsad,11,0.0,21.4,45,217,upcoming,upcoming,True,4,13,55,8,afternoon,False,BIM,Bilimora Jn,12,50,212,49.6,4.08045,0.0,0.0
12922,2026-08-28,BIM,Bilimora Jn,12,0.0,49.6,50,212,upcoming,upcoming,True,4,13,55,8,afternoon,False,JRS,Joravasan,13,55,207,49.6,4.08045,0.0,0.0
12922,2026-08-28,JRS,Joravasan,13,0.0,49.6,55,207,upcoming,upcoming,False,4,13,55,8,afternoon,False,DGI,Dungri,14,60,202,49.6,4.08045,0.0,0.0
12922,2026-08-28,DGI,Dungri,14,0.0,49.6,60,202,upcoming,upcoming,False,4,13,55,8,afternoon,False,BL,Valsad,15,69,193,86.7,4.08045,0.0,0.0
12922,2026-08-28,BL,Valsad,15,0.0,86.7,69,193,upcoming,upcoming,True,4,13,55,8,afternoon,False,ATUL,Atul,16,75,187,86.7,4.08045,0.0,0.0
12922,2026-08-28,ATUL,Atul,16,0.0,86.7,75,187,upcoming,upcoming,False,4,13,55,8,afternoon,False,PAD,Pardi,17,79,183,86.7,4.08045,0.0,0.0
12922,2026-08-28,PAD,Pardi,17,0.0,86.7,79,183,upcoming,upcoming,False,4,13,55,8,afternoon,False,UVD,Udvada,18,85,177,86.7,4.08045,0.0,0.0
12922,2026-08-28,UVD,Udvada,18,0.0,86.7,85,177,upcoming,upcoming,False,4,13,55,8,afternoon,False,BAGD,Bagwada,19,88,174,86.7,4.08045,0.0,0.0
12922,2026-08-28,BAGD,Bagwada,19,0.0,86.7,88,174,upcoming,upcoming,False,4,13,55,8,afternoon,False,VAPI,Vapi,20,95,167,84.0,4.08045,0.0,0.0
12922,2026-08-28,VAPI,Vapi,20,0.0,84.0,95,167,upcoming,upcoming,True,4,13,55,8,afternoon,False,KEB,Karambeli,21,101,161,84.0,4.08045,0.0,0.0
12922,2026-08-28,KEB,Karambeli,21,0.0,84.0,101,161,upcoming,upcoming,False,4,13,55,8,afternoon,False,BLD,Bhilad,22,106,156,84.0,4.08045,0.0,0.0
12922,2026-08-28,BLD,Bhilad,22,0.0,84.0,106,156,upcoming,upcoming,False,4,13,55,8,afternoon,False,SJN,Sanjan,23,117,145,84.0,4.08045,0.0,0.0
12922,2026-08-28,SJN,Sanjan,23,0.0,84.0,117,145,upcoming,upcoming,False,4,13,55,8,afternoon,False,UBR,Umbargam Road,24,123,139,92.3,4.08045,0.0,0.0
12922,2026-08-28,UBR,Umbargam Road,24,0.0,92.3,123,139,upcoming,upcoming,True,4,13,55,8,afternoon,False,BRRD,Bordi Road,25,127,135,92.3,4.08045,0.0,0.0
12922,2026-08-28,BRRD,Bordi Road,25,0.0,92.3,127,135,upcoming,upcoming,False,4,13,55,8,afternoon,False,GVD,Gholvad,26,132,130,92.3,4.08045,0.0,0.0
12922,2026-08-28,GVD,Gholvad,26,0.0,92.3,132,130,upcoming,upcoming,False,4,13,55,8,afternoon,False,DRD,Dahanu Road,27,143,119,68.3,4.08045,0.0,0.0
12922,2026-08-28,DRD,Dahanu Road,27,0.0,68.3,143,119,upcoming,upcoming,True,4,13,55,8,afternoon,False,VGN,Vangaon,28,155,107,68.3,4.08045,0.0,0.0
12922,2026-08-28,VGN,Vangaon,28,0.0,68.3,155,107,upcoming,upcoming,False,4,13,55,8,afternoon,False,BOR,Boisar,29,164,98,68.3,4.08045,0.0,0.0
12922,2026-08-28,BOR,Boisar,29,0.0,68.3,164,98,upcoming,upcoming,False,4,13,55,8,afternoon,False,UOI,Umroli,30,170,92,68.3,4.08045,0.0,0.0
12922,2026-08-28,UOI,Umroli,30,0.0,68.3,170,92,upcoming,upcoming,False,4,13,55,8,afternoon,False,PLG,Palghar,31,176,86,79.5,4.08045,0.0,0.0
12922,2026-08-28,PLG,Palghar,31,0.0,79.5,176,86,upcoming,upcoming,True,4,13,55,8,afternoon,False,KLV,Kelva Road,32,184,78,79.5,4.08045,0.0,0.0
12922,2026-08-28,KLV,Kelva Road,32,0.0,79.5,184,78,upcoming,upcoming,False,4,13,55,8,afternoon,False,SAH,Saphale,33,190,72,79.5,4.08045,0.0,0.0
12922,2026-08-28,SAH,Saphale,33,0.0,79.5,190,72,upcoming,upcoming,False,4,13,55,8,afternoon,False,VTN,Vaitarna,34,198,64,79.5,4.08045,0.0,0.0
12922,2026-08-28,VTN,Vaitarna,34,0.0,79.5,198,64,upcoming,upcoming,False,4,13,55,8,afternoon,False,VR,Virar,35,207,55,79.5,4.08045,0.0,0.0
12922,2026-08-28,VR,Virar,35,0.0,79.5,207,55,upcoming,upcoming,False,4,13,55,8,afternoon,False,NSP,Nalla Sopara,36,211,51,79.5,4.08045,0.0,0.0
12922,2026-08-28,NSP,Nalla Sopara,36,0.0,79.5,211,51,upcoming,upcoming,False,4,13,55,8,afternoon,False,BSR,Vasai Road,37,215,47,79.5,4.08045,0.0,0.0
12922,2026-08-28,BSR,Vasai Road,37,0.0,79.5,215,47,upcoming,upcoming,False,4,13,55,8,afternoon,False,NIG,Naigaon,38,219,43,79.5,4.08045,0.0,0.0
12922,2026-08-28,NIG,Naigaon,38,0.0,79.5,219,43,upcoming,upcoming,False,4,13,55,8,afternoon,False,BYR,Bhayandar,39,224,38,79.5,4.08045,0.0,0.0
12922,2026-08-28,BYR,Bhayandar,39,0.0,79.5,224,38,upcoming,upcoming,False,4,13,55,8,afternoon,False,MIRA,Mira Road,40,227,35,79.5,4.08045,0.0,0.0
12922,2026-08-28,MIRA,Mira Road,40,0.0,79.5,227,35,upcoming,upcoming,False,4,13,55,8,afternoon,False,DIC,Dahisar,41,231,31,79.5,4.08045,0.0,0.0
12922,2026-08-28,DIC,Dahisar,41,0.0,79.5,231,31,upcoming,upcoming,False,4,13,55,8,afternoon,False,BVI,Borivali,42,233,29,60.0,4.08045,0.0,0.0
12922,2026-08-28,BVI,Borivali,42,0.0,60.0,233,29,upcoming,upcoming,True,4,13,55,8,afternoon,False,KILE,Kandivli,43,236,26,60.0,4.08045,0.0,0.0
12922,2026-08-28,KILE,Kandivli,43,0.0,60.0,236,26,upcoming,upcoming,False,4,13,55,8,afternoon,False,MDD,Malad,44,238,24,60.0,4.08045,0.0,0.0
12922,2026-08-28,MDD,Malad,44,0.0,60.0,238,24,upcoming,upcoming,False,4,13,55,8,afternoon,False,GMN,Goregaon,45,240,22,60.0,4.08045,0.0,0.0
12922,2026-08-28,GMN,Goregaon,45,0.0,60.0,240,22,upcoming,upcoming,False,4,13,55,8,afternoon,False,RMAR,Ram Mandir,46,242,20,60.0,4.08045,0.0,0.0
12922,2026-08-28,RMAR,Ram Mandir,46,0.0,60.0,242,20,upcoming,upcoming,False,4,13,55,8,afternoon,False,JOS,Jogeshvari,47,243,19,60.0,4.08045,0.0,0.0
12922,2026-08-28,JOS,Jogeshvari,47,0.0,60.0,243,19,upcoming,upcoming,False,4,13,55,8,afternoon,False,ADH,Andheri,48,245,17,23.7,4.08045,0.0,0.0
12922,2026-08-28,ADH,Andheri,48,0.0,23.7,245,17,upcoming,upcoming,True,4,13,55,8,afternoon,False,VLP,Ville Parle,49,247,15,23.7,4.08045,0.0,0.0
12922,2026-08-28,VLP,Ville Parle,49,0.0,23.7,247,15,upcoming,upcoming,False,4,13,55,8,afternoon,False,STC,Santa Cruz,50,249,13,23.7,4.08045,0.0,0.0
12922,2026-08-28,STC,Santa Cruz,50,0.0,23.7,249,13,upcoming,upcoming,False,4,13,55,8,afternoon,False,KHAR,Khar,51,251,11,23.7,4.08045,0.0,0.0
12922,2026-08-28,KHAR,Khar,51,0.0,23.7,251,11,upcoming,upcoming,False,4,13,55,8,afternoon,False,BA,Bandra,52,252,10,23.7,4.08045,0.0,0.0
12922,2026-08-28,BA,Bandra,52,0.0,23.7,252,10,upcoming,upcoming,False,4,13,55,8,afternoon,False,MM,Mahim,53,254,8,23.7,4.08045,0.0,0.0
12922,2026-08-28,MM,Mahim,53,0.0,23.7,254,8,upcoming,upcoming,False,4,13,55,8,afternoon,False,MRU,Bmby Matunga Road,54,255,7,23.7,4.08045,0.0,0.0
12922,2026-08-28,MRU,Bmby Matunga Road,54,0.0,23.7,255,7,upcoming,upcoming,False,4,13,55,8,afternoon,False,DDR,Dadar,55,257,5,23.7,4.08045,0.0,0.0
12922,2026-08-28,DDR,Dadar,55,0.0,23.7,257,5,upcoming,upcoming,False,4,13,55,8,afternoon,False,PBHD,Prabhadevi,56,258,4,23.7,4.08045,0.0,0.0
12922,2026-08-28,PBHD,Prabhadevi,56,0.0,23.7,258,4,upcoming,upcoming,False,4,13,55,8,afternoon,False,PL,Lower Parel,57,259,3,23.7,4.08045,0.0,0.0
12922,2026-08-28,PL,Lower Parel,57,0.0,23.7,259,3,upcoming,upcoming,False,4,13,55,8,afternoon,False,MX,Mahalakshmi,58,261,1,23.7,4.08045,0.0,0.0
12922,2026-08-28,MX,Mahalakshmi,58,0.0,23.7,261,1,upcoming,upcoming,False,4,13,55,8,afternoon,False,MMCT,Mumbai Central,59,262,0,0.0,4.08045,0.0,0.0
12922,2026-08-28,ST,Surat,1,0.0,26.7,0,262,at-station,at-station,True,4,13,59,8,afternoon,False,UDN,Udhna Jn,2,4,258,73.3,42.011383333333335,0.0,0.0
12922,2026-08-28,UDN,Udhna Jn,2,0.0,73.3,4,258,upcoming,upcoming,True,4,13,59,8,afternoon,False,SCH,Sachin,4,15,247,40.0,42.011383333333335,0.0,0.0
12922,2026-08-28,BHET,Bhestan,3,0.0,73.3,9,253,upcoming,upcoming,False,4,13,59,8,afternoon,False,SCH,Sachin,4,15,247,40.0,42.011383333333335,0.0,0.0
12922,2026-08-28,SCH,Sachin,4,0.0,40.0,15,247,upcoming,upcoming,True,4,13,59,8,afternoon,False,MRL,Maroli,5,21,241,60.0,42.011383333333335,0.0,0.0
12922,2026-08-28,MRL,Maroli,5,0.0,60.0,21,241,upcoming,upcoming,True,4,13,59,8,afternoon,False,NVS,Navsari,6,29,233,73.8,42.011383333333335,0.0,0.0
12922,2026-08-28,NVS,Navsari,6,0.0,73.8,29,233,upcoming,upcoming,True,4,13,59,8,afternoon,False,AML,Amalsad,11,45,217,21.4,42.011383333333335,0.0,0.0
12922,2026-08-28,GNST,Gandhi Smriti,7,0.0,73.8,33,229,upcoming,upcoming,False,4,13,59,8,afternoon,False,AML,Amalsad,11,45,217,21.4,42.011383333333335,0.0,0.0
12922,2026-08-28,HXR,Hansapore,8,0.0,73.8,35,227,upcoming,upcoming,False,4,13,59,8,afternoon,False,AML,Amalsad,11,45,217,21.4,42.011383333333335,0.0,0.0
12922,2026-08-28,VDH,Vedchha,9,0.0,73.8,38,224,upcoming,upcoming,False,4,13,59,8,afternoon,False,AML,Amalsad,11,45,217,21.4,42.011383333333335,0.0,0.0
12922,2026-08-28,ACL,Ancheli,10,0.0,73.8,41,221,upcoming,upcoming,False,4,13,59,8,afternoon,False,AML,Amalsad,11,45,217,21.4,42.011383333333335,0.0,0.0
12922,2026-08-28,AML,Amalsad,11,0.0,21.4,45,217,upcoming,upcoming,True,4,13,59,8,afternoon,False,BIM,Bilimora Jn,12,50,212,49.6,42.011383333333335,0.0,0.0
12922,2026-08-28,BIM,Bilimora Jn,12,0.0,49.6,50,212,upcoming,upcoming,True,4,13,59,8,afternoon,False,BL,Valsad,15,69,193,86.7,42.011383333333335,0.0,0.0
12922,2026-08-28,JRS,Joravasan,13,0.0,49.6,55,207,upcoming,upcoming,False,4,13,59,8,afternoon,False,BL,Valsad,15,69,193,86.7,42.011383333333335,0.0,0.0
12922,2026-08-28,DGI,Dungri,14,0.0,49.6,60,202,upcoming,upcoming,False,4,13,59,8,afternoon,False,BL,Valsad,15,69,193,86.7,42.011383333333335,0.0,0.0
12922,2026-08-28,BL,Valsad,15,0.0,86.7,69,193,upcoming,upcoming,True,4,13,59,8,afternoon,False,VAPI,Vapi,20,95,167,84.0,42.011383333333335,0.0,0.0
12922,2026-08-28,ATUL,Atul,16,0.0,86.7,75,187,upcoming,upcoming,False,4,13,59,8,afternoon,False,VAPI,Vapi,20,95,167,84.0,42.011383333333335,0.0,0.0
12922,2026-08-28,PAD,Pardi,17,0.0,86.7,79,183,upcoming,upcoming,False,4,13,59,8,afternoon,False,VAPI,Vapi,20,95,167,84.0,42.011383333333335,0.0,0.0
12922,2026-08-28,UVD,Udvada,18,0.0,86.7,85,177,upcoming,upcoming,False,4,13,59,8,afternoon,False,VAPI,Vapi,20,95,167,84.0,42.011383333333335,0.0,0.0
12922,2026-08-28,BAGD,Bagwada,19,0.0,86.7,88,174,upcoming,upcoming,False,4,13,59,8,afternoon,False,VAPI,Vapi,20,95,167,84.0,42.011383333333335,0.0,0.0
12922,2026-08-28,VAPI,Vapi,20,0.0,84.0,95,167,upcoming,upcoming,True,4,13,59,8,afternoon,False,UBR,Umbargam Road,24,123,139,92.3,42.011383333333335,0.0,0.0
12922,2026-08-28,KEB,Karambeli,21,0.0,84.0,101,161,upcoming,upcoming,False,4,13,59,8,afternoon,False,UBR,Umbargam Road,24,123,139,92.3,42.011383333333335,0.0,0.0
12922,2026-08-28,BLD,Bhilad,22,0.0,84.0,106,156,upcoming,upcoming,False,4,13,59,8,afternoon,False,UBR,Umbargam Road,24,123,139,92.3,42.011383333333335,0.0,0.0
12922,2026-08-28,SJN,Sanjan,23,0.0,84.0,117,145,upcoming,upcoming,False,4,13,59,8,afternoon,False,UBR,Umbargam Road,24,123,139,92.3,42.011383333333335,0.0,0.0
12922,2026-08-28,UBR,Umbargam Road,24,0.0,92.3,123,139,upcoming,upcoming,True,4,13,59,8,afternoon,False,DRD,Dahanu Road,27,143,119,68.3,42.011383333333335,0.0,0.0
12922,2026-08-28,BRRD,Bordi Road,25,0.0,92.3,127,135,upcoming,upcoming,False,4,13,59,8,afternoon,False,DRD,Dahanu Road,27,143,119,68.3,42.011383333333335,0.0,0.0
12922,2026-08-28,GVD,Gholvad,26,0.0,92.3,132,130,upcoming,upcoming,False,4,13,59,8,afternoon,False,DRD,Dahanu Road,27,143,119,68.3,42.011383333333335,0.0,0.0
12922,2026-08-28,DRD,Dahanu Road,27,0.0,68.3,143,119,upcoming,upcoming,True,4,13,59,8,afternoon,False,PLG,Palghar,31,176,86,79.5,42.011383333333335,0.0,0.0
12922,2026-08-28,VGN,Vangaon,28,0.0,68.3,155,107,upcoming,upcoming,False,4,13,59,8,afternoon,False,PLG,Palghar,31,176,86,79.5,42.011383333333335,0.0,0.0
12922,2026-08-28,BOR,Boisar,29,0.0,68.3,164,98,upcoming,upcoming,False,4,13,59,8,afternoon,False,PLG,Palghar,31,176,86,79.5,42.011383333333335,0.0,0.0
12922,2026-08-28,UOI,Umroli,30,0.0,68.3,170,92,upcoming,upcoming,False,4,13,59,8,afternoon,False,PLG,Palghar,31,176,86,79.5,42.011383333333335,0.0,0.0
12922,2026-08-28,PLG,Palghar,31,0.0,79.5,176,86,upcoming,upcoming,True,4,13,59,8,afternoon,False,BVI,Borivali,42,233,29,60.0,42.011383333333335,0.0,0.0
12922,2026-08-28,KLV,Kelva Road,32,0.0,79.5,184,78,upcoming,upcoming,False,4,13,59,8,afternoon,False,BVI,Borivali,42,233,29,60.0,42.011383333333335,0.0,0.0
12922,2026-08-28,SAH,Saphale,33,0.0,79.5,190,72,upcoming,upcoming,False,4,13,59,8,afternoon,False,BVI,Borivali,42,233,29,60.0,42.011383333333335,0.0,0.0
12922,2026-08-28,VTN,Vaitarna,34,0.0,79.5,198,64,upcoming,upcoming,False,4,13,59,8,afternoon,False,BVI,Borivali,42,233,29,60.0,42.011383333333335,0.0,0.0
12922,2026-08-28,VR,Virar,35,0.0,79.5,207,55,upcoming,upcoming,False,4,13,59,8,afternoon,False,BVI,Borivali,42,233,29,60.0,42.011383333333335,0.0,0.0
12922,2026-08-28,NSP,Nalla Sopara,36,0.0,79.5,211,51,upcoming,upcoming,False,4,13,59,8,afternoon,False,BVI,Borivali,42,233,29,60.0,42.011383333333335,0.0,0.0
12922,2026-08-28,BSR,Vasai Road,37,0.0,79.5,215,47,upcoming,upcoming,False,4,13,59,8,afternoon,False,BVI,Borivali,42,233,29,60.0,42.011383333333335,0.0,0.0
12922,2026-08-28,NIG,Naigaon,38,0.0,79.5,219,43,upcoming,upcoming,False,4,13,59,8,afternoon,False,BVI,Borivali,42,233,29,60.0,42.011383333333335,0.0,0.0
12922,2026-08-28,BYR,Bhayandar,39,0.0,79.5,224,38,upcoming,upcoming,False,4,13,59,8,afternoon,False,BVI,Borivali,42,233,29,60.0,42.011383333333335,0.0,0.0
12922,2026-08-28,MIRA,Mira Road,40,0.0,79.5,227,35,upcoming,upcoming,False,4,13,59,8,afternoon,False,BVI,Borivali,42,233,29,60.0,42.011383333333335,0.0,0.0
12922,2026-08-28,DIC,Dahisar,41,0.0,79.5,231,31,upcoming,upcoming,False,4,13,59,8,afternoon,False,BVI,Borivali,42,233,29,60.0,42.011383333333335,0.0,0.0
12922,2026-08-28,BVI,Borivali,42,0.0,60.0,233,29,upcoming,upcoming,True,4,13,59,8,afternoon,False,ADH,Andheri,48,245,17,23.7,42.011383333333335,0.0,0.0
12922,2026-08-28,KILE,Kandivli,43,0.0,60.0,236,26,upcoming,upcoming,False,4,13,59,8,afternoon,False,ADH,Andheri,48,245,17,23.7,42.011383333333335,0.0,0.0
12922,2026-08-28,MDD,Malad,44,0.0,60.0,238,24,upcoming,upcoming,False,4,13,59,8,afternoon,False,ADH,Andheri,48,245,17,23.7,42.011383333333335,0.0,0.0
12922,2026-08-28,GMN,Goregaon,45,0.0,60.0,240,22,upcoming,upcoming,False,4,13,59,8,afternoon,False,ADH,Andheri,48,245,17,23.7,42.011383333333335,0.0,0.0
12922,2026-08-28,RMAR,Ram Mandir,46,0.0,60.0,242,20,upcoming,upcoming,False,4,13,59,8,afternoon,False,ADH,Andheri,48,245,17,23.7,42.011383333333335,0.0,0.0
12922,2026-08-28,JOS,Jogeshvari,47,0.0,60.0,243,19,upcoming,upcoming,False,4,13,59,8,afternoon,False,ADH,Andheri,48,245,17,23.7,42.011383333333335,0.0,0.0
12922,2026-08-28,ADH,Andheri,48,0.0,23.7,245,17,upcoming,upcoming,True,4,13,59,8,afternoon,False,MMCT,Mumbai Central,59,262,0,,42.011383333333335,0.0,0.0
12922,2026-08-28,VLP,Ville Parle,49,0.0,23.7,247,15,upcoming,upcoming,False,4,13,59,8,afternoon,False,MMCT,Mumbai Central,59,262,0,,42.011383333333335,0.0,0.0
12922,2026-08-28,STC,Santa Cruz,50,0.0,23.7,249,13,upcoming,upcoming,False,4,13,59,8,afternoon,False,MMCT,Mumbai Central,59,262,0,,42.011383333333335,0.0,0.0
12922,2026-08-28,KHAR,Khar,51,0.0,23.7,251,11,upcoming,upcoming,False,4,13,59,8,afternoon,False,MMCT,Mumbai Central,59,262,0,,42.011383333333335,0.0,0.0
12922,2026-08-28,BA,Bandra,52,0.0,23.7,252,10,upcoming,upcoming,False,4,13,59,8,afternoon,False,MMCT,Mumbai Central,59,262,0,,42.011383333333335,0.0,0.0
12922,2026-08-28,MM,Mahim,53,0.0,23.7,254,8,upcoming,upcoming,False,4,13,59,8,afternoon,False,MMCT,Mumbai Central,59,262,0,,42.011383333333335,0.0,0.0
12922,2026-08-28,MRU,Bmby Matunga Road,54,0.0,23.7,255,7,upcoming,upcoming,False,4,13,59,8,afternoon,False,MMCT,Mumbai Central,59,262,0,,42.011383333333335,0.0,0.0
12922,2026-08-28,DDR,Dadar,55,0.0,23.7,257,5,upcoming,upcoming,False,4,13,59,8,afternoon,False,MMCT,Mumbai Central,59,262,0,,42.011383333333335,0.0,0.0
12922,2026-08-28,PBHD,Prabhadevi,56,0.0,23.7,258,4,upcoming,upcoming,False,4,13,59,8,afternoon,False,MMCT,Mumbai Central,59,262,0,,42.011383333333335,0.0,0.0
12922,2026-08-28,PL,Lower Parel,57,0.0,23.7,259,3,upcoming,upcoming,False,4,13,59,8,afternoon,False,MMCT,Mumbai Central,59,262,0,,42.011383333333335,0.0,0.0
12922,2026-08-28,MX,Mahalakshmi,58,0.0,23.7,261,1,upcoming,upcoming,False,4,13,59,8,afternoon,False,MMCT,Mumbai Central,59,262,0,,42.011383333333335,0.0,0.0
12923,2026-09-01,DADN,Dr. Ambedkar Nagar,1,0.0,50.4,0,631,at-station,at-station,True,4,13,55,8,afternoon,False,HKH,Haranya Kheri,2,3,628,50.4,4.065566666666666,0.0,0.0
12923,2026-09-01,HKH,Haranya Kheri,2,0.0,50.4,3,628,upcoming,upcoming,False,4,13,55,8,afternoon,False,RAU,Rau,3,10,621,50.4,4.065566666666666,0.0,0.0
12923,2026-09-01,RAU,Rau,3,0.0,50.4,10,621,upcoming,upcoming,False,4,13,55,8,afternoon,False,RJQ,Rajendranagar,4,14,617,50.4,4.065566666666666,0.0,0.0
12923,2026-09-01,RJQ,Rajendranagar,4,0.0,50.4,14,617,upcoming,upcoming,False,4,13,55,8,afternoon,False,LKMN,Lokmanya Nagar,5,17,614,50.4,4.065566666666666,0.0,0.0
12923,2026-09-01,LKMN,Lokmanya Nagar,5,0.0,50.4,17,614,upcoming,upcoming,False,4,13,55,8,afternoon,False,SFNR,Saifinagar Halt,6,19,612,50.4,4.065566666666666,0.0,0.0
12923,2026-09-01,SFNR,Saifinagar Halt,6,0.0,50.4,19,612,upcoming,upcoming,False,4,13,55,8,afternoon,False,INDB,Indore Jn,7,21,610,84.0,4.065566666666666,0.0,0.0
12923,2026-09-01,INDB,Indore Jn,7,0.0,84.0,21,610,upcoming,upcoming,True,4,13,55,8,afternoon,False,LMNR,Lakshmibai Ngr,8,24,607,84.0,4.065566666666666,0.0,0.0
12923,2026-09-01,LMNR,Lakshmibai Ngr,8,0.0,84.0,24,607,upcoming,upcoming,False,4,13,55,8,afternoon,False,MGG,Mangliya Gaon,9,35,596,84.0,4.065566666666666,0.0,0.0
12923,2026-09-01,MGG,Mangliya Gaon,9,0.0,84.0,35,596,upcoming,upcoming,False,4,13,55,8,afternoon,False,BLAX,Barlai,10,46,585,84.0,4.065566666666666,0.0,0.0
12923,2026-09-01,BLAX,Barlai,10,0.0,84.0,46,585,upcoming,upcoming,False,4,13,55,8,afternoon,False,BNJN,Binjana,11,57,574,84.0,4.065566666666666,0.0,0.0
12923,2026-09-01,BNJN,Binjana,11,0.0,84.0,57,574,upcoming,upcoming,False,4,13,55,8,afternoon,False,DWX,Dewas,12,63,568,45.0,4.065566666666666,0.0,0.0
12923,2026-09-01,DWX,Dewas,12,0.0,45.0,63,568,upcoming,upcoming,True,4,13,55,8,afternoon,False,AJKI,Ajitkhedi,13,70,561,45.0,4.065566666666666,0.0,0.0
12923,2026-09-01,AJKI,Ajitkhedi,13,0.0,45.0,70,561,upcoming,upcoming,False,4,13,55,8,afternoon,False,SKBN,Silakeri,14,76,555,45.0,4.065566666666666,0.0,0.0
12923,2026-09-01,SKBN,Silakeri,14,0.0,45.0,76,555,upcoming,upcoming,False,4,13,55,8,afternoon,False,RCJ,Ranayala Jasnia,15,84,547,45.0,4.065566666666666,0.0,0.0
12923,2026-09-01,RCJ,Ranayala Jasnia,15,0.0,45.0,84,547,upcoming,upcoming,False,4,13,55,8,afternoon,False,DON,Donta,16,92,539,45.0,4.065566666666666,0.0,0.0
12923,2026-09-01,DON,Donta,16,0.0,45.0,92,539,upcoming,upcoming,False,4,13,55,8,afternoon,False,MKC,Maksi Jn,17,99,532,71.5,4.065566666666666,0.0,0.0
12923,2026-09-01,MKC,Maksi Jn,17,0.0,71.5,99,532,upcoming,upcoming,True,4,13,55,8,afternoon,False,PUO,Pir Umrod,18,106,525,71.5,4.065566666666666,0.0,0.0
12923,2026-09-01,PUO,Pir Umrod,18,0.0,71.5,106,525,upcoming,upcoming,False,4,13,55,8,afternoon,False,BCH,Berchha,19,118,513,71.5,4.065566666666666,0.0,0.0
12923,2026-09-01,BCH,Berchha,19,0.0,71.5,118,513,upcoming,upcoming,False,4,13,55,8,afternoon,False,KONY,Kisoni,20,123,508,71.5,4.065566666666666,0.0,0.0
12923,2026-09-01,KONY,Kisoni,20,0.0,71.5,123,508,upcoming,upcoming,False,4,13,55,8,afternoon,False,KSH,Kali Sindh,21,130,501,71.5,4.065566666666666,0.0,0.0
12923,2026-09-01,KSH,Kali Sindh,21,0.0,71.5,130,501,upcoming,upcoming,False,4,13,55,8,afternoon,False,BLX,Bolai,22,136,495,71.5,4.065566666666666,0.0,0.0
12923,2026-09-01,BLX,Bolai,22,0.0,71.5,136,495,upcoming,upcoming,False,4,13,55,8,afternoon,False,AKD,Akodia,23,148,483,71.5,4.065566666666666,0.0,0.0
12923,2026-09-01,AKD,Akodia,23,0.0,71.5,148,483,upcoming,upcoming,False,4,13,55,8,afternoon,False,MQE,Mohammadkhera,24,155,476,71.5,4.065566666666666,0.0,0.0
12923,2026-09-01,MQE,Mohammadkhera,24,0.0,71.5,155,476,upcoming,upcoming,False,4,13,55,8,afternoon,False,SJP,Shujalpur,25,161,470,49.0,4.065566666666666,0.0,0.0
12923,2026-09-01,SJP,Shujalpur,25,0.0,49.0,161,470,upcoming,upcoming,True,4,13,55,8,afternoon,False,CKOD,Chakrod,26,167,464,49.0,4.065566666666666,0.0,0.0
12923,2026-09-01,CKOD,Chakrod,26,0.0,49.0,167,464,upcoming,upcoming,False,4,13,55,8,afternoon,False,KPP,Kalapipal,27,174,457,49.0,4.065566666666666,0.0,0.0
12923,2026-09-01,KPP,Kalapipal,27,0.0,49.0,174,457,upcoming,upcoming,False,4,13,55,8,afternoon,False,JBX,Jabri,28,181,450,49.0,4.065566666666666,0.0,0.0
12923,2026-09-01,JBX,Jabri,28,0.0,49.0,181,450,upcoming,upcoming,False,4,13,55,8,afternoon,False,PRB,Parbati,29,189,442,49.0,4.065566666666666,0.0,0.0
12923,2026-09-01,PRB,Parbati,29,0.0,49.0,189,442,upcoming,upcoming,False,4,13,55,8,afternoon,False,BKTL,Baktal,30,194,437,49.0,4.065566666666666,0.0,0.0
12923,2026-09-01,BKTL,Baktal,30,0.0,49.0,194,437,upcoming,upcoming,False,4,13,55,8,afternoon,False,SEH,Sehore,31,202,429,49.0,4.065566666666666,0.0,0.0
12923,2026-09-01,SEH,Sehore,31,0.0,49.0,202,429,upcoming,upcoming,False,4,13,55,8,afternoon,False,PNWN,Pachwan,32,208,423,49.0,4.065566666666666,0.0,0.0
12923,2026-09-01,PNWN,Pachwan,32,0.0,49.0,208,423,upcoming,upcoming,False,4,13,55,8,afternoon,False,PUD,Phanda,33,215,416,49.0,4.065566666666666,0.0,0.0
12923,2026-09-01,PUD,Phanda,33,0.0,49.0,215,416,upcoming,upcoming,False,4,13,55,8,afternoon,False,BQE,Bakanian Bhaunri,34,223,408,49.0,4.065566666666666,0.0,0.0
12923,2026-09-01,BQE,Bakanian Bhaunri,34,0.0,49.0,223,408,upcoming,upcoming,False,4,13,55,8,afternoon,False,SHRN,Sant Hirdaram Nagar Jn,35,231,400,49.0,4.065566666666666,0.0,0.0
12923,2026-09-01,SHRN,Sant Hirdaram Nagar Jn,35,0.0,49.0,231,400,upcoming,upcoming,False,4,13,55,8,afternoon,False,BPL,Bhopal Jn,36,244,387,49.0,4.065566666666666,0.0,0.0
12923,2026-09-01,BPL,Bhopal Jn,36,0.0,49.0,244,387,upcoming,upcoming,False,4,13,55,8,afternoon,False,RKMP,Rani Kamalapati,37,250,381,54.3,4.065566666666666,0.0,0.0
12923,2026-09-01,RKMP,Rani Kamalapati,37,0.0,54.3,250,381,upcoming,upcoming,True,4,13,55,8,afternoon,False,MSO,Misrod,38,256,375,54.3,4.065566666666666,0.0,0.0
12923,2026-09-01,MSO,Misrod,38,0.0,54.3,256,375,upcoming,upcoming,False,4,13,55,8,afternoon,False,MDDP,Mandi Dip,39,266,365,54.3,4.065566666666666,0.0,0.0
12923,2026-09-01,MDDP,Mandi Dip,39,0.0,54.3,266,365,upcoming,upcoming,False,4,13,55,8,afternoon,False,ODG,Obaidulla Ganj,40,280,351,54.3,4.065566666666666,0.0,0.0
12923,2026-09-01,ODG,Obaidulla Ganj,40,0.0,54.3,280,351,upcoming,upcoming,False,4,13,55,8,afternoon,False,BKA,Barkhera,41,291,340,54.3,4.065566666666666,0.0,0.0
12923,2026-09-01,BKA,Barkhera,41,0.0,54.3,291,340,upcoming,upcoming,False,4,13,55,8,afternoon,False,CHQ,Choka,42,298,333,54.3,4.065566666666666,0.0,0.0
12923,2026-09-01,CHQ,Choka,42,0.0,54.3,298,333,upcoming,upcoming,False,4,13,55,8,afternoon,False,MIG,Midghat,43,304,327,54.3,4.065566666666666,0.0,0.0
12923,2026-09-01,MIG,Midghat,43,0.0,54.3,304,327,upcoming,upcoming,False,4,13,55,8,afternoon,False,BNI,Budni,44,311,320,54.3,4.065566666666666,0.0,0.0
12923,2026-09-01,BNI,Budni,44,0.0,54.3,311,320,upcoming,upcoming,False,4,13,55,8,afternoon,False,NDPM,Narmadapuram,45,318,313,54.3,4.065566666666666,0.0,0.0
12923,2026-09-01,NDPM,Narmadapuram,45,0.0,54.3,318,313,upcoming,upcoming,False,4,13,55,8,afternoon,False,PRKD,Powerkheda,46,327,304,54.3,4.065566666666666,0.0,0.0
12923,2026-09-01,PRKD,Powerkheda,46,0.0,54.3,327,304,upcoming,upcoming,False,4,13,55,8,afternoon,False,ET,Itarsi Jn,47,336,295,64.9,4.065566666666666,0.0,0.0
12923,2026-09-01,ET,Itarsi Jn,47,0.0,64.9,336,295,upcoming,upcoming,True,4,13,55,8,afternoon,False,JUH,Jujharpur Cabin,48,338,293,64.9,4.065566666666666,0.0,0.0
12923,2026-09-01,JUH,Jujharpur Cabin,48,0.0,64.9,338,293,upcoming,upcoming,False,4,13,55,8,afternoon,False,KRTH,Kiratgarh,49,346,285,64.9,4.065566666666666,0.0,0.0
12923,2026-09-01,KRTH,Kiratgarh,49,0.0,64.9,346,285,upcoming,upcoming,False,4,13,55,8,afternoon,False,KSLA,Kesla,50,352,279,64.9,4.065566666666666,0.0,0.0
12923,2026-09-01,KSLA,Kesla,50,0.0,64.9,352,279,upcoming,upcoming,False,4,13,55,8,afternoon,False,TAKU,Taku,51,358,273,64.9,4.065566666666666,0.0,0.0
12923,2026-09-01,TAKU,Taku,51,0.0,64.9,358,273,upcoming,upcoming,False,4,13,55,8,afternoon,False,SAHL,Saheli,52,362,269,64.9,4.065566666666666,0.0,0.0
12923,2026-09-01,SAHL,Saheli,52,0.0,64.9,362,269,upcoming,upcoming,False,4,13,55,8,afternoon,False,KQE,Kala Akhar,53,368,263,64.9,4.065566666666666,0.0,0.0
12923,2026-09-01,KQE,Kala Akhar,53,0.0,64.9,368,263,upcoming,upcoming,False,4,13,55,8,afternoon,False,POX,Pola-Patthar,54,375,256,64.9,4.065566666666666,0.0,0.0
12923,2026-09-01,POX,Pola-Patthar,54,0.0,64.9,375,256,upcoming,upcoming,False,4,13,55,8,afternoon,False,DOH,Dhodra Mohar,55,383,248,64.9,4.065566666666666,0.0,0.0
12923,2026-09-01,DOH,Dhodra Mohar,55,0.0,64.9,383,248,upcoming,upcoming,False,4,13,55,8,afternoon,False,MGRD,Magardoh,56,388,243,64.9,4.065566666666666,0.0,0.0
12923,2026-09-01,MGRD,Magardoh,56,0.0,64.9,388,243,upcoming,upcoming,False,4,13,55,8,afternoon,False,BBTR,Barbatpur,57,394,237,64.9,4.065566666666666,0.0,0.0
12923,2026-09-01,BBTR,Barbatpur,57,0.0,64.9,394,237,upcoming,upcoming,False,4,13,55,8,afternoon,False,GDYA,Ghoradongri,58,406,225,64.9,4.065566666666666,0.0,0.0
12923,2026-09-01,GDYA,Ghoradongri,58,0.0,64.9,406,225,upcoming,upcoming,False,4,13,55,8,afternoon,False,DHQ,Dharakhoh,59,421,210,64.9,4.065566666666666,0.0,0.0
12923,2026-09-01,DHQ,Dharakhoh,59,0.0,64.9,421,210,upcoming,upcoming,False,4,13,55,8,afternoon,False,MJY,Maramjhiri,60,434,197,64.9,4.065566666666666,0.0,0.0
12923,2026-09-01,MJY,Maramjhiri,60,0.0,64.9,434,197,upcoming,upcoming,False,4,13,55,8,afternoon,False,BZU,Betul,61,442,189,76.7,4.065566666666666,0.0,0.0
12923,2026-09-01,BZU,Betul,61,0.0,76.7,442,189,upcoming,upcoming,True,4,13,55,8,afternoon,False,MALK,Malkapur Road,62,449,182,76.7,4.065566666666666,0.0,0.0
12923,2026-09-01,MALK,Malkapur Road,62,0.0,76.7,449,182,upcoming,upcoming,False,4,13,55,8,afternoon,False,BYS,Barsali,63,455,176,76.7,4.065566666666666,0.0,0.0
12923,2026-09-01,BYS,Barsali,63,0.0,76.7,455,176,upcoming,upcoming,False,4,13,55,8,afternoon,False,AMLA,Amla Jn,64,465,166,92.0,4.065566666666666,0.0,0.0
12923,2026-09-01,AMLA,Amla Jn,64,0.0,92.0,465,166,upcoming,upcoming,True,4,13,55,8,afternoon,False,JKR,Jaulkhera,65,477,154,92.0,4.065566666666666,0.0,0.0
12923,2026-09-01,JKR,Jaulkhera,65,0.0,92.0,477,154,upcoming,upcoming,False,4,13,55,8,afternoon,False,MTY,Multai,66,488,143,70.3,4.065566666666666,0.0,0.0
12923,2026-09-01,MTY,Multai,66,0.0,70.3,488,143,upcoming,upcoming,True,4,13,55,8,afternoon,False,HTN,Hatna Pur,67,497,134,70.3,4.065566666666666,0.0,0.0
12923,2026-09-01,HTN,Hatna Pur,67,0.0,70.3,497,134,upcoming,upcoming,False,4,13,55,8,afternoon,False,CCD,Chichonda,68,503,128,70.3,4.065566666666666,0.0,0.0
12923,2026-09-01,CCD,Chichonda,68,0.0,70.3,503,128,upcoming,upcoming,False,4,13,55,8,afternoon,False,GDKP,Ghundankhapa,69,512,119,70.3,4.065566666666666,0.0,0.0
12923,2026-09-01,GDKP,Ghundankhapa,69,0.0,70.3,512,119,upcoming,upcoming,False,4,13,55,8,afternoon,False,TEO,Teegaon,70,520,111,70.3,4.065566666666666,0.0,0.0
12923,2026-09-01,TEO,Teegaon,70,0.0,70.3,520,111,upcoming,upcoming,False,4,13,55,8,afternoon,False,PAR,Pandhurna,71,529,102,72.0,4.065566666666666,0.0,0.0
12923,2026-09-01,PAR,Pandhurna,71,0.0,72.0,529,102,upcoming,upcoming,True,4,13,55,8,afternoon,False,DDMT,Darimeta,72,537,94,72.0,4.065566666666666,0.0,0.0
12923,2026-09-01,DDMT,Darimeta,72,0.0,72.0,537,94,upcoming,upcoming,False,4,13,55,8,afternoon,False,NRKR,Narkher,73,547,84,45.0,4.065566666666666,0.0,0.0
12923,2026-09-01,NRKR,Narkher,73,0.0,45.0,547,84,upcoming,upcoming,True,4,13,55,8,afternoon,False,TNH,Tinkheda,74,554,77,45.0,4.065566666666666,0.0,0.0
12923,2026-09-01,TNH,Tinkheda,74,0.0,45.0,554,77,upcoming,upcoming,False,4,13,55,8,afternoon,False,KLBA,Kalambha,75,562,69,45.0,4.065566666666666,0.0,0.0
12923,2026-09-01,KLBA,Kalambha,75,0.0,45.0,562,69,upcoming,upcoming,False,4,13,55,8,afternoon,False,KATL,Katol,76,572,59,45.0,4.065566666666666,0.0,0.0
12923,2026-09-01,KATL,Katol,76,0.0,45.0,572,59,upcoming,upcoming,False,4,13,55,8,afternoon,False,MER,Metpanjra,77,582,49,45.0,4.065566666666666,0.0,0.0
12923,2026-09-01,MER,Metpanjra,77,0.0,45.0,582,49,upcoming,upcoming,False,4,13,55,8,afternoon,False,SNKB,Sonkhamb,78,589,42,45.0,4.065566666666666,0.0,0.0
12923,2026-09-01,SNKB,Sonkhamb,78,0.0,45.0,589,42,upcoming,upcoming,False,4,13,55,8,afternoon,False,KOHL,Kohli,79,596,35,45.0,4.065566666666666,0.0,0.0
12923,2026-09-01,KOHL,Kohli,79,0.0,45.0,596,35,upcoming,upcoming,False,4,13,55,8,afternoon,False,KSWR,Kalmeshwar,80,607,24,45.0,4.065566666666666,0.0,0.0
12923,2026-09-01,KSWR,Kalmeshwar,80,0.0,45.0,607,24,upcoming,upcoming,False,4,13,55,8,afternoon,False,BWRA,Bharatwada,81,618,13,45.0,4.065566666666666,0.0,0.0
12923,2026-09-01,BWRA,Bharatwada,81,0.0,45.0,618,13,upcoming,upcoming,False,4,13,55,8,afternoon,False,GNQ,Godhani,82,624,7,45.0,4.065566666666666,0.0,0.0
12923,2026-09-01,GNQ,Godhani,82,0.0,45.0,624,7,upcoming,upcoming,False,4,13,55,8,afternoon,False,NGP,Nagpur Jn,83,631,0,0.0,4.065566666666666,0.0,0.0
12923,2026-09-01,DADN,Dr. Ambedkar Nagar,1,0.0,50.4,0,631,at-station,at-station,True,4,13,59,8,afternoon,False,INDB,Indore Jn,7,21,610,84.0,42.02005,0.0,0.0
12923,2026-09-01,HKH,Haranya Kheri,2,0.0,50.4,3,628,upcoming,upcoming,False,4,13,59,8,afternoon,False,INDB,Indore Jn,7,21,610,84.0,42.02005,0.0,0.0
12923,2026-09-01,RAU,Rau,3,0.0,50.4,10,621,upcoming,upcoming,False,4,13,59,8,afternoon,False,INDB,Indore Jn,7,21,610,84.0,42.02005,0.0,0.0
12923,2026-09-01,RJQ,Rajendranagar,4,0.0,50.4,14,617,upcoming,upcoming,False,4,13,59,8,afternoon,False,INDB,Indore Jn,7,21,610,84.0,42.02005,0.0,0.0
12923,2026-09-01,LKMN,Lokmanya Nagar,5,0.0,50.4,17,614,upcoming,upcoming,False,4,13,59,8,afternoon,False,INDB,Indore Jn,7,21,610,84.0,42.02005,0.0,0.0
12923,2026-09-01,SFNR,Saifinagar Halt,6,0.0,50.4,19,612,upcoming,upcoming,False,4,13,59,8,afternoon,False,INDB,Indore Jn,7,21,610,84.0,42.02005,0.0,0.0
12923,2026-09-01,INDB,Indore Jn,7,0.0,84.0,21,610,upcoming,upcoming,True,4,13,59,8,afternoon,False,DWX,Dewas,12,63,568,45.0,42.02005,0.0,0.0
12923,2026-09-01,LMNR,Lakshmibai Ngr,8,0.0,84.0,24,607,upcoming,upcoming,False,4,13,59,8,afternoon,False,DWX,Dewas,12,63,568,45.0,42.02005,0.0,0.0
12923,2026-09-01,MGG,Mangliya Gaon,9,0.0,84.0,35,596,upcoming,upcoming,False,4,13,59,8,afternoon,False,DWX,Dewas,12,63,568,45.0,42.02005,0.0,0.0
12923,2026-09-01,BLAX,Barlai,10,0.0,84.0,46,585,upcoming,upcoming,False,4,13,59,8,afternoon,False,DWX,Dewas,12,63,568,45.0,42.02005,0.0,0.0
12923,2026-09-01,BNJN,Binjana,11,0.0,84.0,57,574,upcoming,upcoming,False,4,13,59,8,afternoon,False,DWX,Dewas,12,63,568,45.0,42.02005,0.0,0.0
12923,2026-09-01,DWX,Dewas,12,0.0,45.0,63,568,upcoming,upcoming,True,4,13,59,8,afternoon,False,MKC,Maksi Jn,17,99,532,71.5,42.02005,0.0,0.0
12923,2026-09-01,AJKI,Ajitkhedi,13,0.0,45.0,70,561,upcoming,upcoming,False,4,13,59,8,afternoon,False,MKC,Maksi Jn,17,99,532,71.5,42.02005,0.0,0.0
12923,2026-09-01,SKBN,Silakeri,14,0.0,45.0,76,555,upcoming,upcoming,False,4,13,59,8,afternoon,False,MKC,Maksi Jn,17,99,532,71.5,42.02005,0.0,0.0
12923,2026-09-01,RCJ,Ranayala Jasnia,15,0.0,45.0,84,547,upcoming,upcoming,False,4,13,59,8,afternoon,False,MKC,Maksi Jn,17,99,532,71.5,42.02005,0.0,0.0
12923,2026-09-01,DON,Donta,16,0.0,45.0,92,539,upcoming,upcoming,False,4,13,59,8,afternoon,False,MKC,Maksi Jn,17,99,532,71.5,42.02005,0.0,0.0
12923,2026-09-01,MKC,Maksi Jn,17,0.0,71.5,99,532,upcoming,upcoming,True,4,13,59,8,afternoon,False,SJP,Shujalpur,25,161,470,49.0,42.02005,0.0,0.0
12923,2026-09-01,PUO,Pir Umrod,18,0.0,71.5,106,525,upcoming,upcoming,False,4,13,59,8,afternoon,False,SJP,Shujalpur,25,161,470,49.0,42.02005,0.0,0.0
12923,2026-09-01,BCH,Berchha,19,0.0,71.5,118,513,upcoming,upcoming,False,4,13,59,8,afternoon,False,SJP,Shujalpur,25,161,470,49.0,42.02005,0.0,0.0
12923,2026-09-01,KONY,Kisoni,20,0.0,71.5,123,508,upcoming,upcoming,False,4,13,59,8,afternoon,False,SJP,Shujalpur,25,161,470,49.0,42.02005,0.0,0.0
12923,2026-09-01,KSH,Kali Sindh,21,0.0,71.5,130,501,upcoming,upcoming,False,4,13,59,8,afternoon,False,SJP,Shujalpur,25,161,470,49.0,42.02005,0.0,0.0
12923,2026-09-01,BLX,Bolai,22,0.0,71.5,136,495,upcoming,upcoming,False,4,13,59,8,afternoon,False,SJP,Shujalpur,25,161,470,49.0,42.02005,0.0,0.0
12923,2026-09-01,AKD,Akodia,23,0.0,71.5,148,483,upcoming,upcoming,False,4,13,59,8,afternoon,False,SJP,Shujalpur,25,161,470,49.0,42.02005,0.0,0.0
12923,2026-09-01,MQE,Mohammadkhera,24,0.0,71.5,155,476,upcoming,upcoming,False,4,13,59,8,afternoon,False,SJP,Shujalpur,25,161,470,49.0,42.02005,0.0,0.0
12923,2026-09-01,SJP,Shujalpur,25,0.0,49.0,161,470,upcoming,upcoming,True,4,13,59,8,afternoon,False,RKMP,Rani Kamalapati,37,250,381,54.3,42.02005,0.0,0.0
12923,2026-09-01,CKOD,Chakrod,26,0.0,49.0,167,464,upcoming,upcoming,False,4,13,59,8,afternoon,False,RKMP,Rani Kamalapati,37,250,381,54.3,42.02005,0.0,0.0
12923,2026-09-01,KPP,Kalapipal,27,0.0,49.0,174,457,upcoming,upcoming,False,4,13,59,8,afternoon,False,RKMP,Rani Kamalapati,37,250,381,54.3,42.02005,0.0,0.0
12923,2026-09-01,JBX,Jabri,28,0.0,49.0,181,450,upcoming,upcoming,False,4,13,59,8,afternoon,False,RKMP,Rani Kamalapati,37,250,381,54.3,42.02005,0.0,0.0
12923,2026-09-01,PRB,Parbati,29,0.0,49.0,189,442,upcoming,upcoming,False,4,13,59,8,afternoon,False,RKMP,Rani Kamalapati,37,250,381,54.3,42.02005,0.0,0.0
12923,2026-09-01,BKTL,Baktal,30,0.0,49.0,194,437,upcoming,upcoming,False,4,13,59,8,afternoon,False,RKMP,Rani Kamalapati,37,250,381,54.3,42.02005,0.0,0.0
12923,2026-09-01,SEH,Sehore,31,0.0,49.0,202,429,upcoming,upcoming,False,4,13,59,8,afternoon,False,RKMP,Rani Kamalapati,37,250,381,54.3,42.02005,0.0,0.0
12923,2026-09-01,PNWN,Pachwan,32,0.0,49.0,208,423,upcoming,upcoming,False,4,13,59,8,afternoon,False,RKMP,Rani Kamalapati,37,250,381,54.3,42.02005,0.0,0.0
12923,2026-09-01,PUD,Phanda,33,0.0,49.0,215,416,upcoming,upcoming,False,4,13,59,8,afternoon,False,RKMP,Rani Kamalapati,37,250,381,54.3,42.02005,0.0,0.0
12923,2026-09-01,BQE,Bakanian Bhaunri,34,0.0,49.0,223,408,upcoming,upcoming,False,4,13,59,8,afternoon,False,RKMP,Rani Kamalapati,37,250,381,54.3,42.02005,0.0,0.0
12923,2026-09-01,SHRN,Sant Hirdaram Nagar Jn,35,0.0,49.0,231,400,upcoming,upcoming,False,4,13,59,8,afternoon,False,RKMP,Rani Kamalapati,37,250,381,54.3,42.02005,0.0,0.0
12923,2026-09-01,BPL,Bhopal Jn,36,0.0,49.0,244,387,upcoming,upcoming,False,4,13,59,8,afternoon,False,RKMP,Rani Kamalapati,37,250,381,54.3,42.02005,0.0,0.0
12923,2026-09-01,RKMP,Rani Kamalapati,37,0.0,54.3,250,381,upcoming,upcoming,True,4,13,59,8,afternoon,False,ET,Itarsi Jn,47,336,295,64.9,42.02005,0.0,0.0
12923,2026-09-01,MSO,Misrod,38,0.0,54.3,256,375,upcoming,upcoming,False,4,13,59,8,afternoon,False,ET,Itarsi Jn,47,336,295,64.9,42.02005,0.0,0.0
12923,2026-09-01,MDDP,Mandi Dip,39,0.0,54.3,266,365,upcoming,upcoming,False,4,13,59,8,afternoon,False,ET,Itarsi Jn,47,336,295,64.9,42.02005,0.0,0.0
12923,2026-09-01,ODG,Obaidulla Ganj,40,0.0,54.3,280,351,upcoming,upcoming,False,4,13,59,8,afternoon,False,ET,Itarsi Jn,47,336,295,64.9,42.02005,0.0,0.0
12923,2026-09-01,BKA,Barkhera,41,0.0,54.3,291,340,upcoming,upcoming,False,4,13,59,8,afternoon,False,ET,Itarsi Jn,47,336,295,64.9,42.02005,0.0,0.0
12923,2026-09-01,CHQ,Choka,42,0.0,54.3,298,333,upcoming,upcoming,False,4,13,59,8,afternoon,False,ET,Itarsi Jn,47,336,295,64.9,42.02005,0.0,0.0
12923,2026-09-01,MIG,Midghat,43,0.0,54.3,304,327,upcoming,upcoming,False,4,13,59,8,afternoon,False,ET,Itarsi Jn,47,336,295,64.9,42.02005,0.0,0.0
12923,2026-09-01,BNI,Budni,44,0.0,54.3,311,320,upcoming,upcoming,False,4,13,59,8,afternoon,False,ET,Itarsi Jn,47,336,295,64.9,42.02005,0.0,0.0
12923,2026-09-01,NDPM,Narmadapuram,45,0.0,54.3,318,313,upcoming,upcoming,False,4,13,59,8,afternoon,False,ET,Itarsi Jn,47,336,295,64.9,42.02005,0.0,0.0
12923,2026-09-01,PRKD,Powerkheda,46,0.0,54.3,327,304,upcoming,upcoming,False,4,13,59,8,afternoon,False,ET,Itarsi Jn,47,336,295,64.9,42.02005,0.0,0.0
12923,2026-09-01,ET,Itarsi Jn,47,0.0,64.9,336,295,upcoming,upcoming,True,4,13,59,8,afternoon,False,BZU,Betul,61,442,189,76.7,42.02005,0.0,0.0
12923,2026-09-01,JUH,Jujharpur Cabin,48,0.0,64.9,338,293,upcoming,upcoming,False,4,13,59,8,afternoon,False,BZU,Betul,61,442,189,76.7,42.02005,0.0,0.0
12923,2026-09-01,KRTH,Kiratgarh,49,0.0,64.9,346,285,upcoming,upcoming,False,4,13,59,8,afternoon,False,BZU,Betul,61,442,189,76.7,42.02005,0.0,0.0
12923,2026-09-01,KSLA,Kesla,50,0.0,64.9,352,279,upcoming,upcoming,False,4,13,59,8,afternoon,False,BZU,Betul,61,442,189,76.7,42.02005,0.0,0.0
12923,2026-09-01,TAKU,Taku,51,0.0,64.9,358,273,upcoming,upcoming,False,4,13,59,8,afternoon,False,BZU,Betul,61,442,189,76.7,42.02005,0.0,0.0
12923,2026-09-01,SAHL,Saheli,52,0.0,64.9,362,269,upcoming,upcoming,False,4,13,59,8,afternoon,False,BZU,Betul,61,442,189,76.7,42.02005,0.0,0.0
12923,2026-09-01,KQE,Kala Akhar,53,0.0,64.9,368,263,upcoming,upcoming,False,4,13,59,8,afternoon,False,BZU,Betul,61,442,189,76.7,42.02005,0.0,0.0
12923,2026-09-01,POX,Pola-Patthar,54,0.0,64.9,375,256,upcoming,upcoming,False,4,13,59,8,afternoon,False,BZU,Betul,61,442,189,76.7,42.02005,0.0,0.0
12923,2026-09-01,DOH,Dhodra Mohar,55,0.0,64.9,383,248,upcoming,upcoming,False,4,13,59,8,afternoon,False,BZU,Betul,61,442,189,76.7,42.02005,0.0,0.0
12923,2026-09-01,MGRD,Magardoh,56,0.0,64.9,388,243,upcoming,upcoming,False,4,13,59,8,afternoon,False,BZU,Betul,61,442,189,76.7,42.02005,0.0,0.0
12923,2026-09-01,BBTR,Barbatpur,57,0.0,64.9,394,237,upcoming,upcoming,False,4,13,59,8,afternoon,False,BZU,Betul,61,442,189,76.7,42.02005,0.0,0.0
12923,2026-09-01,GDYA,Ghoradongri,58,0.0,64.9,406,225,upcoming,upcoming,False,4,13,59,8,afternoon,False,BZU,Betul,61,442,189,76.7,42.02005,0.0,0.0
12923,2026-09-01,DHQ,Dharakhoh,59,0.0,64.9,421,210,upcoming,upcoming,False,4,13,59,8,afternoon,False,BZU,Betul,61,442,189,76.7,42.02005,0.0,0.0
12923,2026-09-01,MJY,Maramjhiri,60,0.0,64.9,434,197,upcoming,upcoming,False,4,13,59,8,afternoon,False,BZU,Betul,61,442,189,76.7,42.02005,0.0,0.0
12923,2026-09-01,BZU,Betul,61,0.0,76.7,442,189,upcoming,upcoming,True,4,13,59,8,afternoon,False,AMLA,Amla Jn,64,465,166,92.0,42.02005,0.0,0.0
12923,2026-09-01,MALK,Malkapur Road,62,0.0,76.7,449,182,upcoming,upcoming,False,4,13,59,8,afternoon,False,AMLA,Amla Jn,64,465,166,92.0,42.02005,0.0,0.0
12923,2026-09-01,BYS,Barsali,63,0.0,76.7,455,176,upcoming,upcoming,False,4,13,59,8,afternoon,False,AMLA,Amla Jn,64,465,166,92.0,42.02005,0.0,0.0
12923,2026-09-01,AMLA,Amla Jn,64,0.0,92.0,465,166,upcoming,upcoming,True,4,13,59,8,afternoon,False,MTY,Multai,66,488,143,70.3,42.02005,0.0,0.0
12923,2026-09-01,JKR,Jaulkhera,65,0.0,92.0,477,154,upcoming,upcoming,False,4,13,59,8,afternoon,False,MTY,Multai,66,488,143,70.3,42.02005,0.0,0.0
12923,2026-09-01,MTY,Multai,66,0.0,70.3,488,143,upcoming,upcoming,True,4,13,59,8,afternoon,False,PAR,Pandhurna,71,529,102,72.0,42.02005,0.0,0.0
12923,2026-09-01,HTN,Hatna Pur,67,0.0,70.3,497,134,upcoming,upcoming,False,4,13,59,8,afternoon,False,PAR,Pandhurna,71,529,102,72.0,42.02005,0.0,0.0
12923,2026-09-01,CCD,Chichonda,68,0.0,70.3,503,128,upcoming,upcoming,False,4,13,59,8,afternoon,False,PAR,Pandhurna,71,529,102,72.0,42.02005,0.0,0.0
12923,2026-09-01,GDKP,Ghundankhapa,69,0.0,70.3,512,119,upcoming,upcoming,False,4,13,59,8,afternoon,False,PAR,Pandhurna,71,529,102,72.0,42.02005,0.0,0.0
12923,2026-09-01,TEO,Teegaon,70,0.0,70.3,520,111,upcoming,upcoming,False,4,13,59,8,afternoon,False,PAR,Pandhurna,71,529,102,72.0,42.02005,0.0,0.0
12923,2026-09-01,PAR,Pandhurna,71,0.0,72.0,529,102,upcoming,upcoming,True,4,13,59,8,afternoon,False,NRKR,Narkher,73,547,84,45.0,42.02005,0.0,0.0
12923,2026-09-01,DDMT,Darimeta,72,0.0,72.0,537,94,upcoming,upcoming,False,4,13,59,8,afternoon,False,NRKR,Narkher,73,547,84,45.0,42.02005,0.0,0.0
12923,2026-09-01,NRKR,Narkher,73,0.0,45.0,547,84,upcoming,upcoming,True,4,13,59,8,afternoon,False,NGP,Nagpur Jn,83,631,0,,42.02005,0.0,0.0
12923,2026-09-01,TNH,Tinkheda,74,0.0,45.0,554,77,upcoming,upcoming,False,4,13,59,8,afternoon,False,NGP,Nagpur Jn,83,631,0,,42.02005,0.0,0.0
12923,2026-09-01,KLBA,Kalambha,75,0.0,45.0,562,69,upcoming,upcoming,False,4,13,59,8,afternoon,False,NGP,Nagpur Jn,83,631,0,,42.02005,0.0,0.0
12923,2026-09-01,KATL,Katol,76,0.0,45.0,572,59,upcoming,upcoming,False,4,13,59,8,afternoon,False,NGP,Nagpur Jn,83,631,0,,42.02005,0.0,0.0
12923,2026-09-01,MER,Metpanjra,77,0.0,45.0,582,49,upcoming,upcoming,False,4,13,59,8,afternoon,False,NGP,Nagpur Jn,83,631,0,,42.02005,0.0,0.0
12923,2026-09-01,SNKB,Sonkhamb,78,0.0,45.0,589,42,upcoming,upcoming,False,4,13,59,8,afternoon,False,NGP,Nagpur Jn,83,631,0,,42.02005,0.0,0.0
12923,2026-09-01,KOHL,Kohli,79,0.0,45.0,596,35,upcoming,upcoming,False,4,13,59,8,afternoon,False,NGP,Nagpur Jn,83,631,0,,42.02005,0.0,0.0
12923,2026-09-01,KSWR,Kalmeshwar,80,0.0,45.0,607,24,upcoming,upcoming,False,4,13,59,8,afternoon,False,NGP,Nagpur Jn,83,631,0,,42.02005,0.0,0.0
12923,2026-09-01,BWRA,Bharatwada,81,0.0,45.0,618,13,upcoming,upcoming,False,4,13,59,8,afternoon,False,NGP,Nagpur Jn,83,631,0,,42.02005,0.0,0.0
12923,2026-09-01,GNQ,Godhani,82,0.0,45.0,624,7,upcoming,upcoming,False,4,13,59,8,afternoon,False,NGP,Nagpur Jn,83,631,0,,42.02005,0.0,0.0
12924,2026-09-02,NGP,Nagpur Jn,1,0.0,80.5,0,631,at-station,at-station,True,4,13,55,8,afternoon,False,GNQ,Godhani,2,7,624,80.5,4.0656,0.0,0.0
12924,2026-09-02,GNQ,Godhani,2,0.0,80.5,7,624,upcoming,upcoming,False,4,13,55,8,afternoon,False,BWRA,Bharatwada,3,13,618,80.5,4.0656,0.0,0.0
12924,2026-09-02,BWRA,Bharatwada,3,0.0,80.5,13,618,upcoming,upcoming,False,4,13,55,8,afternoon,False,KSWR,Kalmeshwar,4,24,607,80.5,4.0656,0.0,0.0
12924,2026-09-02,KSWR,Kalmeshwar,4,0.0,80.5,24,607,upcoming,upcoming,False,4,13,55,8,afternoon,False,KOHL,Kohli,5,35,596,80.5,4.0656,0.0,0.0
12924,2026-09-02,KOHL,Kohli,5,0.0,80.5,35,596,upcoming,upcoming,False,4,13,55,8,afternoon,False,SNKB,Sonkhamb,6,42,589,80.5,4.0656,0.0,0.0
12924,2026-09-02,SNKB,Sonkhamb,6,0.0,80.5,42,589,upcoming,upcoming,False,4,13,55,8,afternoon,False,MER,Metpanjra,7,49,582,80.5,4.0656,0.0,0.0
12924,2026-09-02,MER,Metpanjra,7,0.0,80.5,49,582,upcoming,upcoming,False,4,13,55,8,afternoon,False,KATL,Katol,8,59,572,88.2,4.0656,0.0,0.0
12924,2026-09-02,KATL,Katol,8,0.0,88.2,59,572,upcoming,upcoming,True,4,13,55,8,afternoon,False,KLBA,Kalambha,9,69,562,88.2,4.0656,0.0,0.0
12924,2026-09-02,KLBA,Kalambha,9,0.0,88.2,69,562,upcoming,upcoming,False,4,13,55,8,afternoon,False,TNH,Tinkheda,10,77,554,88.2,4.0656,0.0,0.0
12924,2026-09-02,TNH,Tinkheda,10,0.0,88.2,77,554,upcoming,upcoming,False,4,13,55,8,afternoon,False,NRKR,Narkher,11,84,547,98.2,4.0656,0.0,0.0
12924,2026-09-02,NRKR,Narkher,11,0.0,98.2,84,547,upcoming,upcoming,True,4,13,55,8,afternoon,False,DDMT,Darimeta,12,94,537,98.2,4.0656,0.0,0.0
12924,2026-09-02,DDMT,Darimeta,12,0.0,98.2,94,537,upcoming,upcoming,False,4,13,55,8,afternoon,False,PAR,Pandhurna,13,102,529,55.9,4.0656,0.0,0.0
12924,2026-09-02,PAR,Pandhurna,13,0.0,55.9,102,529,upcoming,upcoming,True,4,13,55,8,afternoon,False,TEO,Teegaon,14,111,520,55.9,4.0656,0.0,0.0
12924,2026-09-02,TEO,Teegaon,14,0.0,55.9,111,520,upcoming,upcoming,False,4,13,55,8,afternoon,False,GDKP,Ghundankhapa,15,119,512,55.9,4.0656,0.0,0.0
12924,2026-09-02,GDKP,Ghundankhapa,15,0.0,55.9,119,512,upcoming,upcoming,False,4,13,55,8,afternoon,False,CCD,Chichonda,16,128,503,55.9,4.0656,0.0,0.0
12924,2026-09-02,CCD,Chichonda,16,0.0,55.9,128,503,upcoming,upcoming,False,4,13,55,8,afternoon,False,HTN,Hatna Pur,17,134,497,55.9,4.0656,0.0,0.0
12924,2026-09-02,HTN,Hatna Pur,17,0.0,55.9,134,497,upcoming,upcoming,False,4,13,55,8,afternoon,False,MTY,Multai,18,143,488,98.6,4.0656,0.0,0.0
12924,2026-09-02,MTY,Multai,18,0.0,98.6,143,488,upcoming,upcoming,True,4,13,55,8,afternoon,False,JKR,Jaulkhera,19,154,477,98.6,4.0656,0.0,0.0
12924,2026-09-02,JKR,Jaulkhera,19,0.0,98.6,154,477,upcoming,upcoming,False,4,13,55,8,afternoon,False,AMLA,Amla Jn,20,166,465,86.3,4.0656,0.0,0.0
12924,2026-09-02,AMLA,Amla Jn,20,0.0,86.3,166,465,upcoming,upcoming,True,4,13,55,8,afternoon,False,BYS,Barsali,21,176,455,86.3,4.0656,0.0,0.0
12924,2026-09-02,BYS,Barsali,21,0.0,86.3,176,455,upcoming,upcoming,False,4,13,55,8,afternoon,False,MALK,Malkapur Road,22,182,449,86.3,4.0656,0.0,0.0
12924,2026-09-02,MALK,Malkapur Road,22,0.0,86.3,182,449,upcoming,upcoming,False,4,13,55,8,afternoon,False,BZU,Betul,23,189,442,43.3,4.0656,0.0,0.0
12924,2026-09-02,BZU,Betul,23,0.0,43.3,189,442,upcoming,upcoming,True,4,13,55,8,afternoon,False,MJY,Maramjhiri,24,197,434,43.3,4.0656,0.0,0.0
12924,2026-09-02,MJY,Maramjhiri,24,0.0,43.3,197,434,upcoming,upcoming,False,4,13,55,8,afternoon,False,DHQ,Dharakhoh,25,210,421,43.3,4.0656,0.0,0.0
12924,2026-09-02,DHQ,Dharakhoh,25,0.0,43.3,210,421,upcoming,upcoming,False,4,13,55,8,afternoon,False,GDYA,Ghoradongri,26,225,406,43.3,4.0656,0.0,0.0
12924,2026-09-02,GDYA,Ghoradongri,26,0.0,43.3,225,406,upcoming,upcoming,False,4,13,55,8,afternoon,False,BBTR,Barbatpur,27,237,394,43.3,4.0656,0.0,0.0
12924,2026-09-02,BBTR,Barbatpur,27,0.0,43.3,237,394,upcoming,upcoming,False,4,13,55,8,afternoon,False,MGRD,Magardoh,28,243,388,43.3,4.0656,0.0,0.0
12924,2026-09-02,MGRD,Magardoh,28,0.0,43.3,243,388,upcoming,upcoming,False,4,13,55,8,afternoon,False,DOH,Dhodra Mohar,29,248,383,43.3,4.0656,0.0,0.0
12924,2026-09-02,DOH,Dhodra Mohar,29,0.0,43.3,248,383,upcoming,upcoming,False,4,13,55,8,afternoon,False,POX,Pola-Patthar,30,256,375,43.3,4.0656,0.0,0.0
12924,2026-09-02,POX,Pola-Patthar,30,0.0,43.3,256,375,upcoming,upcoming,False,4,13,55,8,afternoon,False,KQE,Kala Akhar,31,262,369,43.3,4.0656,0.0,0.0
12924,2026-09-02,KQE,Kala Akhar,31,0.0,43.3,262,369,upcoming,upcoming,False,4,13,55,8,afternoon,False,SAHL,Saheli,32,269,362,43.3,4.0656,0.0,0.0
12924,2026-09-02,SAHL,Saheli,32,0.0,43.3,269,362,upcoming,upcoming,False,4,13,55,8,afternoon,False,TAKU,Taku,33,273,358,43.3,4.0656,0.0,0.0
12924,2026-09-02,TAKU,Taku,33,0.0,43.3,273,358,upcoming,upcoming,False,4,13,55,8,afternoon,False,KSLA,Kesla,34,279,352,43.3,4.0656,0.0,0.0
12924,2026-09-02,KSLA,Kesla,34,0.0,43.3,279,352,upcoming,upcoming,False,4,13,55,8,afternoon,False,KRTH,Kiratgarh,35,285,346,43.3,4.0656,0.0,0.0
12924,2026-09-02,KRTH,Kiratgarh,35,0.0,43.3,285,346,upcoming,upcoming,False,4,13,55,8,afternoon,False,JUH,Jujharpur Cabin,36,293,338,43.3,4.0656,0.0,0.0
12924,2026-09-02,JUH,Jujharpur Cabin,36,0.0,43.3,293,338,upcoming,upcoming,False,4,13,55,8,afternoon,False,ET,Itarsi Jn,37,295,336,65.3,4.0656,0.0,0.0
12924,2026-09-02,ET,Itarsi Jn,37,0.0,65.3,295,336,upcoming,upcoming,True,4,13,55,8,afternoon,False,PRKD,Powerkheda,38,304,327,65.3,4.0656,0.0,0.0
12924,2026-09-02,PRKD,Powerkheda,38,0.0,65.3,304,327,upcoming,upcoming,False,4,13,55,8,afternoon,False,NDPM,Narmadapuram,39,313,318,65.3,4.0656,0.0,0.0
12924,2026-09-02,NDPM,Narmadapuram,39,0.0,65.3,313,318,upcoming,upcoming,False,4,13,55,8,afternoon,False,BNI,Budni,40,320,311,65.3,4.0656,0.0,0.0
12924,2026-09-02,BNI,Budni,40,0.0,65.3,320,311,upcoming,upcoming,False,4,13,55,8,afternoon,False,MIG,Midghat,41,327,304,65.3,4.0656,0.0,0.0
12924,2026-09-02,MIG,Midghat,41,0.0,65.3,327,304,upcoming,upcoming,False,4,13,55,8,afternoon,False,CHQ,Choka,42,333,298,65.3,4.0656,0.0,0.0
12924,2026-09-02,CHQ,Choka,42,0.0,65.3,333,298,upcoming,upcoming,False,4,13,55,8,afternoon,False,BKA,Barkhera,43,340,291,65.3,4.0656,0.0,0.0
12924,2026-09-02,BKA,Barkhera,43,0.0,65.3,340,291,upcoming,upcoming,False,4,13,55,8,afternoon,False,ODG,Obaidulla Ganj,44,351,280,65.3,4.0656,0.0,0.0
12924,2026-09-02,ODG,Obaidulla Ganj,44,0.0,65.3,351,280,upcoming,upcoming,False,4,13,55,8,afternoon,False,MDDP,Mandi Dip,45,365,266,65.3,4.0656,0.0,0.0
12924,2026-09-02,MDDP,Mandi Dip,45,0.0,65.3,365,266,upcoming,upcoming,False,4,13,55,8,afternoon,False,MSO,Misrod,46,375,256,65.3,4.0656,0.0,0.0
12924,2026-09-02,MSO,Misrod,46,0.0,65.3,375,256,upcoming,upcoming,False,4,13,55,8,afternoon,False,RKMP,Rani Kamalapati,47,381,250,63.6,4.0656,0.0,0.0
12924,2026-09-02,RKMP,Rani Kamalapati,47,0.0,63.6,381,250,upcoming,upcoming,True,4,13,55,8,afternoon,False,BPL,Bhopal Jn,48,387,244,63.6,4.0656,0.0,0.0
12924,2026-09-02,BPL,Bhopal Jn,48,0.0,63.6,387,244,upcoming,upcoming,False,4,13,55,8,afternoon,False,SHRN,Sant Hirdaram Nagar Jn,49,400,231,63.6,4.0656,0.0,0.0
12924,2026-09-02,SHRN,Sant Hirdaram Nagar Jn,49,0.0,63.6,400,231,upcoming,upcoming,False,4,13,55,8,afternoon,False,BQE,Bakanian Bhaunri,50,408,223,63.6,4.0656,0.0,0.0
12924,2026-09-02,BQE,Bakanian Bhaunri,50,0.0,63.6,408,223,upcoming,upcoming,False,4,13,55,8,afternoon,False,PUD,Phanda,51,416,215,63.6,4.0656,0.0,0.0
12924,2026-09-02,PUD,Phanda,51,0.0,63.6,416,215,upcoming,upcoming,False,4,13,55,8,afternoon,False,PNWN,Pachwan,52,423,208,63.6,4.0656,0.0,0.0
12924,2026-09-02,PNWN,Pachwan,52,0.0,63.6,423,208,upcoming,upcoming,False,4,13,55,8,afternoon,False,SEH,Sehore,53,428,203,63.6,4.0656,0.0,0.0
12924,2026-09-02,SEH,Sehore,53,0.0,63.6,428,203,upcoming,upcoming,False,4,13,55,8,afternoon,False,BKTL,Baktal,54,437,194,63.6,4.0656,0.0,0.0
12924,2026-09-02,BKTL,Baktal,54,0.0,63.6,437,194,upcoming,upcoming,False,4,13,55,8,afternoon,False,PRB,Parbati,55,442,189,63.6,4.0656,0.0,0.0
12924,2026-09-02,PRB,Parbati,55,0.0,63.6,442,189,upcoming,upcoming,False,4,13,55,8,afternoon,False,JBX,Jabri,56,450,181,63.6,4.0656,0.0,0.0
12924,2026-09-02,JBX,Jabri,56,0.0,63.6,450,181,upcoming,upcoming,False,4,13,55,8,afternoon,False,KPP,Kalapipal,57,457,174,63.6,4.0656,0.0,0.0
12924,2026-09-02,KPP,Kalapipal,57,0.0,63.6,457,174,upcoming,upcoming,False,4,13,55,8,afternoon,False,CKOD,Chakrod,58,463,168,63.6,4.0656,0.0,0.0
12924,2026-09-02,CKOD,Chakrod,58,0.0,63.6,463,168,upcoming,upcoming,False,4,13,55,8,afternoon,False,SJP,Shujalpur,59,470,161,75.9,4.0656,0.0,0.0
12924,2026-09-02,SJP,Shujalpur,59,0.0,75.9,470,161,upcoming,upcoming,True,4,13,55,8,afternoon,False,MQE,Mohammadkhera,60,476,155,75.9,4.0656,0.0,0.0
12924,2026-09-02,MQE,Mohammadkhera,60,0.0,75.9,476,155,upcoming,upcoming,False,4,13,55,8,afternoon,False,AKD,Akodia,61,483,148,75.9,4.0656,0.0,0.0
12924,2026-09-02,AKD,Akodia,61,0.0,75.9,483,148,upcoming,upcoming,False,4,13,55,8,afternoon,False,BLX,Bolai,62,495,136,75.9,4.0656,0.0,0.0
12924,2026-09-02,BLX,Bolai,62,0.0,75.9,495,136,upcoming,upcoming,False,4,13,55,8,afternoon,False,KSH,Kali Sindh,63,501,130,75.9,4.0656,0.0,0.0
12924,2026-09-02,KSH,Kali Sindh,63,0.0,75.9,501,130,upcoming,upcoming,False,4,13,55,8,afternoon,False,KONY,Kisoni,64,508,123,75.9,4.0656,0.0,0.0
12924,2026-09-02,KONY,Kisoni,64,0.0,75.9,508,123,upcoming,upcoming,False,4,13,55,8,afternoon,False,BCH,Berchha,65,513,118,75.9,4.0656,0.0,0.0
12924,2026-09-02,BCH,Berchha,65,0.0,75.9,513,118,upcoming,upcoming,False,4,13,55,8,afternoon,False,PUO,Pir Umrod,66,525,106,75.9,4.0656,0.0,0.0
12924,2026-09-02,PUO,Pir Umrod,66,0.0,75.9,525,106,upcoming,upcoming,False,4,13,55,8,afternoon,False,MKC,Maksi Jn,67,532,99,72.0,4.0656,0.0,0.0
12924,2026-09-02,MKC,Maksi Jn,67,0.0,72.0,532,99,upcoming,upcoming,True,4,13,55,8,afternoon,False,DON,Donta,68,539,92,72.0,4.0656,0.0,0.0
12924,2026-09-02,DON,Donta,68,0.0,72.0,539,92,upcoming,upcoming,False,4,13,55,8,afternoon,False,RCJ,Ranayala Jasnia,69,547,84,72.0,4.0656,0.0,0.0
12924,2026-09-02,RCJ,Ranayala Jasnia,69,0.0,72.0,547,84,upcoming,upcoming,False,4,13,55,8,afternoon,False,SKBN,Silakeri,70,555,76,72.0,4.0656,0.0,0.0
12924,2026-09-02,SKBN,Silakeri,70,0.0,72.0,555,76,upcoming,upcoming,False,4,13,55,8,afternoon,False,AJKI,Ajitkhedi,71,561,70,72.0,4.0656,0.0,0.0
12924,2026-09-02,AJKI,Ajitkhedi,71,0.0,72.0,561,70,upcoming,upcoming,False,4,13,55,8,afternoon,False,DWX,Dewas,72,568,63,54.8,4.0656,0.0,0.0
12924,2026-09-02,DWX,Dewas,72,0.0,54.8,568,63,upcoming,upcoming,True,4,13,55,8,afternoon,False,BNJN,Binjana,73,574,57,54.8,4.0656,0.0,0.0
12924,2026-09-02,BNJN,Binjana,73,0.0,54.8,574,57,upcoming,upcoming,False,4,13,55,8,afternoon,False,BLAX,Barlai,74,585,46,54.8,4.0656,0.0,0.0
12924,2026-09-02,BLAX,Barlai,74,0.0,54.8,585,46,upcoming,upcoming,False,4,13,55,8,afternoon,False,MGG,Mangliya Gaon,75,595,36,54.8,4.0656,0.0,0.0
12924,2026-09-02,MGG,Mangliya Gaon,75,0.0,54.8,595,36,upcoming,upcoming,False,4,13,55,8,afternoon,False,LMNR,Lakshmibai Ngr,76,607,24,54.8,4.0656,0.0,0.0
12924,2026-09-02,LMNR,Lakshmibai Ngr,76,0.0,54.8,607,24,upcoming,upcoming,False,4,13,55,8,afternoon,False,INDB,Indore Jn,77,610,21,36.0,4.0656,0.0,0.0
12924,2026-09-02,INDB,Indore Jn,77,0.0,36.0,610,21,upcoming,upcoming,True,4,13,55,8,afternoon,False,SFNR,Saifinagar Halt,78,612,19,36.0,4.0656,0.0,0.0
12924,2026-09-02,SFNR,Saifinagar Halt,78,0.0,36.0,612,19,upcoming,upcoming,False,4,13,55,8,afternoon,False,LKMN,Lokmanya Nagar,79,614,17,36.0,4.0656,0.0,0.0
12924,2026-09-02,LKMN,Lokmanya Nagar,79,0.0,36.0,614,17,upcoming,upcoming,False,4,13,55,8,afternoon,False,RJQ,Rajendranagar,80,617,14,36.0,4.0656,0.0,0.0
12924,2026-09-02,RJQ,Rajendranagar,80,0.0,36.0,617,14,upcoming,upcoming,False,4,13,55,8,afternoon,False,RAU,Rau,81,621,10,36.0,4.0656,0.0,0.0
12924,2026-09-02,RAU,Rau,81,0.0,36.0,621,10,upcoming,upcoming,False,4,13,55,8,afternoon,False,HKH,Haranya Kheri,82,627,4,36.0,4.0656,0.0,0.0
12924,2026-09-02,HKH,Haranya Kheri,82,0.0,36.0,627,4,upcoming,upcoming,False,4,13,55,8,afternoon,False,DADN,Dr. Ambedkar Nagar,83,631,0,0.0,4.0656,0.0,0.0
12924,2026-09-02,NGP,Nagpur Jn,1,0.0,80.5,0,631,at-station,at-station,True,4,13,59,8,afternoon,False,KATL,Katol,8,59,572,88.2,42.03156666666666,0.0,0.0
12924,2026-09-02,GNQ,Godhani,2,0.0,80.5,7,624,upcoming,upcoming,False,4,13,59,8,afternoon,False,KATL,Katol,8,59,572,88.2,42.03156666666666,0.0,0.0
12924,2026-09-02,BWRA,Bharatwada,3,0.0,80.5,13,618,upcoming,upcoming,False,4,13,59,8,afternoon,False,KATL,Katol,8,59,572,88.2,42.03156666666666,0.0,0.0
12924,2026-09-02,KSWR,Kalmeshwar,4,0.0,80.5,24,607,upcoming,upcoming,False,4,13,59,8,afternoon,False,KATL,Katol,8,59,572,88.2,42.03156666666666,0.0,0.0
12924,2026-09-02,KOHL,Kohli,5,0.0,80.5,35,596,upcoming,upcoming,False,4,13,59,8,afternoon,False,KATL,Katol,8,59,572,88.2,42.03156666666666,0.0,0.0
12924,2026-09-02,SNKB,Sonkhamb,6,0.0,80.5,42,589,upcoming,upcoming,False,4,13,59,8,afternoon,False,KATL,Katol,8,59,572,88.2,42.03156666666666,0.0,0.0
12924,2026-09-02,MER,Metpanjra,7,0.0,80.5,49,582,upcoming,upcoming,False,4,13,59,8,afternoon,False,KATL,Katol,8,59,572,88.2,42.03156666666666,0.0,0.0
12924,2026-09-02,KATL,Katol,8,0.0,88.2,59,572,upcoming,upcoming,True,4,13,59,8,afternoon,False,NRKR,Narkher,11,84,547,98.2,42.03156666666666,0.0,0.0
12924,2026-09-02,KLBA,Kalambha,9,0.0,88.2,69,562,upcoming,upcoming,False,4,13,59,8,afternoon,False,NRKR,Narkher,11,84,547,98.2,42.03156666666666,0.0,0.0
12924,2026-09-02,TNH,Tinkheda,10,0.0,88.2,77,554,upcoming,upcoming,False,4,13,59,8,afternoon,False,NRKR,Narkher,11,84,547,98.2,42.03156666666666,0.0,0.0
12924,2026-09-02,NRKR,Narkher,11,0.0,98.2,84,547,upcoming,upcoming,True,4,13,59,8,afternoon,False,PAR,Pandhurna,13,102,529,55.9,42.03156666666666,0.0,0.0
12924,2026-09-02,DDMT,Darimeta,12,0.0,98.2,94,537,upcoming,upcoming,False,4,13,59,8,afternoon,False,PAR,Pandhurna,13,102,529,55.9,42.03156666666666,0.0,0.0
12924,2026-09-02,PAR,Pandhurna,13,0.0,55.9,102,529,upcoming,upcoming,True,4,13,59,8,afternoon,False,MTY,Multai,18,143,488,98.6,42.03156666666666,0.0,0.0
12924,2026-09-02,TEO,Teegaon,14,0.0,55.9,111,520,upcoming,upcoming,False,4,13,59,8,afternoon,False,MTY,Multai,18,143,488,98.6,42.03156666666666,0.0,0.0
12924,2026-09-02,GDKP,Ghundankhapa,15,0.0,55.9,119,512,upcoming,upcoming,False,4,13,59,8,afternoon,False,MTY,Multai,18,143,488,98.6,42.03156666666666,0.0,0.0
12924,2026-09-02,CCD,Chichonda,16,0.0,55.9,128,503,upcoming,upcoming,False,4,13,59,8,afternoon,False,MTY,Multai,18,143,488,98.6,42.03156666666666,0.0,0.0
12924,2026-09-02,HTN,Hatna Pur,17,0.0,55.9,134,497,upcoming,upcoming,False,4,13,59,8,afternoon,False,MTY,Multai,18,143,488,98.6,42.03156666666666,0.0,0.0
12924,2026-09-02,MTY,Multai,18,0.0,98.6,143,488,upcoming,upcoming,True,4,13,59,8,afternoon,False,AMLA,Amla Jn,20,166,465,86.3,42.03156666666666,0.0,0.0
12924,2026-09-02,JKR,Jaulkhera,19,0.0,98.6,154,477,upcoming,upcoming,False,4,13,59,8,afternoon,False,AMLA,Amla Jn,20,166,465,86.3,42.03156666666666,0.0,0.0
12924,2026-09-02,AMLA,Amla Jn,20,0.0,86.3,166,465,upcoming,upcoming,True,4,13,59,8,afternoon,False,BZU,Betul,23,189,442,43.3,42.03156666666666,0.0,0.0
12924,2026-09-02,BYS,Barsali,21,0.0,86.3,176,455,upcoming,upcoming,False,4,13,59,8,afternoon,False,BZU,Betul,23,189,442,43.3,42.03156666666666,0.0,0.0
12924,2026-09-02,MALK,Malkapur Road,22,0.0,86.3,182,449,upcoming,upcoming,False,4,13,59,8,afternoon,False,BZU,Betul,23,189,442,43.3,42.03156666666666,0.0,0.0
12924,2026-09-02,BZU,Betul,23,0.0,43.3,189,442,upcoming,upcoming,True,4,13,59,8,afternoon,False,ET,Itarsi Jn,37,295,336,65.3,42.03156666666666,0.0,0.0
12924,2026-09-02,MJY,Maramjhiri,24,0.0,43.3,197,434,upcoming,upcoming,False,4,13,59,8,afternoon,False,ET,Itarsi Jn,37,295,336,65.3,42.03156666666666,0.0,0.0
12924,2026-09-02,DHQ,Dharakhoh,25,0.0,43.3,210,421,upcoming,upcoming,False,4,13,59,8,afternoon,False,ET,Itarsi Jn,37,295,336,65.3,42.03156666666666,0.0,0.0
12924,2026-09-02,GDYA,Ghoradongri,26,0.0,43.3,225,406,upcoming,upcoming,False,4,13,59,8,afternoon,False,ET,Itarsi Jn,37,295,336,65.3,42.03156666666666,0.0,0.0
12924,2026-09-02,BBTR,Barbatpur,27,0.0,43.3,237,394,upcoming,upcoming,False,4,13,59,8,afternoon,False,ET,Itarsi Jn,37,295,336,65.3,42.03156666666666,0.0,0.0
12924,2026-09-02,MGRD,Magardoh,28,0.0,43.3,243,388,upcoming,upcoming,False,4,13,59,8,afternoon,False,ET,Itarsi Jn,37,295,336,65.3,42.03156666666666,0.0,0.0
12924,2026-09-02,DOH,Dhodra Mohar,29,0.0,43.3,248,383,upcoming,upcoming,False,4,13,59,8,afternoon,False,ET,Itarsi Jn,37,295,336,65.3,42.03156666666666,0.0,0.0
12924,2026-09-02,POX,Pola-Patthar,30,0.0,43.3,256,375,upcoming,upcoming,False,4,13,59,8,afternoon,False,ET,Itarsi Jn,37,295,336,65.3,42.03156666666666,0.0,0.0
12924,2026-09-02,KQE,Kala Akhar,31,0.0,43.3,262,369,upcoming,upcoming,False,4,13,59,8,afternoon,False,ET,Itarsi Jn,37,295,336,65.3,42.03156666666666,0.0,0.0
12924,2026-09-02,SAHL,Saheli,32,0.0,43.3,269,362,upcoming,upcoming,False,4,13,59,8,afternoon,False,ET,Itarsi Jn,37,295,336,65.3,42.03156666666666,0.0,0.0
12924,2026-09-02,TAKU,Taku,33,0.0,43.3,273,358,upcoming,upcoming,False,4,13,59,8,afternoon,False,ET,Itarsi Jn,37,295,336,65.3,42.03156666666666,0.0,0.0
12924,2026-09-02,KSLA,Kesla,34,0.0,43.3,279,352,upcoming,upcoming,False,4,13,59,8,afternoon,False,ET,Itarsi Jn,37,295,336,65.3,42.03156666666666,0.0,0.0
12924,2026-09-02,KRTH,Kiratgarh,35,0.0,43.3,285,346,upcoming,upcoming,False,4,13,59,8,afternoon,False,ET,Itarsi Jn,37,295,336,65.3,42.03156666666666,0.0,0.0
12924,2026-09-02,JUH,Jujharpur Cabin,36,0.0,43.3,293,338,upcoming,upcoming,False,4,13,59,8,afternoon,False,ET,Itarsi Jn,37,295,336,65.3,42.03156666666666,0.0,0.0
12924,2026-09-02,ET,Itarsi Jn,37,0.0,65.3,295,336,upcoming,upcoming,True,4,13,59,8,afternoon,False,RKMP,Rani Kamalapati,47,381,250,63.6,42.03156666666666,0.0,0.0
12924,2026-09-02,PRKD,Powerkheda,38,0.0,65.3,304,327,upcoming,upcoming,False,4,13,59,8,afternoon,False,RKMP,Rani Kamalapati,47,381,250,63.6,42.03156666666666,0.0,0.0
12924,2026-09-02,NDPM,Narmadapuram,39,0.0,65.3,313,318,upcoming,upcoming,False,4,13,59,8,afternoon,False,RKMP,Rani Kamalapati,47,381,250,63.6,42.03156666666666,0.0,0.0
12924,2026-09-02,BNI,Budni,40,0.0,65.3,320,311,upcoming,upcoming,False,4,13,59,8,afternoon,False,RKMP,Rani Kamalapati,47,381,250,63.6,42.03156666666666,0.0,0.0
12924,2026-09-02,MIG,Midghat,41,0.0,65.3,327,304,upcoming,upcoming,False,4,13,59,8,afternoon,False,RKMP,Rani Kamalapati,47,381,250,63.6,42.03156666666666,0.0,0.0
12924,2026-09-02,CHQ,Choka,42,0.0,65.3,333,298,upcoming,upcoming,False,4,13,59,8,afternoon,False,RKMP,Rani Kamalapati,47,381,250,63.6,42.03156666666666,0.0,0.0
12924,2026-09-02,BKA,Barkhera,43,0.0,65.3,340,291,upcoming,upcoming,False,4,13,59,8,afternoon,False,RKMP,Rani Kamalapati,47,381,250,63.6,42.03156666666666,0.0,0.0
12924,2026-09-02,ODG,Obaidulla Ganj,44,0.0,65.3,351,280,upcoming,upcoming,False,4,13,59,8,afternoon,False,RKMP,Rani Kamalapati,47,381,250,63.6,42.03156666666666,0.0,0.0
12924,2026-09-02,MDDP,Mandi Dip,45,0.0,65.3,365,266,upcoming,upcoming,False,4,13,59,8,afternoon,False,RKMP,Rani Kamalapati,47,381,250,63.6,42.03156666666666,0.0,0.0
12924,2026-09-02,MSO,Misrod,46,0.0,65.3,375,256,upcoming,upcoming,False,4,13,59,8,afternoon,False,RKMP,Rani Kamalapati,47,381,250,63.6,42.03156666666666,0.0,0.0
12924,2026-09-02,RKMP,Rani Kamalapati,47,0.0,63.6,381,250,upcoming,upcoming,True,4,13,59,8,afternoon,False,SJP,Shujalpur,59,470,161,75.9,42.03156666666666,0.0,0.0
12924,2026-09-02,BPL,Bhopal Jn,48,0.0,63.6,387,244,upcoming,upcoming,False,4,13,59,8,afternoon,False,SJP,Shujalpur,59,470,161,75.9,42.03156666666666,0.0,0.0
12924,2026-09-02,SHRN,Sant Hirdaram Nagar Jn,49,0.0,63.6,400,231,upcoming,upcoming,False,4,13,59,8,afternoon,False,SJP,Shujalpur,59,470,161,75.9,42.03156666666666,0.0,0.0
12924,2026-09-02,BQE,Bakanian Bhaunri,50,0.0,63.6,408,223,upcoming,upcoming,False,4,13,59,8,afternoon,False,SJP,Shujalpur,59,470,161,75.9,42.03156666666666,0.0,0.0
12924,2026-09-02,PUD,Phanda,51,0.0,63.6,416,215,upcoming,upcoming,False,4,13,59,8,afternoon,False,SJP,Shujalpur,59,470,161,75.9,42.03156666666666,0.0,0.0
12924,2026-09-02,PNWN,Pachwan,52,0.0,63.6,423,208,upcoming,upcoming,False,4,13,59,8,afternoon,False,SJP,Shujalpur,59,470,161,75.9,42.03156666666666,0.0,0.0
12924,2026-09-02,SEH,Sehore,53,0.0,63.6,428,203,upcoming,upcoming,False,4,13,59,8,afternoon,False,SJP,Shujalpur,59,470,161,75.9,42.03156666666666,0.0,0.0
12924,2026-09-02,BKTL,Baktal,54,0.0,63.6,437,194,upcoming,upcoming,False,4,13,59,8,afternoon,False,SJP,Shujalpur,59,470,161,75.9,42.03156666666666,0.0,0.0
12924,2026-09-02,PRB,Parbati,55,0.0,63.6,442,189,upcoming,upcoming,False,4,13,59,8,afternoon,False,SJP,Shujalpur,59,470,161,75.9,42.03156666666666,0.0,0.0
12924,2026-09-02,JBX,Jabri,56,0.0,63.6,450,181,upcoming,upcoming,False,4,13,59,8,afternoon,False,SJP,Shujalpur,59,470,161,75.9,42.03156666666666,0.0,0.0
12924,2026-09-02,KPP,Kalapipal,57,0.0,63.6,457,174,upcoming,upcoming,False,4,13,59,8,afternoon,False,SJP,Shujalpur,59,470,161,75.9,42.03156666666666,0.0,0.0
12924,2026-09-02,CKOD,Chakrod,58,0.0,63.6,463,168,upcoming,upcoming,False,4,13,59,8,afternoon,False,SJP,Shujalpur,59,470,161,75.9,42.03156666666666,0.0,0.0
12924,2026-09-02,SJP,Shujalpur,59,0.0,75.9,470,161,upcoming,upcoming,True,4,13,59,8,afternoon,False,MKC,Maksi Jn,67,532,99,72.0,42.03156666666666,0.0,0.0
12924,2026-09-02,MQE,Mohammadkhera,60,0.0,75.9,476,155,upcoming,upcoming,False,4,13,59,8,afternoon,False,MKC,Maksi Jn,67,532,99,72.0,42.03156666666666,0.0,0.0
12924,2026-09-02,AKD,Akodia,61,0.0,75.9,483,148,upcoming,upcoming,False,4,13,59,8,afternoon,False,MKC,Maksi Jn,67,532,99,72.0,42.03156666666666,0.0,0.0
12924,2026-09-02,BLX,Bolai,62,0.0,75.9,495,136,upcoming,upcoming,False,4,13,59,8,afternoon,False,MKC,Maksi Jn,67,532,99,72.0,42.03156666666666,0.0,0.0
12924,2026-09-02,KSH,Kali Sindh,63,0.0,75.9,501,130,upcoming,upcoming,False,4,13,59,8,afternoon,False,MKC,Maksi Jn,67,532,99,72.0,42.03156666666666,0.0,0.0
12924,2026-09-02,KONY,Kisoni,64,0.0,75.9,508,123,upcoming,upcoming,False,4,13,59,8,afternoon,False,MKC,Maksi Jn,67,532,99,72.0,42.03156666666666,0.0,0.0
12924,2026-09-02,BCH,Berchha,65,0.0,75.9,513,118,upcoming,upcoming,False,4,13,59,8,afternoon,False,MKC,Maksi Jn,67,532,99,72.0,42.03156666666666,0.0,0.0
12924,2026-09-02,PUO,Pir Umrod,66,0.0,75.9,525,106,upcoming,upcoming,False,4,13,59,8,afternoon,False,MKC,Maksi Jn,67,532,99,72.0,42.03156666666666,0.0,0.0
12924,2026-09-02,MKC,Maksi Jn,67,0.0,72.0,532,99,upcoming,upcoming,True,4,13,59,8,afternoon,False,DWX,Dewas,72,568,63,54.8,42.03156666666666,0.0,0.0
12924,2026-09-02,DON,Donta,68,0.0,72.0,539,92,upcoming,upcoming,False,4,13,59,8,afternoon,False,DWX,Dewas,72,568,63,54.8,42.03156666666666,0.0,0.0
12924,2026-09-02,RCJ,Ranayala Jasnia,69,0.0,72.0,547,84,upcoming,upcoming,False,4,13,59,8,afternoon,False,DWX,Dewas,72,568,63,54.8,42.03156666666666,0.0,0.0
12924,2026-09-02,SKBN,Silakeri,70,0.0,72.0,555,76,upcoming,upcoming,False,4,13,59,8,afternoon,False,DWX,Dewas,72,568,63,54.8,42.03156666666666,0.0,0.0
12924,2026-09-02,AJKI,Ajitkhedi,71,0.0,72.0,561,70,upcoming,upcoming,False,4,13,59,8,afternoon,False,DWX,Dewas,72,568,63,54.8,42.03156666666666,0.0,0.0
12924,2026-09-02,DWX,Dewas,72,0.0,54.8,568,63,upcoming,upcoming,True,4,13,59,8,afternoon,False,INDB,Indore Jn,77,610,21,36.0,42.03156666666666,0.0,0.0
12924,2026-09-02,BNJN,Binjana,73,0.0,54.8,574,57,upcoming,upcoming,False,4,13,59,8,afternoon,False,INDB,Indore Jn,77,610,21,36.0,42.03156666666666,0.0,0.0
12924,2026-09-02,BLAX,Barlai,74,0.0,54.8,585,46,upcoming,upcoming,False,4,13,59,8,afternoon,False,INDB,Indore Jn,77,610,21,36.0,42.03156666666666,0.0,0.0
12924,2026-09-02,MGG,Mangliya Gaon,75,0.0,54.8,595,36,upcoming,upcoming,False,4,13,59,8,afternoon,False,INDB,Indore Jn,77,610,21,36.0,42.03156666666666,0.0,0.0
12924,2026-09-02,LMNR,Lakshmibai Ngr,76,0.0,54.8,607,24,upcoming,upcoming,False,4,13,59,8,afternoon,False,INDB,Indore Jn,77,610,21,36.0,42.03156666666666,0.0,0.0
12924,2026-09-02,INDB,Indore Jn,77,0.0,36.0,610,21,upcoming,upcoming,True,4,13,59,8,afternoon,False,DADN,Dr. Ambedkar Nagar,83,631,0,,42.03156666666666,0.0,0.0
12924,2026-09-02,SFNR,Saifinagar Halt,78,0.0,36.0,612,19,upcoming,upcoming,False,4,13,59,8,afternoon,False,DADN,Dr. Ambedkar Nagar,83,631,0,,42.03156666666666,0.0,0.0
12924,2026-09-02,LKMN,Lokmanya Nagar,79,0.0,36.0,614,17,upcoming,upcoming,False,4,13,59,8,afternoon,False,DADN,Dr. Ambedkar Nagar,83,631,0,,42.03156666666666,0.0,0.0
12924,2026-09-02,RJQ,Rajendranagar,80,0.0,36.0,617,14,upcoming,upcoming,False,4,13,59,8,afternoon,False,DADN,Dr. Ambedkar Nagar,83,631,0,,42.03156666666666,0.0,0.0
12924,2026-09-02,RAU,Rau,81,0.0,36.0,621,10,upcoming,upcoming,False,4,13,59,8,afternoon,False,DADN,Dr. Ambedkar Nagar,83,631,0,,42.03156666666666,0.0,0.0
12924,2026-09-02,HKH,Haranya Kheri,82,0.0,36.0,627,4,upcoming,upcoming,False,4,13,59,8,afternoon,False,DADN,Dr. Ambedkar Nagar,83,631,0,,42.03156666666666,0.0,0.0
12925,2026-08-26,BDTS,Bandra Terminus,1,0.0,49.6,0,1859,departed,departed,True,4,13,55,8,afternoon,False,STC,Santa Cruz,2,2,1857,49.6,4.051266666666667,0.0,0.0
12925,2026-08-26,STC,Santa Cruz,2,0.0,49.6,2,1857,departed,departed,False,4,13,55,8,afternoon,False,VLP,Ville Parle,3,4,1855,49.6,4.051266666666667,0.0,0.0
12925,2026-08-26,VLP,Ville Parle,3,0.0,49.6,4,1855,departed,departed,False,4,13,55,8,afternoon,False,ADH,Andheri,4,7,1852,49.6,4.051266666666667,0.0,0.0
12925,2026-08-26,ADH,Andheri,4,0.0,49.6,7,1852,departed,departed,False,4,13,55,8,afternoon,False,JOS,Jogeshvari,5,8,1851,49.6,4.051266666666667,0.0,0.0
12925,2026-08-26,JOS,Jogeshvari,5,0.0,49.6,8,1851,departed,departed,False,4,13,55,8,afternoon,False,RMAR,Ram Mandir,6,10,1849,49.6,4.051266666666667,0.0,0.0
12925,2026-08-26,RMAR,Ram Mandir,6,0.0,49.6,10,1849,departed,departed,False,4,13,55,8,afternoon,False,GMN,Goregaon,7,12,1847,49.6,4.051266666666667,0.0,0.0
12925,2026-08-26,GMN,Goregaon,7,0.0,49.6,12,1847,departed,departed,False,4,13,55,8,afternoon,False,MDD,Malad,8,14,1845,49.6,4.051266666666667,0.0,0.0
12925,2026-08-26,MDD,Malad,8,0.0,49.6,14,1845,departed,departed,False,4,13,55,8,afternoon,False,KILE,Kandivli,9,16,1843,49.6,4.051266666666667,0.0,0.0
12925,2026-08-26,KILE,Kandivli,9,0.0,49.6,16,1843,departed,departed,False,4,13,55,8,afternoon,False,BVI,Borivali,10,19,1840,73.2,4.051266666666667,7.0,7.0
12925,2026-08-26,BVI,Borivali,10,7.0,73.2,19,1840,departed,departed,True,4,13,55,8,afternoon,False,DIC,Dahisar,11,21,1838,73.2,4.051266666666667,0.0,-7.0
12925,2026-08-26,DIC,Dahisar,11,0.0,73.2,21,1838,departed,departed,False,4,13,55,8,afternoon,False,MIRA,Mira Road,12,24,1835,73.2,4.051266666666667,0.0,0.0
12925,2026-08-26,MIRA,Mira Road,12,0.0,73.2,24,1835,departed,departed,False,4,13,55,8,afternoon,False,BYR,Bhayandar,13,28,1831,73.2,4.051266666666667,0.0,0.0
12925,2026-08-26,BYR,Bhayandar,13,0.0,73.2,28,1831,departed,departed,False,4,13,55,8,afternoon,False,NIG,Naigaon,14,33,1826,73.2,4.051266666666667,0.0,0.0
12925,2026-08-26,NIG,Naigaon,14,0.0,73.2,33,1826,departed,departed,False,4,13,55,8,afternoon,False,BSR,Vasai Road,15,36,1823,73.2,4.051266666666667,0.0,0.0
12925,2026-08-26,BSR,Vasai Road,15,0.0,73.2,36,1823,departed,departed,False,4,13,55,8,afternoon,False,NSP,Nalla Sopara,16,41,1818,73.2,4.051266666666667,0.0,0.0
12925,2026-08-26,NSP,Nalla Sopara,16,0.0,73.2,41,1818,departed,departed,False,4,13,55,8,afternoon,False,VR,Virar,17,45,1814,73.2,4.051266666666667,0.0,0.0
12925,2026-08-26,VR,Virar,17,0.0,73.2,45,1814,departed,departed,False,4,13,55,8,afternoon,False,VTN,Vaitarna,18,53,1806,73.2,4.051266666666667,0.0,0.0
12925,2026-08-26,VTN,Vaitarna,18,0.0,73.2,53,1806,departed,departed,False,4,13,55,8,afternoon,False,SAH,Saphale,19,61,1798,73.2,4.051266666666667,0.0,0.0
12925,2026-08-26,SAH,Saphale,19,0.0,73.2,61,1798,departed,departed,False,4,13,55,8,afternoon,False,KLV,Kelva Road,20,67,1792,73.2,4.051266666666667,0.0,0.0
12925,2026-08-26,KLV,Kelva Road,20,0.0,73.2,67,1792,departed,departed,False,4,13,55,8,afternoon,False,PLG,Palghar,21,76,1783,73.2,4.051266666666667,0.0,0.0
12925,2026-08-26,PLG,Palghar,21,0.0,73.2,76,1783,departed,departed,False,4,13,55,8,afternoon,False,UOI,Umroli,22,82,1777,73.2,4.051266666666667,0.0,0.0
12925,2026-08-26,UOI,Umroli,22,0.0,73.2,82,1777,departed,departed,False,4,13,55,8,afternoon,False,BOR,Boisar,23,88,1771,73.2,4.051266666666667,0.0,0.0
12925,2026-08-26,BOR,Boisar,23,0.0,73.2,88,1771,departed,departed,False,4,13,55,8,afternoon,False,VGN,Vangaon,24,96,1763,73.2,4.051266666666667,0.0,0.0
12925,2026-08-26,VGN,Vangaon,24,0.0,73.2,96,1763,departed,departed,False,4,13,55,8,afternoon,False,DRD,Dahanu Road,25,108,1751,117.6,4.051266666666667,24.0,24.0
12925,2026-08-26,DRD,Dahanu Road,25,24.0,117.6,108,1751,departed,departed,True,4,13,55,8,afternoon,False,GVD,Gholvad,26,120,1739,117.6,4.051266666666667,0.0,-24.0
12925,2026-08-26,GVD,Gholvad,26,0.0,117.6,120,1739,departed,departed,False,4,13,55,8,afternoon,False,BRRD,Bordi Road,27,124,1735,117.6,4.051266666666667,0.0,0.0
12925,2026-08-26,BRRD,Bordi Road,27,0.0,117.6,124,1735,departed,departed,False,4,13,55,8,afternoon,False,UBR,Umbargam Road,28,129,1730,117.6,4.051266666666667,0.0,0.0
12925,2026-08-26,UBR,Umbargam Road,28,0.0,117.6,129,1730,departed,departed,False,4,13,55,8,afternoon,False,SJN,Sanjan,29,134,1725,117.6,4.051266666666667,0.0,0.0
12925,2026-08-26,SJN,Sanjan,29,0.0,117.6,134,1725,departed,departed,False,4,13,55,8,afternoon,False,BLD,Bhilad,30,146,1713,117.6,4.051266666666667,0.0,0.0
12925,2026-08-26,BLD,Bhilad,30,0.0,117.6,146,1713,departed,departed,False,4,13,55,8,afternoon,False,KEB,Karambeli,31,151,1708,117.6,4.051266666666667,0.0,0.0
12925,2026-08-26,KEB,Karambeli,31,0.0,117.6,151,1708,departed,departed,False,4,13,55,8,afternoon,False,VAPI,Vapi,32,157,1702,70.9,4.051266666666667,37.0,37.0
12925,2026-08-26,VAPI,Vapi,32,37.0,70.9,157,1702,departed,departed,True,4,13,55,8,afternoon,False,BAGD,Bagwada,33,164,1695,70.9,4.051266666666667,0.0,-37.0
12925,2026-08-26,BAGD,Bagwada,33,0.0,70.9,164,1695,departed,departed,False,4,13,55,8,afternoon,False,UVD,Udvada,34,167,1692,70.9,4.051266666666667,0.0,0.0
12925,2026-08-26,UVD,Udvada,34,0.0,70.9,167,1692,departed,departed,False,4,13,55,8,afternoon,False,PAD,Pardi,35,173,1686,70.9,4.051266666666667,0.0,0.0
12925,2026-08-26,PAD,Pardi,35,0.0,70.9,173,1686,departed,departed,False,4,13,55,8,afternoon,False,ATUL,Atul,36,176,1683,70.9,4.051266666666667,0.0,0.0
12925,2026-08-26,ATUL,Atul,36,0.0,70.9,176,1683,departed,departed,False,4,13,55,8,afternoon,False,BL,Valsad,37,183,1676,61.6,4.051266666666667,42.0,42.0
12925,2026-08-26,BL,Valsad,37,42.0,61.6,183,1676,departed,departed,True,4,13,55,8,afternoon,False,DGI,Dungri,38,192,1667,61.6,4.051266666666667,0.0,-42.0
12925,2026-08-26,DGI,Dungri,38,0.0,61.6,192,1667,departed,departed,False,4,13,55,8,afternoon,False,JRS,Joravasan,39,197,1662,61.6,4.051266666666667,0.0,0.0
12925,2026-08-26,JRS,Joravasan,39,0.0,61.6,197,1662,departed,departed,False,4,13,55,8,afternoon,False,BIM,Bilimora Jn,40,201,1658,61.6,4.051266666666667,0.0,0.0
12925,2026-08-26,BIM,Bilimora Jn,40,0.0,61.6,201,1658,departed,departed,False,4,13,55,8,afternoon,False,AML,Amalsad,41,207,1652,61.6,4.051266666666667,0.0,0.0
12925,2026-08-26,AML,Amalsad,41,0.0,61.6,207,1652,departed,departed,False,4,13,55,8,afternoon,False,ACL,Ancheli,42,210,1649,61.6,4.051266666666667,0.0,0.0
12925,2026-08-26,ACL,Ancheli,42,0.0,61.6,210,1649,departed,departed,False,4,13,55,8,afternoon,False,VDH,Vedchha,43,214,1645,61.6,4.051266666666667,0.0,0.0
12925,2026-08-26,VDH,Vedchha,43,0.0,61.6,214,1645,departed,departed,False,4,13,55,8,afternoon,False,HXR,Hansapore,44,217,1642,61.6,4.051266666666667,0.0,0.0
12925,2026-08-26,HXR,Hansapore,44,0.0,61.6,217,1642,departed,departed,False,4,13,55,8,afternoon,False,GNST,Gandhi Smriti,45,219,1640,61.6,4.051266666666667,0.0,0.0
12925,2026-08-26,GNST,Gandhi Smriti,45,0.0,61.6,219,1640,departed,departed,False,4,13,55,8,afternoon,False,NVS,Navsari,46,222,1637,29.0,4.051266666666667,27.0,27.0
12925,2026-08-26,NVS,Navsari,46,27.0,29.0,222,1637,departed,departed,True,4,13,55,8,afternoon,False,MRL,Maroli,47,230,1629,29.0,4.051266666666667,0.0,-27.0
12925,2026-08-26,MRL,Maroli,47,0.0,29.0,230,1629,departed,departed,False,4,13,55,8,afternoon,False,SCH,Sachin,48,237,1622,29.0,4.051266666666667,0.0,0.0
12925,2026-08-26,SCH,Sachin,48,0.0,29.0,237,1622,departed,departed,False,4,13,55,8,afternoon,False,BHET,Bhestan,49,242,1617,29.0,4.051266666666667,0.0,0.0
12925,2026-08-26,BHET,Bhestan,49,0.0,29.0,242,1617,departed,departed,False,4,13,55,8,afternoon,False,UDN,Udhna Jn,50,248,1611,29.0,4.051266666666667,0.0,0.0
12925,2026-08-26,UDN,Udhna Jn,50,0.0,29.0,248,1611,departed,departed,False,4,13,55,8,afternoon,False,URN,Utran,52,255,1604,77.0,4.051266666666667,0.0,0.0
12925,2026-08-26,URN,Utran,52,0.0,77.0,255,1604,departed,departed,False,4,13,55,8,afternoon,False,KSE,Kosad,53,259,1600,77.0,4.051266666666667,0.0,0.0
12925,2026-08-26,KSE,Kosad,53,0.0,77.0,259,1600,departed,departed,False,4,13,55,8,afternoon,False,GTX,Gothangam,54,262,1597,77.0,4.051266666666667,0.0,0.0
12925,2026-08-26,GTX,Gothangam,54,0.0,77.0,262,1597,departed,departed,False,4,13,55,8,afternoon,False,SYN,Sayan,55,265,1594,77.0,4.051266666666667,0.0,0.0
12925,2026-08-26,SYN,Sayan,55,0.0,77.0,265,1594,departed,departed,False,4,13,55,8,afternoon,False,KDSD,Kudsad,56,272,1587,77.0,4.051266666666667,0.0,0.0
12925,2026-08-26,KDSD,Kudsad,56,0.0,77.0,272,1587,departed,departed,False,4,13,55,8,afternoon,False,KIM,Kim,57,275,1584,77.0,4.051266666666667,0.0,0.0
12925,2026-08-26,KIM,Kim,57,0.0,77.0,275,1584,departed,departed,False,4,13,55,8,afternoon,False,KSB,Kosamba Jn,58,283,1576,77.0,4.051266666666667,0.0,0.0
12925,2026-08-26,KSB,Kosamba Jn,58,0.0,77.0,283,1576,departed,departed,False,4,13,55,8,afternoon,False,HAT,Hathuran,59,287,1572,77.0,4.051266666666667,0.0,0.0
12925,2026-08-26,HAT,Hathuran,59,0.0,77.0,287,1572,departed,departed,False,4,13,55,8,afternoon,False,PAO,Panoli,60,291,1568,77.0,4.051266666666667,0.0,0.0
12925,2026-08-26,PAO,Panoli,60,0.0,77.0,291,1568,departed,departed,False,4,13,55,8,afternoon,False,SNJL,Sanjali,61,296,1563,77.0,4.051266666666667,0.0,0.0
12925,2026-08-26,SNJL,Sanjali,61,0.0,77.0,296,1563,departed,departed,False,4,13,55,8,afternoon,False,AKV,Ankleshwar Jn,62,301,1558,77.0,4.051266666666667,0.0,0.0
12925,2026-08-26,AKV,Ankleshwar Jn,62,0.0,77.0,301,1558,departed,departed,False,4,13,55,8,afternoon,False,BH,Bharuch Jn,63,311,1548,70.0,4.051266666666667,12.0,12.0
12925,2026-08-26,BH,Bharuch Jn,63,12.0,70.0,311,1548,departed,departed,True,4,13,55,8,afternoon,False,CVJ,Chavaj,64,316,1543,70.0,4.051266666666667,0.0,-12.0
12925,2026-08-26,CVJ,Chavaj,64,0.0,70.0,316,1543,departed,departed,False,4,13,55,8,afternoon,False,NIU,Nabipur,65,323,1536,70.0,4.051266666666667,0.0,0.0
12925,2026-08-26,NIU,Nabipur,65,0.0,70.0,323,1536,departed,departed,False,4,13,55,8,afternoon,False,VRE,Varediya,66,330,1529,70.0,4.051266666666667,0.0,0.0
12925,2026-08-26,VRE,Varediya,66,0.0,70.0,330,1529,departed,departed,False,4,13,55,8,afternoon,False,PLJ,Palej,67,336,1523,70.0,4.051266666666667,0.0,0.0
12925,2026-08-26,PLJ,Palej,67,0.0,70.0,336,1523,departed,departed,False,4,13,55,8,afternoon,False,LKD,Lakodara,68,343,1516,70.0,4.051266666666667,0.0,0.0
12925,2026-08-26,LKD,Lakodara,68,0.0,70.0,343,1516,departed,departed,False,4,13,55,8,afternoon,False,MYG,Miyagam Karjan,69,351,1508,70.0,4.051266666666667,0.0,0.0
12925,2026-08-26,MYG,Miyagam Karjan,69,0.0,70.0,351,1508,departed,departed,False,4,13,55,8,afternoon,False,KSPR,Kashipura Sarar,70,359,1500,70.0,4.051266666666667,0.0,0.0
12925,2026-08-26,KSPR,Kashipura Sarar,70,0.0,70.0,359,1500,departed,departed,False,4,13,55,8,afternoon,False,ITA,Itola,71,363,1496,70.0,4.051266666666667,0.0,0.0
12925,2026-08-26,ITA,Itola,71,0.0,70.0,363,1496,departed,departed,False,4,13,55,8,afternoon,False,VRM,Varnama,72,367,1492,70.0,4.051266666666667,0.0,0.0
12925,2026-08-26,VRM,Varnama,72,0.0,70.0,367,1492,departed,departed,False,4,13,55,8,afternoon,False,MPR,Makar Pura,73,372,1487,70.0,4.051266666666667,0.0,0.0
12925,2026-08-26,MPR,Makar Pura,73,0.0,70.0,372,1487,departed,departed,False,4,13,55,8,afternoon,False,VS,Vishvamitri Jn,74,378,1481,70.0,4.051266666666667,0.0,0.0
12925,2026-08-26,VS,Vishvamitri Jn,74,0.0,70.0,378,1481,departed,departed,False,4,13,55,8,afternoon,False,BRC,Vadodara Jn,75,381,1478,59.2,4.051266666666667,16.0,16.0
12925,2026-08-26,BRC,Vadodara Jn,75,16.0,59.2,381,1478,departed,departed,True,4,13,55,8,afternoon,False,BRCY,Vadodara Marshalling,76,384,1475,59.2,4.051266666666667,0.0,-16.0
12925,2026-08-26,BRCY,Vadodara Marshalling,76,0.0,59.2,384,1475,departed,departed,False,4,13,55,8,afternoon,False,CYI,Chhayapuri,77,387,1472,59.2,4.051266666666667,0.0,0.0
12925,2026-08-26,CYI,Chhayapuri,77,0.0,59.2,387,1472,departed,departed,False,4,13,55,8,afternoon,False,PIO,Pilol,78,394,1465,59.2,4.051266666666667,0.0,0.0
12925,2026-08-26,PIO,Pilol,78,0.0,59.2,394,1465,departed,departed,False,4,13,55,8,afternoon,False,AIR,Alindra Road,79,400,1459,59.2,4.051266666666667,0.0,0.0
12925,2026-08-26,AIR,Alindra Road,79,0.0,59.2,400,1459,departed,departed,False,4,13,55,8,afternoon,False,SMLA,Samlaya Jn,80,406,1453,59.2,4.051266666666667,0.0,0.0
12925,2026-08-26,SMLA,Samlaya Jn,80,0.0,59.2,406,1453,departed,departed,False,4,13,55,8,afternoon,False,LAN,Lotana,81,412,1447,59.2,4.051266666666667,0.0,0.0
12925,2026-08-26,LAN,Lotana,81,0.0,59.2,412,1447,departed,departed,False,4,13,55,8,afternoon,False,CPN,Champaner Road Jn,82,417,1442,59.2,4.051266666666667,0.0,0.0
12925,2026-08-26,CPN,Champaner Road Jn,82,0.0,59.2,417,1442,departed,departed,False,4,13,55,8,afternoon,False,BKRL,Bakrol,83,423,1436,59.2,4.051266666666667,0.0,0.0
12925,2026-08-26,BKRL,Bakrol,83,0.0,59.2,423,1436,departed,departed,False,4,13,55,8,afternoon,False,DRL,Derol,84,430,1429,59.2,4.051266666666667,0.0,0.0
12925,2026-08-26,DRL,Derol,84,0.0,59.2,430,1429,departed,departed,False,4,13,55,8,afternoon,False,KRSA,Kharsaliya,85,443,1416,59.2,4.051266666666667,0.0,0.0
12925,2026-08-26,KRSA,Kharsaliya,85,0.0,59.2,443,1416,departed,departed,False,4,13,55,8,afternoon,False,KIZ,Kansudhi,87,458,1401,86.4,4.051266666666667,0.0,0.0
12925,2026-08-26,KIZ,Kansudhi,87,0.0,86.4,458,1401,departed,departed,False,4,13,55,8,afternoon,False,CCL,Chanchelav,88,465,1394,86.4,4.051266666666667,0.0,0.0
12925,2026-08-26,CCL,Chanchelav,88,0.0,86.4,465,1394,departed,departed,False,4,13,55,8,afternoon,False,SAT,Sant Road,89,474,1385,86.4,4.051266666666667,0.0,0.0
12925,2026-08-26,SAT,Sant Road,89,0.0,86.4,474,1385,departed,departed,False,4,13,55,8,afternoon,False,PPD,Piplod Jn,90,486,1373,86.4,4.051266666666667,0.0,0.0
12925,2026-08-26,PPD,Piplod Jn,90,0.0,86.4,486,1373,departed,departed,False,4,13,55,8,afternoon,False,LMK,Limkheda,91,494,1365,86.4,4.051266666666667,0.0,0.0
12925,2026-08-26,LMK,Limkheda,91,0.0,86.4,494,1365,departed,departed,False,4,13,55,8,afternoon,False,MAM,Mangal Mahudi,92,502,1357,86.4,4.051266666666667,0.0,0.0
12925,2026-08-26,MAM,Mangal Mahudi,92,0.0,86.4,502,1357,departed,departed,False,4,13,55,8,afternoon,False,USRA,Usra,93,507,1352,86.4,4.051266666666667,0.0,0.0
12925,2026-08-26,USRA,Usra,93,0.0,86.4,507,1352,departed,departed,False,4,13,55,8,afternoon,False,JKT,Jekot,94,515,1344,86.4,4.051266666666667,0.0,0.0
12925,2026-08-26,JKT,Jekot,94,0.0,86.4,515,1344,departed,departed,False,4,13,55,8,afternoon,False,RET,Rentia,95,520,1339,86.4,4.051266666666667,0.0,0.0
12925,2026-08-26,RET,Rentia,95,0.0,86.4,520,1339,departed,departed,False,4,13,55,8,afternoon,False,BIO,Bordi,97,536,1323,79.2,4.051266666666667,0.0,0.0
12925,2026-08-26,BIO,Bordi,97,0.0,79.2,536,1323,departed,departed,False,4,13,55,8,afternoon,False,ANAS,Anas,98,544,1315,79.2,4.051266666666667,0.0,0.0
12925,2026-08-26,ANAS,Anas,98,0.0,79.2,544,1315,departed,departed,False,4,13,55,8,afternoon,False,MGN,Meghnagar,99,558,1301,63.2,4.051266666666667,1.0,1.0
12925,2026-08-26,MGN,Meghnagar,99,1.0,63.2,558,1301,departed,departed,True,4,13,55,8,afternoon,False,THDR,Thandla Road,100,566,1293,63.2,4.051266666666667,0.0,-1.0
12925,2026-08-26,THDR,Thandla Road,100,0.0,63.2,566,1293,departed,departed,False,4,13,55,8,afternoon,False,BJG,Bajrangarh,101,573,1286,63.2,4.051266666666667,0.0,0.0
12925,2026-08-26,BJG,Bajrangarh,101,0.0,63.2,573,1286,departed,departed,False,4,13,55,8,afternoon,False,PCN,Panch Piplia,102,580,1279,63.2,4.051266666666667,0.0,0.0
12925,2026-08-26,PCN,Panch Piplia,102,0.0,63.2,580,1279,departed,departed,False,4,13,55,8,afternoon,False,AGR,Amargarh,103,589,1270,63.2,4.051266666666667,0.0,0.0
12925,2026-08-26,AGR,Amargarh,103,0.0,63.2,589,1270,departed,departed,False,4,13,55,8,afternoon,False,BMI,Bamnia,104,593,1266,63.2,4.051266666666667,0.0,0.0
12925,2026-08-26,BMI,Bamnia,104,0.0,63.2,593,1266,departed,departed,False,4,13,55,8,afternoon,False,BOG,Bhairongarh,105,600,1259,63.2,4.051266666666667,0.0,0.0
12925,2026-08-26,BOG,Bhairongarh,105,0.0,63.2,600,1259,departed,departed,False,4,13,55,8,afternoon,False,RTI,Raoti,106,612,1247,63.2,4.051266666666667,0.0,0.0
12925,2026-08-26,RTI,Raoti,106,0.0,63.2,612,1247,departed,departed,False,4,13,55,8,afternoon,False,BILD,Bildi,107,618,1241,63.2,4.051266666666667,0.0,0.0
12925,2026-08-26,BILD,Bildi,107,0.0,63.2,618,1241,departed,departed,False,4,13,55,8,afternoon,False,MRN,Morwani,108,628,1231,63.2,4.051266666666667,0.0,0.0
12925,2026-08-26,MRN,Morwani,108,0.0,63.2,628,1231,departed,departed,False,4,13,55,8,afternoon,False,RTD,Ratlam A Cabin,109,637,1222,63.2,4.051266666666667,0.0,0.0
12925,2026-08-26,RTD,Ratlam A Cabin,109,0.0,63.2,637,1222,departed,departed,False,4,13,55,8,afternoon,False,RTME,Ratlam East Cabin,111,642,1217,57.9,4.051266666666667,0.0,0.0
12925,2026-08-26,RTME,Ratlam East Cabin,111,0.0,57.9,642,1217,departed,departed,False,4,13,55,8,afternoon,False,BOD,Bangrod,112,648,1211,57.9,4.051266666666667,0.0,0.0
12925,2026-08-26,BOD,Bangrod,112,0.0,57.9,648,1211,departed,departed,False,4,13,55,8,afternoon,False,RNH,Runkhera,113,656,1203,57.9,4.051266666666667,0.0,0.0
12925,2026-08-26,RNH,Runkhera,113,0.0,57.9,656,1203,departed,departed,False,4,13,55,8,afternoon,False,BRNA,Berawanya,115,672,1187,21.5,4.051266666666667,0.0,0.0
12925,2026-08-26,BRNA,Berawanya,115,0.0,21.5,672,1187,departed,departed,False,4,13,55,8,afternoon,False,RLK,Rohal Khurd,117,690,1169,103.0,4.051266666666667,0.0,0.0
12925,2026-08-26,RLK,Rohal Khurd,117,0.0,103.0,690,1169,departed,departed,False,4,13,55,8,afternoon,False,MEP,Mahidpur Road,118,697,1162,103.0,4.051266666666667,0.0,0.0
12925,2026-08-26,MEP,Mahidpur Road,118,0.0,103.0,697,1162,departed,departed,False,4,13,55,8,afternoon,False,LNR,Luni Richha,119,707,1152,103.0,4.051266666666667,0.0,0.0
12925,2026-08-26,LNR,Luni Richha,119,0.0,103.0,707,1152,departed,departed,False,4,13,55,8,afternoon,False,VMA,Vikramgarh Alot,120,720,1139,103.0,4.051266666666667,0.0,0.0
12925,2026-08-26,VMA,Vikramgarh Alot,120,0.0,103.0,720,1139,departed,departed,False,4,13,55,8,afternoon,False,THUR,Thuria,121,728,1131,103.0,4.051266666666667,0.0,0.0
12925,2026-08-26,THUR,Thuria,121,0.0,103.0,728,1131,departed,departed,False,4,13,55,8,afternoon,False,TLZ,Talavli,122,737,1122,103.0,4.051266666666667,0.0,0.0
12925,2026-08-26,TLZ,Talavli,122,0.0,103.0,737,1122,departed,departed,False,4,13,55,8,afternoon,False,CMU,Chau Mahla,123,742,1117,103.0,4.051266666666667,0.0,0.0
12925,2026-08-26,CMU,Chau Mahla,123,0.0,103.0,742,1117,departed,departed,False,4,13,55,8,afternoon,False,NKH,Nathukheri,124,752,1107,103.0,4.051266666666667,0.0,0.0
12925,2026-08-26,NKH,Nathukheri,124,0.0,103.0,752,1107,departed,departed,False,4,13,55,8,afternoon,False,SVA,Suwasra,125,758,1101,103.0,4.051266666666667,0.0,0.0
12925,2026-08-26,SVA,Suwasra,125,0.0,103.0,758,1101,departed,departed,False,4,13,55,8,afternoon,False,SGZ,Shamgarh,126,771,1088,96.3,4.051266666666667,13.0,13.0
12925,2026-08-26,SGZ,Shamgarh,126,13.0,96.3,771,1088,departed,departed,True,4,13,55,8,afternoon,False,GOH,Garot,127,782,1077,96.3,4.051266666666667,0.0,-13.0
12925,2026-08-26,GOH,Garot,127,0.0,96.3,782,1077,departed,departed,False,4,13,55,8,afternoon,False,KRLS,Kurlasi,128,792,1067,96.3,4.051266666666667,0.0,0.0
12925,2026-08-26,KRLS,Kurlasi,128,0.0,96.3,792,1067,departed,departed,False,4,13,55,8,afternoon,False,BWM,Bhawani Mandi,129,804,1055,96.3,4.051266666666667,0.0,0.0
12925,2026-08-26,BWM,Bhawani Mandi,129,0.0,96.3,804,1055,departed,departed,False,4,13,55,8,afternoon,False,DKRA,Dhuankheri,130,815,1044,96.3,4.051266666666667,0.0,0.0
12925,2026-08-26,DKRA,Dhuankheri,130,0.0,96.3,815,1044,departed,departed,False,4,13,55,8,afternoon,False,JHW,Jhalawar Road,131,821,1038,96.3,4.051266666666667,0.0,0.0
12925,2026-08-26,JHW,Jhalawar Road,131,0.0,96.3,821,1038,departed,departed,False,4,13,55,8,afternoon,False,RMA,Ramganj Mandi Jn,132,832,1027,67.4,4.051266666666667,12.0,12.0
12925,2026-08-26,RMA,Ramganj Mandi Jn,132,12.0,67.4,832,1027,departed,departed,True,4,13,55,8,afternoon,False,MKX,Morak,133,843,1016,67.4,4.051266666666667,0.0,-12.0
12925,2026-08-26,MKX,Morak,133,0.0,67.4,843,1016,departed,departed,False,4,13,55,8,afternoon,False,KIW,Kanwalpura,134,848,1011,67.4,4.051266666666667,0.0,0.0
12925,2026-08-26,KIW,Kanwalpura,134,0.0,67.4,848,1011,departed,departed,False,4,13,55,8,afternoon,False,DARA,Dara,135,857,1002,67.4,4.051266666666667,0.0,0.0
12925,2026-08-26,DARA,Dara,135,0.0,67.4,857,1002,departed,departed,False,4,13,55,8,afternoon,False,RDT,Ravtha Road,136,870,989,67.4,4.051266666666667,0.0,0.0
12925,2026-08-26,RDT,Ravtha Road,136,0.0,67.4,870,989,departed,departed,False,4,13,55,8,afternoon,False,ALNI,Alniya,137,882,977,67.4,4.051266666666667,0.0,0.0
12925,2026-08-26,ALNI,Alniya,137,0.0,67.4,882,977,departed,departed,False,4,13,55,8,afternoon,False,DDV,Dadhdevi,138,889,970,67.4,4.051266666666667,0.0,0.0
12925,2026-08-26,DDV,Dadhdevi,138,0.0,67.4,889,970,departed,departed,False,4,13,55,8,afternoon,False,NKOT,New Kota,139,896,963,67.4,4.051266666666667,0.0,0.0
12925,2026-08-26,NKOT,New Kota,139,0.0,67.4,896,963,departed,departed,False,4,13,55,8,afternoon,False,KCCN,Kota C Cabin,141,907,952,88.8,4.051266666666667,0.0,0.0
12925,2026-08-26,KCCN,Kota C Cabin,141,0.0,88.8,907,952,departed,departed,False,4,13,55,8,afternoon,False,GQL,Gurla Jn,142,910,949,88.8,4.051266666666667,0.0,0.0
12925,2026-08-26,GQL,Gurla Jn,142,0.0,88.8,910,949,departed,departed,False,4,13,55,8,afternoon,False,GNCN,Gurla N Cabin,143,913,946,88.8,4.051266666666667,0.0,0.0
12925,2026-08-26,GNCN,Gurla N Cabin,143,0.0,88.8,913,946,departed,departed,False,4,13,55,8,afternoon,False,KPTN,Keshorai Patan,144,918,941,88.8,4.051266666666667,0.0,0.0
12925,2026-08-26,KPTN,Keshorai Patan,144,0.0,88.8,918,941,departed,departed,False,4,13,55,8,afternoon,False,ARE,Arnetha,145,929,930,88.8,4.051266666666667,0.0,0.0
12925,2026-08-26,ARE,Arnetha,145,0.0,88.8,929,930,departed,departed,False,4,13,55,8,afternoon,False,KPZ,Kapren,146,938,921,88.8,4.051266666666667,0.0,0.0
12925,2026-08-26,KPZ,Kapren,146,0.0,88.8,938,921,departed,departed,False,4,13,55,8,afternoon,False,GKB,Ghataka Varana,147,949,910,88.8,4.051266666666667,0.0,0.0
12925,2026-08-26,GKB,Ghataka Varana,147,0.0,88.8,949,910,departed,departed,False,4,13,55,8,afternoon,False,LBN,Laban,148,958,901,88.8,4.051266666666667,0.0,0.0
12925,2026-08-26,LBN,Laban,148,0.0,88.8,958,901,departed,departed,False,4,13,55,8,afternoon,False,LKE,Lakheri,149,965,894,88.8,4.051266666666667,0.0,0.0
12925,2026-08-26,LKE,Lakheri,149,0.0,88.8,965,894,departed,departed,False,4,13,55,8,afternoon,False,IDG,Indargarh,150,976,883,88.8,4.051266666666667,0.0,0.0
12925,2026-08-26,IDG,Indargarh,150,0.0,88.8,976,883,departed,departed,False,4,13,55,8,afternoon,False,AMLI,Amli,151,989,870,88.8,4.051266666666667,0.0,0.0
12925,2026-08-26,AMLI,Amli,151,0.0,88.8,989,870,departed,departed,False,4,13,55,8,afternoon,False,RWJ,Rawania Dungar,152,997,862,88.8,4.051266666666667,0.0,0.0
12925,2026-08-26,RWJ,Rawania Dungar,152,0.0,88.8,997,862,departed,departed,False,4,13,55,8,afternoon,False,KTA,Kushtala,153,1005,854,88.8,4.051266666666667,0.0,0.0
12925,2026-08-26,KTA,Kushtala,153,0.0,88.8,1005,854,departed,departed,False,4,13,55,8,afternoon,False,SMDC,Sawai Madhopur D Cabin,155,1016,843,58.2,4.051266666666667,0.0,0.0
12925,2026-08-26,SMDC,Sawai Madhopur D Cabin,155,0.0,58.2,1016,843,departed,departed,False,4,13,55,8,afternoon,False,RNT,Ranthambhore,156,1023,836,58.2,4.051266666666667,0.0,0.0
12925,2026-08-26,RNT,Ranthambhore,156,0.0,58.2,1023,836,departed,departed,False,4,13,55,8,afternoon,False,MXL,Mokholi,157,1032,827,58.2,4.051266666666667,0.0,0.0
12925,2026-08-26,MXL,Mokholi,157,0.0,58.2,1032,827,departed,departed,False,4,13,55,8,afternoon,False,MLZ,Malarna,158,1043,816,58.2,4.051266666666667,0.0,0.0
12925,2026-08-26,MLZ,Malarna,158,0.0,58.2,1043,816,departed,departed,False,4,13,55,8,afternoon,False,NMD,Nomoda,159,1050,809,58.2,4.051266666666667,0.0,0.0
12925,2026-08-26,NMD,Nomoda,159,0.0,58.2,1050,809,departed,departed,False,4,13,55,8,afternoon,False,NNW,Narayanpur Tatwara,160,1059,800,58.2,4.051266666666667,0.0,0.0
12925,2026-08-26,NNW,Narayanpur Tatwara,160,0.0,58.2,1059,800,departed,departed,False,4,13,55,8,afternoon,False,LRU,Lalpur Umri,161,1070,789,58.2,4.051266666666667,0.0,0.0
12925,2026-08-26,LRU,Lalpur Umri,161,0.0,58.2,1070,789,departed,departed,False,4,13,55,8,afternoon,False,GGC,Gangapur City Jn,162,1076,783,80.0,4.051266666666667,22.0,22.0
12925,2026-08-26,GGC,Gangapur City Jn,162,22.0,80.0,1076,783,departed,departed,True,4,13,55,8,afternoon,False,COO,Chhoti Odai,163,1089,770,80.0,4.051266666666667,0.0,-22.0
12925,2026-08-26,COO,Chhoti Odai,163,0.0,80.0,1089,770,departed,departed,False,4,13,55,8,afternoon,False,PDZ,Piloda,164,1097,762,80.0,4.051266666666667,0.0,0.0
12925,2026-08-26,PDZ,Piloda,164,0.0,80.0,1097,762,departed,departed,False,4,13,55,8,afternoon,False,KNDP,Khandip,165,1103,756,80.0,4.051266666666667,0.0,0.0
12925,2026-08-26,KNDP,Khandip,165,0.0,80.0,1103,756,departed,departed,False,4,13,55,8,afternoon,False,SMVJ,Shri Mahaveerji,166,1110,749,80.0,4.051266666666667,0.0,0.0
12925,2026-08-26,SMVJ,Shri Mahaveerji,166,0.0,80.0,1110,749,departed,departed,False,4,13,55,8,afternoon,False,SKDM,Sikroda Mina,167,1116,743,80.0,4.051266666666667,0.0,0.0
12925,2026-08-26,SKDM,Sikroda Mina,167,0.0,80.0,1116,743,departed,departed,False,4,13,55,8,afternoon,False,HAN,Hindaun City,168,1120,739,70.7,4.051266666666667,18.0,18.0
12925,2026-08-26,HAN,Hindaun City,168,18.0,70.7,1120,739,departed,departed,True,4,13,55,8,afternoon,False,DNHK,Dhindhora Hkmkd,169,1129,730,70.7,4.051266666666667,0.0,-18.0
12925,2026-08-26,DNHK,Dhindhora Hkmkd,169,0.0,70.7,1129,730,departed,departed,False,4,13,55,8,afternoon,False,FSP,Fateh Singhpura,170,1134,725,70.7,4.051266666666667,0.0,0.0
12925,2026-08-26,FSP,Fateh Singhpura,170,0.0,70.7,1134,725,departed,departed,False,4,13,55,8,afternoon,False,DY,Dumariya,171,1144,715,70.7,4.051266666666667,0.0,0.0
12925,2026-08-26,DY,Dumariya,171,0.0,70.7,1144,715,departed,departed,False,4,13,55,8,afternoon,False,BXN,Bayana Jn,172,1153,706,52.5,4.051266666666667,16.0,16.0
12925,2026-08-26,BXN,Bayana Jn,172,16.0,52.5,1153,706,departed,departed,True,4,13,55,8,afternoon,False,SABD,Salabad,173,1161,698,52.5,4.051266666666667,0.0,-16.0
12925,2026-08-26,SABD,Salabad,173,0.0,52.5,1161,698,departed,departed,False,4,13,55,8,afternoon,False,KEV,Kela Devi,174,1165,694,52.5,4.051266666666667,0.0,0.0
12925,2026-08-26,KEV,Kela Devi,174,0.0,52.5,1165,694,departed,departed,False,4,13,55,8,afternoon,False,PNGR,Pingora,175,1174,685,52.5,4.051266666666667,0.0,0.0
12925,2026-08-26,PNGR,Pingora,175,0.0,52.5,1174,685,departed,departed,False,4,13,55,8,afternoon,False,JCU,Jaicholi,176,1180,679,52.5,4.051266666666667,0.0,0.0
12925,2026-08-26,JCU,Jaicholi,176,0.0,52.5,1180,679,departed,departed,False,4,13,55,8,afternoon,False,SWAR,Sewar,177,1186,673,52.5,4.051266666666667,0.0,0.0
12925,2026-08-26,SWAR,Sewar,177,0.0,52.5,1186,673,departed,departed,False,4,13,55,8,afternoon,False,BTE,Bharatpur Jn,178,1195,664,25.5,4.051266666666667,4.0,4.0
12925,2026-08-26,BTE,Bharatpur Jn,178,4.0,25.5,1195,664,departed,departed,True,4,13,55,8,afternoon,False,DUM,Dhaurmui Jaghna,179,1204,655,25.5,4.051266666666667,0.0,-4.0
12925,2026-08-26,DUM,Dhaurmui Jaghna,179,0.0,25.5,1204,655,departed,departed,False,4,13,55,8,afternoon,False,RKR,Ranikund Rarah,180,1208,651,25.5,4.051266666666667,0.0,0.0
12925,2026-08-26,RKR,Ranikund Rarah,180,0.0,25.5,1208,651,departed,departed,False,4,13,55,8,afternoon,False,JJA,Jajan Patti,181,1212,647,25.5,4.051266666666667,0.0,0.0
12925,2026-08-26,JJA,Jajan Patti,181,0.0,25.5,1212,647,departed,departed,False,4,13,55,8,afternoon,False,CRG,Churaman Nagri,182,1218,641,25.5,4.051266666666667,0.0,0.0
12925,2026-08-26,CRG,Churaman Nagri,182,0.0,25.5,1218,641,departed,departed,False,4,13,55,8,afternoon,False,MSRP,Murhesi Rampur,183,1220,639,25.5,4.051266666666667,0.0,0.0
12925,2026-08-26,MSRP,Murhesi Rampur,183,0.0,25.5,1220,639,departed,departed,False,4,13,55,8,afternoon,False,MTJ,Mathura Jn,184,1229,630,62.8,4.051266666666667,22.0,22.0
12925,2026-08-26,MTJ,Mathura Jn,184,22.0,62.8,1229,630,departed,departed,True,4,13,55,8,afternoon,False,BTSR,Bhuteshwar,185,1231,628,62.8,4.051266666666667,0.0,-22.0
12925,2026-08-26,BTSR,Bhuteshwar,185,0.0,62.8,1231,628,departed,departed,False,4,13,55,8,afternoon,False,VRBD,Vrindaban Road,186,1239,620,62.8,4.051266666666667,0.0,0.0
12925,2026-08-26,VRBD,Vrindaban Road,186,0.0,62.8,1239,620,departed,departed,False,4,13,55,8,afternoon,False,AJH,Ajhai,187,1250,609,62.8,4.051266666666667,0.0,0.0
12925,2026-08-26,AJH,Ajhai,187,0.0,62.8,1250,609,departed,departed,False,4,13,55,8,afternoon,False,CHJ,Chata,188,1260,599,62.8,4.051266666666667,0.0,0.0
12925,2026-08-26,CHJ,Chata,188,0.0,62.8,1260,599,departed,departed,False,4,13,55,8,afternoon,False,KSV,Kosi Kalan,189,1270,589,62.8,4.051266666666667,0.0,0.0
12925,2026-08-26,KSV,Kosi Kalan,189,0.0,62.8,1270,589,departed,departed,False,4,13,55,8,afternoon,False,HDL,Hodal,190,1282,577,62.8,4.051266666666667,0.0,0.0
12925,2026-08-26,HDL,Hodal,190,0.0,62.8,1282,577,departed,departed,False,4,13,55,8,afternoon,False,BNCR,Banchari,191,1289,570,62.8,4.051266666666667,0.0,0.0
12925,2026-08-26,BNCR,Banchari,191,0.0,62.8,1289,570,departed,departed,False,4,13,55,8,afternoon,False,SHLK,Sholaka,192,1292,567,62.8,4.051266666666667,0.0,0.0
12925,2026-08-26,SHLK,Sholaka,192,0.0,62.8,1292,567,departed,departed,False,4,13,55,8,afternoon,False,RDE,Rundhi,193,1303,556,62.8,4.051266666666667,0.0,0.0
12925,2026-08-26,RDE,Rundhi,193,0.0,62.8,1303,556,departed,departed,False,4,13,55,8,afternoon,False,PWL,Palwal,194,1312,547,62.8,4.051266666666667,0.0,0.0
12925,2026-08-26,PWL,Palwal,194,0.0,62.8,1312,547,departed,departed,False,4,13,55,8,afternoon,False,AST,Asaoti,195,1323,536,62.8,4.051266666666667,0.0,0.0
12925,2026-08-26,AST,Asaoti,195,0.0,62.8,1323,536,departed,departed,False,4,13,55,8,afternoon,False,PYLA,Piyala Block Hut,196,1327,532,62.8,4.051266666666667,0.0,0.0
12925,2026-08-26,PYLA,Piyala Block Hut,196,0.0,62.8,1327,532,departed,departed,False,4,13,55,8,afternoon,False,BVH,Ballabgarh,197,1333,526,62.8,4.051266666666667,0.0,0.0
12925,2026-08-26,BVH,Ballabgarh,197,0.0,62.8,1333,526,departed,departed,False,4,13,55,8,afternoon,False,FDN,Faridabad Nw Tn,198,1337,522,62.8,4.051266666666667,0.0,0.0
12925,2026-08-26,FDN,Faridabad Nw Tn,198,0.0,62.8,1337,522,departed,departed,False,4,13,55,8,afternoon,False,FDB,Faridabad,199,1341,518,42.0,4.051266666666667,9.0,9.0
12925,2026-08-26,FDB,Faridabad,199,9.0,42.0,1341,518,departed,departed,True,4,13,55,8,afternoon,False,TKDC,Tuglakabad Jn Cabin,200,1346,513,42.0,4.051266666666667,0.0,-9.0
12925,2026-08-26,TKDC,Tuglakabad Jn Cabin,200,0.0,42.0,1346,513,departed,departed,False,4,13,55,8,afternoon,False,TKD,Tuglakabad,201,1352,507,42.0,4.051266666666667,0.0,0.0
12925,2026-08-26,TKD,Tuglakabad,201,0.0,42.0,1352,507,departed,departed,False,4,13,55,8,afternoon,False,OKA,Okhla,202,1359,500,42.0,4.051266666666667,0.0,0.0
12925,2026-08-26,OKA,Okhla,202,0.0,42.0,1359,500,departed,departed,False,4,13,55,8,afternoon,False,NZM,Hazrat Nizamuddin Jn,203,1362,497,9.5,4.051266666666667,18.0,18.0
12925,2026-08-26,NZM,Hazrat Nizamuddin Jn,203,18.0,9.5,1362,497,departed,departed,True,4,13,55,8,afternoon,False,TKJ,Tilak Bridge,204,1367,492,9.5,4.051266666666667,0.0,-18.0
12925,2026-08-26,TKJ,Tilak Bridge,204,0.0,9.5,1367,492,departed,departed,False,4,13,55,8,afternoon,False,CSB,Shivaji Bridge,205,1368,491,9.5,4.051266666666667,0.0,0.0
12925,2026-08-26,CSB,Shivaji Bridge,205,0.0,9.5,1368,491,departed,departed,False,4,13,55,8,afternoon,False,NDLS,New Delhi,206,1369,490,17.1,4.051266666666667,17.0,17.0
12925,2026-08-26,NDLS,New Delhi,206,17.0,17.1,1369,490,departed,departed,True,4,13,55,8,afternoon,False,DSB,Sadar Bazar,207,1371,488,17.1,4.051266666666667,0.0,-17.0
12925,2026-08-26,DSB,Sadar Bazar,207,0.0,17.1,1371,488,departed,departed,False,4,13,55,8,afternoon,False,SZM,Subzi Mandi,208,1373,486,91.1,4.051266666666667,22.0,22.0
12925,2026-08-26,SZM,Subzi Mandi,208,22.0,91.1,1373,486,departed,departed,True,4,13,55,8,afternoon,False,DAZ,Delhi Azadpur,209,1378,481,91.1,4.051266666666667,0.0,-22.0
12925,2026-08-26,DAZ,Delhi Azadpur,209,0.0,91.1,1378,481,departed,departed,False,4,13,55,8,afternoon,False,ANDI,Adarsh Nagar Delhi,210,1379,480,91.1,4.051266666666667,0.0,0.0
12925,2026-08-26,ANDI,Adarsh Nagar Delhi,210,0.0,91.1,1379,480,departed,departed,False,4,13,55,8,afternoon,False,BHD,Badli,211,1384,475,91.1,4.051266666666667,0.0,0.0
12925,2026-08-26,BHD,Badli,211,0.0,91.1,1384,475,departed,departed,False,4,13,55,8,afternoon,False,KHKN,Khera Kalan,212,1387,472,91.1,4.051266666666667,0.0,0.0
12925,2026-08-26,KHKN,Khera Kalan,212,0.0,91.1,1387,472,departed,departed,False,4,13,55,8,afternoon,False,HUK,Holambi Kalan,213,1391,468,91.1,4.051266666666667,0.0,0.0
12925,2026-08-26,HUK,Holambi Kalan,213,0.0,91.1,1391,468,departed,departed,False,4,13,55,8,afternoon,False,NUR,Narela,214,1396,463,91.1,4.051266666666667,0.0,0.0
12925,2026-08-26,NUR,Narela,214,0.0,91.1,1396,463,departed,departed,False,4,13,55,8,afternoon,False,RDDE,Rathdhana,215,1403,456,91.1,4.051266666666667,0.0,0.0
12925,2026-08-26,RDDE,Rathdhana,215,0.0,91.1,1403,456,departed,departed,False,4,13,55,8,afternoon,False,HNN,Harana Kalan,216,1408,451,91.1,4.051266666666667,0.0,0.0
12925,2026-08-26,HNN,Harana Kalan,216,0.0,91.1,1408,451,departed,departed,False,4,13,55,8,afternoon,False,SNP,Sonipat,217,1414,445,90.0,4.051266666666667,35.0,35.0
12925,2026-08-26,SNP,Sonipat,217,35.0,90.0,1414,445,departed,departed,True,4,13,55,8,afternoon,False,SLKN,Sandal Kalan,218,1422,437,90.0,4.051266666666667,0.0,-35.0
12925,2026-08-26,SLKN,Sandal Kalan,218,0.0,90.0,1422,437,departed,departed,False,4,13,55,8,afternoon,False,RUG,Rajlu Garhi,219,1425,434,90.0,4.051266666666667,0.0,0.0
12925,2026-08-26,RUG,Rajlu Garhi,219,0.0,90.0,1425,434,departed,departed,False,4,13,55,8,afternoon,False,GNU,Ganaur,220,1430,429,90.0,4.051266666666667,0.0,0.0
12925,2026-08-26,GNU,Ganaur,220,0.0,90.0,1430,429,departed,departed,False,4,13,55,8,afternoon,False,BDMJ,Bhodwal Majri,221,1435,424,90.0,4.051266666666667,0.0,0.0
12925,2026-08-26,BDMJ,Bhodwal Majri,221,0.0,90.0,1435,424,departed,departed,False,4,13,55,8,afternoon,False,SMK,Samalkha,222,1442,417,90.0,4.051266666666667,0.0,0.0
12925,2026-08-26,SMK,Samalkha,222,0.0,90.0,1442,417,departed,departed,False,4,13,55,8,afternoon,False,DWNA,Diwana,223,1451,408,90.0,4.051266666666667,0.0,0.0
12925,2026-08-26,DWNA,Diwana,223,0.0,90.0,1451,408,departed,departed,False,4,13,55,8,afternoon,False,PNP,Panipat Jn,224,1459,400,92.7,4.051266666666667,57.0,57.0
12925,2026-08-26,PNP,Panipat Jn,224,57.0,92.7,1459,400,departed,departed,True,4,13,55,8,afternoon,False,BBDE,Babarpur,225,1465,394,92.7,4.051266666666667,0.0,-57.0
12925,2026-08-26,BBDE,Babarpur,225,0.0,92.7,1465,394,departed,departed,False,4,13,55,8,afternoon,False,KFU,Kohand,226,1470,389,92.7,4.051266666666667,0.0,0.0
12925,2026-08-26,KFU,Kohand,226,0.0,92.7,1470,389,departed,departed,False,4,13,55,8,afternoon,False,GRA,Gharaunda,227,1476,383,92.7,4.051266666666667,0.0,0.0
12925,2026-08-26,GRA,Gharaunda,227,0.0,92.7,1476,383,departed,departed,False,4,13,55,8,afternoon,False,BZJT,Bazida Jatan,228,1484,375,92.7,4.051266666666667,0.0,0.0
12925,2026-08-26,BZJT,Bazida Jatan,228,0.0,92.7,1484,375,departed,departed,False,4,13,55,8,afternoon,False,KUN,Karnal,229,1493,366,86.1,4.051266666666667,56.0,56.0
12925,2026-08-26,KUN,Karnal,229,56.0,86.1,1493,366,departed,departed,True,4,13,55,8,afternoon,False,BZK,Bhaini Khurd,230,1500,359,86.1,4.051266666666667,0.0,-56.0
12925,2026-08-26,BZK,Bhaini Khurd,230,0.0,86.1,1500,359,departed,departed,False,4,13,55,8,afternoon,False,TRR,Taraori,231,1505,354,86.1,4.051266666666667,0.0,0.0
12925,2026-08-26,TRR,Taraori,231,0.0,86.1,1505,354,departed,departed,False,4,13,55,8,afternoon,False,NLKR,Nilokheri,232,1509,350,86.1,4.051266666666667,0.0,0.0
12925,2026-08-26,NLKR,Nilokheri,232,0.0,86.1,1509,350,departed,departed,False,4,13,55,8,afternoon,False,AMIN,Amin,233,1518,341,86.1,4.051266666666667,0.0,0.0
12925,2026-08-26,AMIN,Amin,233,0.0,86.1,1518,341,departed,departed,False,4,13,55,8,afternoon,False,KKDE,Kurukshetra Jn,234,1526,333,31.9,4.051266666666667,59.0,59.0
12925,2026-08-26,KKDE,Kurukshetra Jn,234,59.0,31.9,1526,333,departed,departed,True,4,13,55,8,afternoon,False,DHKR,Dhoda Khedi,235,1532,327,31.9,4.051266666666667,0.0,-59.0
12925,2026-08-26,DHKR,Dhoda Khedi,235,0.0,31.9,1532,327,departed,departed,False,4,13,55,8,afternoon,False,DPP,Dhirpur,236,1537,322,31.9,4.051266666666667,0.0,0.0
12925,2026-08-26,DPP,Dhirpur,236,0.0,31.9,1537,322,departed,departed,False,4,13,55,8,afternoon,False,DHMZ,Dhola Mazra,237,1543,316,31.9,4.051266666666667,0.0,0.0
12925,2026-08-26,DHMZ,Dhola Mazra,237,0.0,31.9,1543,316,departed,departed,False,4,13,55,8,afternoon,False,SHDM,Shahbad Marknda,238,1548,311,31.9,4.051266666666667,0.0,0.0
12925,2026-08-26,SHDM,Shahbad Marknda,238,0.0,31.9,1548,311,departed,departed,False,4,13,55,8,afternoon,False,MOY,Mohri,239,1558,301,31.9,4.051266666666667,0.0,0.0
12925,2026-08-26,MOY,Mohri,239,0.0,31.9,1558,301,departed,departed,False,4,13,55,8,afternoon,False,UMB,Ambala Cantt Jn,240,1568,291,62.8,4.051266666666667,13.0,13.0
12925,2026-08-26,UMB,Ambala Cantt Jn,240,13.0,62.8,1568,291,departed,departed,True,4,13,55,8,afternoon,False,DKT,Dhulkot,241,1576,283,62.8,4.051266666666667,0.0,-13.0
12925,2026-08-26,DKT,Dhulkot,241,0.0,62.8,1576,283,departed,departed,False,4,13,55,8,afternoon,False,LLU,Lalru,242,1586,273,62.8,4.051266666666667,0.0,0.0
12925,2026-08-26,LLU,Lalru,242,0.0,62.8,1586,273,departed,departed,False,4,13,55,8,afternoon,False,DHPR,Dappar,243,1591,268,62.8,4.051266666666667,0.0,0.0
12925,2026-08-26,DHPR,Dappar,243,0.0,62.8,1591,268,departed,departed,False,4,13,55,8,afternoon,False,GHG,Ghagghar,244,1602,257,62.8,4.051266666666667,0.0,0.0
12925,2026-08-26,GHG,Ghagghar,244,0.0,62.8,1602,257,departed,departed,False,4,13,55,8,afternoon,False,CDG,Chandigarh,245,1613,246,66.0,4.051266666666667,25.0,25.0
12925,2026-08-26,CDG,Chandigarh,245,25.0,66.0,1613,246,departed,departed,True,4,13,55,8,afternoon,False,SASN,SAS Nagar Mohali,246,1624,235,52.2,4.051266666666667,26.0,1.0
12925,2026-08-26,SASN,SAS Nagar Mohali,246,26.0,52.2,1624,235,departed,departed,True,4,13,55,8,afternoon,False,KARR,Kharar,247,1640,219,52.2,4.051266666666667,0.0,-26.0
12925,2026-08-26,KARR,Kharar,247,0.0,52.2,1640,219,departed,departed,False,4,13,55,8,afternoon,False,JNCV,Morinda Jn Cabin,248,1655,204,52.2,4.051266666666667,0.0,0.0
12925,2026-08-26,JNCV,Morinda Jn Cabin,248,0.0,52.2,1655,204,departed,departed,False,4,13,55,8,afternoon,False,NMDA,New Morinda,249,1657,202,52.2,4.051266666666667,0.0,0.0
12925,2026-08-26,NMDA,New Morinda,249,0.0,52.2,1657,202,departed,departed,False,4,13,55,8,afternoon,False,KMNN,Khamanon,250,1674,185,52.2,4.051266666666667,0.0,0.0
12925,2026-08-26,KMNN,Khamanon,250,0.0,52.2,1674,185,departed,departed,False,4,13,55,8,afternoon,False,SMRL,Samarala,251,1688,171,52.2,4.051266666666667,0.0,0.0
12925,2026-08-26,SMRL,Samarala,251,0.0,52.2,1688,171,departed,departed,False,4,13,55,8,afternoon,False,LLKN,Lal Kalan,252,1696,163,52.2,4.051266666666667,0.0,0.0
12925,2026-08-26,LLKN,Lal Kalan,252,0.0,52.2,1696,163,departed,departed,False,4,13,55,8,afternoon,False,SNL,Sanahwal,253,1709,150,52.2,4.051266666666667,0.0,0.0
12925,2026-08-26,SNL,Sanahwal,253,0.0,52.2,1709,150,departed,departed,False,4,13,55,8,afternoon,False,DDL,Dhandari Kalan,254,1717,142,52.2,4.051266666666667,0.0,0.0
12925,2026-08-26,DDL,Dhandari Kalan,254,0.0,52.2,1717,142,departed,departed,False,4,13,55,8,afternoon,False,BHOI,Dhandarikalan Block Hut (Bhoi),255,1721,138,52.2,4.051266666666667,0.0,0.0
12925,2026-08-26,BHOI,Dhandarikalan Block Hut (Bhoi),255,0.0,52.2,1721,138,departed,departed,False,4,13,55,8,afternoon,False,LDH,Ludhiana Jn,256,1724,135,74.5,4.051266666666667,4.0,4.0
12925,2026-08-26,LDH,Ludhiana Jn,256,4.0,74.5,1724,135,departed,departed,True,4,13,55,8,afternoon,False,LDW,Ladhowal,257,1733,126,74.5,4.051266666666667,0.0,-4.0
12925,2026-08-26,LDW,Ladhowal,257,0.0,74.5,1733,126,departed,departed,False,4,13,55,8,afternoon,False,PHR,Phillaur Jn,258,1737,122,74.5,4.051266666666667,0.0,0.0
12925,2026-08-26,PHR,Phillaur Jn,258,0.0,74.5,1737,122,departed,departed,False,4,13,55,8,afternoon,False,BTTN,Bhatian,259,1744,115,74.5,4.051266666666667,0.0,0.0
12925,2026-08-26,BTTN,Bhatian,259,0.0,74.5,1744,115,departed,departed,False,4,13,55,8,afternoon,False,GRY,Goraya,260,1750,109,74.5,4.051266666666667,0.0,0.0
12925,2026-08-26,GRY,Goraya,260,0.0,74.5,1750,109,departed,departed,False,4,13,55,8,afternoon,False,MAUL,Mauli Block Hut,261,1754,105,74.5,4.051266666666667,0.0,0.0
12925,2026-08-26,MAUL,Mauli Block Hut,261,0.0,74.5,1754,105,departed,departed,False,4,13,55,8,afternoon,False,PGW,Phagwara Jn,262,1760,99,56.5,4.051266666666667,13.0,13.0
12925,2026-08-26,PGW,Phagwara Jn,262,13.0,56.5,1760,99,departed,departed,True,4,13,55,8,afternoon,False,CEU,Chiheru,263,1767,92,56.5,4.051266666666667,0.0,-13.0
12925,2026-08-26,CEU,Chiheru,263,0.0,56.5,1767,92,departed,departed,False,4,13,55,8,afternoon,False,JRC,Jalandhar Cantt,264,1776,83,30.0,4.051266666666667,12.0,12.0
12925,2026-08-26,JRC,Jalandhar Cantt,264,12.0,30.0,1776,83,departed,departed,True,4,13,55,8,afternoon,False,JUC,Jalandhar City,265,1781,78,69.7,4.051266666666667,6.0,-6.0
12925,2026-08-26,JUC,Jalandhar City,265,6.0,69.7,1781,78,departed,departed,True,4,13,55,8,afternoon,False,SRX,Sura Nussi,266,1788,71,69.7,4.051266666666667,0.0,-6.0
12925,2026-08-26,SRX,Sura Nussi,266,0.0,69.7,1788,71,departed,departed,False,4,13,55,8,afternoon,False,KRE,Kartarpur,267,1796,63,69.7,4.051266666666667,0.0,0.0
12925,2026-08-26,KRE,Kartarpur,267,0.0,69.7,1796,63,departed,departed,False,4,13,55,8,afternoon,False,HMR,Hamira,268,1802,57,69.7,4.051266666666667,0.0,0.0
12925,2026-08-26,HMR,Hamira,268,0.0,69.7,1802,57,departed,departed,False,4,13,55,8,afternoon,False,DIW,Dhilwan,269,1813,46,69.7,4.051266666666667,0.0,0.0
12925,2026-08-26,DIW,Dhilwan,269,0.0,69.7,1813,46,departed,departed,False,4,13,55,8,afternoon,False,BEAS,Beas,270,1817,42,56.0,4.051266666666667,2.0,2.0
12925,2026-08-26,BEAS,Beas,270,2.0,56.0,1817,42,at-station,at-station,True,4,13,55,8,afternoon,False,BBKR,Baba Bakalaraya,271,1822,37,56.0,4.051266666666667,0.0,-2.0
12925,2026-08-26,BBKR,Baba Bakalaraya,271,0.0,56.0,1822,37,upcoming,upcoming,False,4,13,55,8,afternoon,False,BTR,Butari,272,1828,31,56.0,4.051266666666667,0.0,0.0
12925,2026-08-26,BTR,Butari,272,0.0,56.0,1828,31,upcoming,upcoming,False,4,13,55,8,afternoon,False,TRA,Tangra,273,1834,25,56.0,4.051266666666667,0.0,0.0
12925,2026-08-26,TRA,Tangra,273,0.0,56.0,1834,25,upcoming,upcoming,False,4,13,55,8,afternoon,False,JNL,Jandiala,274,1841,18,56.0,4.051266666666667,0.0,0.0
12925,2026-08-26,JNL,Jandiala,274,0.0,56.0,1841,18,upcoming,upcoming,False,4,13,55,8,afternoon,False,MOW,Mananwala,275,1850,9,56.0,4.051266666666667,0.0,0.0
12925,2026-08-26,MOW,Mananwala,275,0.0,56.0,1850,9,upcoming,upcoming,False,4,13,55,8,afternoon,False,ASR,Amritsar,276,1859,0,0.0,4.051266666666667,4.0,4.0
12926,2026-08-27,ASR,Amritsar,1,7.0,90.0,0,1859,departed,departed,True,4,13,55,8,afternoon,False,MOW,Mananwala,2,10,1849,90.0,3.985383333333333,0.0,-7.0
12926,2026-08-27,MOW,Mananwala,2,0.0,90.0,10,1849,departed,departed,False,4,13,55,8,afternoon,False,JNL,Jandiala,3,19,1840,90.0,3.985383333333333,0.0,0.0
12926,2026-08-27,JNL,Jandiala,3,0.0,90.0,19,1840,departed,departed,False,4,13,55,8,afternoon,False,TRA,Tangra,4,25,1834,90.0,3.985383333333333,0.0,0.0
12926,2026-08-27,TRA,Tangra,4,0.0,90.0,25,1834,departed,departed,False,4,13,55,8,afternoon,False,BTR,Butari,5,31,1828,90.0,3.985383333333333,0.0,0.0
12926,2026-08-27,BTR,Butari,5,0.0,90.0,31,1828,departed,departed,False,4,13,55,8,afternoon,False,BBKR,Baba Bakalaraya,6,37,1822,90.0,3.985383333333333,0.0,0.0
12926,2026-08-27,BBKR,Baba Bakalaraya,6,0.0,90.0,37,1822,departed,departed,False,4,13,55,8,afternoon,False,BEAS,Beas,7,42,1817,60.0,3.985383333333333,4.0,4.0
12926,2026-08-27,BEAS,Beas,7,4.0,60.0,42,1817,departed,departed,True,4,13,55,8,afternoon,False,DIW,Dhilwan,8,46,1813,60.0,3.985383333333333,0.0,-4.0
12926,2026-08-27,DIW,Dhilwan,8,0.0,60.0,46,1813,departed,departed,False,4,13,55,8,afternoon,False,HMR,Hamira,9,58,1801,60.0,3.985383333333333,0.0,0.0
12926,2026-08-27,HMR,Hamira,9,0.0,60.0,58,1801,departed,departed,False,4,13,55,8,afternoon,False,KRE,Kartarpur,10,64,1795,60.0,3.985383333333333,0.0,0.0
12926,2026-08-27,KRE,Kartarpur,10,0.0,60.0,64,1795,departed,departed,False,4,13,55,8,afternoon,False,SRX,Sura Nussi,11,71,1788,60.0,3.985383333333333,0.0,0.0
12926,2026-08-27,SRX,Sura Nussi,11,0.0,60.0,71,1788,departed,departed,False,4,13,55,8,afternoon,False,JUC,Jalandhar City,12,79,1780,30.0,3.985383333333333,0.0,0.0
12926,2026-08-27,JUC,Jalandhar City,12,0.0,30.0,79,1780,departed,departed,True,4,13,55,8,afternoon,False,JRC,Jalandhar Cantt,13,83,1776,85.0,3.985383333333333,27.0,27.0
12926,2026-08-27,JRC,Jalandhar Cantt,13,27.0,85.0,83,1776,departed,departed,True,4,13,55,8,afternoon,False,CEU,Chiheru,14,92,1767,85.0,3.985383333333333,0.0,-27.0
12926,2026-08-27,CEU,Chiheru,14,0.0,85.0,92,1767,departed,departed,False,4,13,55,8,afternoon,False,PGW,Phagwara Jn,15,100,1759,61.8,3.985383333333333,29.0,29.0
12926,2026-08-27,PGW,Phagwara Jn,15,29.0,61.8,100,1759,departed,departed,True,4,13,55,8,afternoon,False,MAUL,Mauli Block Hut,16,105,1754,61.8,3.985383333333333,0.0,-29.0
12926,2026-08-27,MAUL,Mauli Block Hut,16,0.0,61.8,105,1754,departed,departed,False,4,13,55,8,afternoon,False,GRY,Goraya,17,110,1749,61.8,3.985383333333333,0.0,0.0
12926,2026-08-27,GRY,Goraya,17,0.0,61.8,110,1749,departed,departed,False,4,13,55,8,afternoon,False,BTTN,Bhatian,18,115,1744,61.8,3.985383333333333,0.0,0.0
12926,2026-08-27,BTTN,Bhatian,18,0.0,61.8,115,1744,departed,departed,False,4,13,55,8,afternoon,False,PHR,Phillaur Jn,19,122,1737,61.8,3.985383333333333,0.0,0.0
12926,2026-08-27,PHR,Phillaur Jn,19,26.0,61.8,122,1737,departed,departed,False,4,13,55,8,afternoon,False,LDW,Ladhowal,20,127,1732,61.8,3.985383333333333,0.0,-26.0
12926,2026-08-27,LDW,Ladhowal,20,0.0,61.8,127,1732,departed,departed,False,4,13,55,8,afternoon,False,LDH,Ludhiana Jn,21,135,1724,49.6,3.985383333333333,22.0,22.0
12926,2026-08-27,LDH,Ludhiana Jn,21,22.0,49.6,135,1724,departed,departed,True,4,13,55,8,afternoon,False,BHOI,Dhandarikalan Block Hut (Bhoi),22,138,1721,49.6,3.985383333333333,0.0,-22.0
12926,2026-08-27,BHOI,Dhandarikalan Block Hut (Bhoi),22,0.0,49.6,138,1721,departed,departed,False,4,13,55,8,afternoon,False,DDL,Dhandari Kalan,23,143,1716,49.6,3.985383333333333,0.0,0.0
12926,2026-08-27,DDL,Dhandari Kalan,23,25.0,49.6,143,1716,departed,departed,False,4,13,55,8,afternoon,False,SNL,Sanahwal,24,151,1708,49.6,3.985383333333333,0.0,-25.0
12926,2026-08-27,SNL,Sanahwal,24,0.0,49.6,151,1708,departed,departed,False,4,13,55,8,afternoon,False,LLKN,Lal Kalan,25,163,1696,49.6,3.985383333333333,0.0,0.0
12926,2026-08-27,LLKN,Lal Kalan,25,0.0,49.6,163,1696,departed,departed,False,4,13,55,8,afternoon,False,SMRL,Samarala,26,171,1688,49.6,3.985383333333333,0.0,0.0
12926,2026-08-27,SMRL,Samarala,26,0.0,49.6,171,1688,departed,departed,False,4,13,55,8,afternoon,False,KMNN,Khamanon,27,185,1674,49.6,3.985383333333333,0.0,0.0
12926,2026-08-27,KMNN,Khamanon,27,0.0,49.6,185,1674,departed,departed,False,4,13,55,8,afternoon,False,NMDA,New Morinda,28,203,1656,49.6,3.985383333333333,0.0,0.0
12926,2026-08-27,NMDA,New Morinda,28,0.0,49.6,203,1656,departed,departed,False,4,13,55,8,afternoon,False,JNCV,Morinda Jn Cabin,29,204,1655,49.6,3.985383333333333,0.0,0.0
12926,2026-08-27,JNCV,Morinda Jn Cabin,29,0.0,49.6,204,1655,departed,departed,False,4,13,55,8,afternoon,False,KARR,Kharar,30,219,1640,49.6,3.985383333333333,0.0,0.0
12926,2026-08-27,KARR,Kharar,30,0.0,49.6,219,1640,departed,departed,False,4,13,55,8,afternoon,False,GHG,Ghagghar,33,258,1601,67.5,3.985383333333333,0.0,0.0
12926,2026-08-27,SASN,SAS Nagar Mohali,31,0.0,26.7,235,1624,departed,departed,True,4,13,55,8,afternoon,False,GHG,Ghagghar,33,258,1601,67.5,3.985383333333333,0.0,0.0
12926,2026-08-27,CDG,Chandigarh,32,0.0,67.5,247,1612,departed,departed,True,4,13,55,8,afternoon,False,GHG,Ghagghar,33,258,1601,67.5,3.985383333333333,0.0,0.0
12926,2026-08-27,GHG,Ghagghar,33,0.0,67.5,258,1601,departed,departed,False,4,13,55,8,afternoon,False,DHPR,Dappar,34,269,1590,67.5,3.985383333333333,0.0,0.0
12926,2026-08-27,DHPR,Dappar,34,0.0,67.5,269,1590,departed,departed,False,4,13,55,8,afternoon,False,LLU,Lalru,35,273,1586,67.5,3.985383333333333,0.0,0.0
12926,2026-08-27,LLU,Lalru,35,0.0,67.5,273,1586,departed,departed,False,4,13,55,8,afternoon,False,DKT,Dhulkot,36,283,1576,67.5,3.985383333333333,0.0,0.0
12926,2026-08-27,DKT,Dhulkot,36,0.0,67.5,283,1576,departed,departed,False,4,13,55,8,afternoon,False,UMB,Ambala Cantt Jn,37,292,1567,84.8,3.985383333333333,2.0,2.0
12926,2026-08-27,UMB,Ambala Cantt Jn,37,2.0,84.8,292,1567,departed,departed,True,4,13,55,8,afternoon,False,MOY,Mohri,38,301,1558,84.8,3.985383333333333,0.0,-2.0
12926,2026-08-27,MOY,Mohri,38,0.0,84.8,301,1558,departed,departed,False,4,13,55,8,afternoon,False,SHDM,Shahbad Marknda,39,311,1548,84.8,3.985383333333333,0.0,0.0
12926,2026-08-27,SHDM,Shahbad Marknda,39,0.0,84.8,311,1548,departed,departed,False,4,13,55,8,afternoon,False,DHMZ,Dhola Mazra,40,317,1542,84.8,3.985383333333333,0.0,0.0
12926,2026-08-27,DHMZ,Dhola Mazra,40,0.0,84.8,317,1542,departed,departed,False,4,13,55,8,afternoon,False,DPP,Dhirpur,41,322,1537,84.8,3.985383333333333,0.0,0.0
12926,2026-08-27,DPP,Dhirpur,41,0.0,84.8,322,1537,departed,departed,False,4,13,55,8,afternoon,False,DHKR,Dhoda Khedi,42,328,1531,84.8,3.985383333333333,0.0,0.0
12926,2026-08-27,DHKR,Dhoda Khedi,42,0.0,84.8,328,1531,departed,departed,False,4,13,55,8,afternoon,False,KKDE,Kurukshetra Jn,43,333,1526,86.1,3.985383333333333,4.0,4.0
12926,2026-08-27,KKDE,Kurukshetra Jn,43,4.0,86.1,333,1526,departed,departed,True,4,13,55,8,afternoon,False,AMIN,Amin,44,342,1517,86.1,3.985383333333333,0.0,-4.0
12926,2026-08-27,AMIN,Amin,44,0.0,86.1,342,1517,departed,departed,False,4,13,55,8,afternoon,False,NLKR,Nilokheri,45,350,1509,86.1,3.985383333333333,0.0,0.0
12926,2026-08-27,NLKR,Nilokheri,45,0.0,86.1,350,1509,departed,departed,False,4,13,55,8,afternoon,False,TRR,Taraori,46,354,1505,86.1,3.985383333333333,0.0,0.0
12926,2026-08-27,TRR,Taraori,46,0.0,86.1,354,1505,departed,departed,False,4,13,55,8,afternoon,False,BZK,Bhaini Khurd,47,359,1500,86.1,3.985383333333333,0.0,0.0
12926,2026-08-27,BZK,Bhaini Khurd,47,0.0,86.1,359,1500,departed,departed,False,4,13,55,8,afternoon,False,KUN,Karnal,48,366,1493,95.5,3.985383333333333,6.0,6.0
12926,2026-08-27,KUN,Karnal,48,6.0,95.5,366,1493,departed,departed,True,4,13,55,8,afternoon,False,BZJT,Bazida Jatan,49,376,1483,95.5,3.985383333333333,0.0,-6.0
12926,2026-08-27,BZJT,Bazida Jatan,49,0.0,95.5,376,1483,departed,departed,False,4,13,55,8,afternoon,False,GRA,Gharaunda,50,384,1475,95.5,3.985383333333333,0.0,0.0
12926,2026-08-27,GRA,Gharaunda,50,0.0,95.5,384,1475,departed,departed,False,4,13,55,8,afternoon,False,KFU,Kohand,51,389,1470,95.5,3.985383333333333,0.0,0.0
12926,2026-08-27,KFU,Kohand,51,0.0,95.5,389,1470,departed,departed,False,4,13,55,8,afternoon,False,BBDE,Babarpur,52,394,1465,95.5,3.985383333333333,0.0,0.0
12926,2026-08-27,BBDE,Babarpur,52,14.0,95.5,394,1465,departed,departed,False,4,13,55,8,afternoon,False,PNP,Panipat Jn,53,401,1458,96.4,3.985383333333333,14.0,0.0
12926,2026-08-27,PNP,Panipat Jn,53,14.0,96.4,401,1458,departed,departed,True,4,13,55,8,afternoon,False,DWNA,Diwana,54,409,1450,96.4,3.985383333333333,0.0,-14.0
12926,2026-08-27,DWNA,Diwana,54,0.0,96.4,409,1450,departed,departed,False,4,13,55,8,afternoon,False,SMK,Samalkha,55,417,1442,96.4,3.985383333333333,0.0,0.0
12926,2026-08-27,SMK,Samalkha,55,0.0,96.4,417,1442,departed,departed,False,4,13,55,8,afternoon,False,BDMJ,Bhodwal Majri,56,424,1435,96.4,3.985383333333333,0.0,0.0
12926,2026-08-27,BDMJ,Bhodwal Majri,56,18.0,96.4,424,1435,departed,departed,False,4,13,55,8,afternoon,False,GNU,Ganaur,57,430,1429,96.4,3.985383333333333,0.0,-18.0
12926,2026-08-27,GNU,Ganaur,57,0.0,96.4,430,1429,departed,departed,False,4,13,55,8,afternoon,False,RUG,Rajlu Garhi,58,434,1425,96.4,3.985383333333333,0.0,0.0
12926,2026-08-27,RUG,Rajlu Garhi,58,15.0,96.4,434,1425,departed,departed,False,4,13,55,8,afternoon,False,SLKN,Sandal Kalan,59,437,1422,96.4,3.985383333333333,0.0,-15.0
12926,2026-08-27,SLKN,Sandal Kalan,59,15.0,96.4,437,1422,departed,departed,False,4,13,55,8,afternoon,False,SNP,Sonipat,60,446,1413,82.8,3.985383333333333,17.0,2.0
12926,2026-08-27,SNP,Sonipat,60,17.0,82.8,446,1413,departed,departed,True,4,13,55,8,afternoon,False,HNN,Harana Kalan,61,451,1408,82.8,3.985383333333333,0.0,-17.0
12926,2026-08-27,HNN,Harana Kalan,61,27.0,82.8,451,1408,departed,departed,False,4,13,55,8,afternoon,False,RDDE,Rathdhana,62,456,1403,82.8,3.985383333333333,0.0,-27.0
12926,2026-08-27,RDDE,Rathdhana,62,26.0,82.8,456,1403,departed,departed,False,4,13,55,8,afternoon,False,NUR,Narela,63,463,1396,82.8,3.985383333333333,0.0,-26.0
12926,2026-08-27,NUR,Narela,63,27.0,82.8,463,1396,departed,departed,False,4,13,55,8,afternoon,False,HUK,Holambi Kalan,64,468,1391,82.8,3.985383333333333,0.0,-27.0
12926,2026-08-27,HUK,Holambi Kalan,64,0.0,82.8,468,1391,departed,departed,False,4,13,55,8,afternoon,False,KHKN,Khera Kalan,65,472,1387,82.8,3.985383333333333,0.0,0.0
12926,2026-08-27,KHKN,Khera Kalan,65,27.0,82.8,472,1387,departed,departed,False,4,13,55,8,afternoon,False,BHD,Badli,66,475,1384,82.8,3.985383333333333,0.0,-27.0
12926,2026-08-27,BHD,Badli,66,0.0,82.8,475,1384,departed,departed,False,4,13,55,8,afternoon,False,ANDI,Adarsh Nagar Delhi,67,480,1379,82.8,3.985383333333333,0.0,0.0
12926,2026-08-27,ANDI,Adarsh Nagar Delhi,67,28.0,82.8,480,1379,departed,departed,False,4,13,55,8,afternoon,False,DAZ,Delhi Azadpur,68,482,1377,82.8,3.985383333333333,0.0,-28.0
12926,2026-08-27,DAZ,Delhi Azadpur,68,30.0,82.8,482,1377,departed,departed,False,4,13,55,8,afternoon,False,SZM,Subzi Mandi,69,486,1373,4.9,3.985383333333333,33.0,3.0
12926,2026-08-27,SZM,Subzi Mandi,69,33.0,4.9,486,1373,departed,departed,True,4,13,55,8,afternoon,False,DSB,Sadar Bazar,70,488,1371,4.9,3.985383333333333,0.0,-33.0
12926,2026-08-27,DSB,Sadar Bazar,70,15.0,4.9,488,1371,departed,departed,False,4,13,55,8,afternoon,False,NDLS,New Delhi,71,490,1369,62.2,3.985383333333333,2.0,-13.0
12926,2026-08-27,NDLS,New Delhi,71,2.0,62.2,490,1369,departed,departed,True,4,13,55,8,afternoon,False,CSB,Shivaji Bridge,72,491,1368,62.2,3.985383333333333,0.0,-2.0
12926,2026-08-27,CSB,Shivaji Bridge,72,7.0,62.2,491,1368,departed,departed,False,4,13,55,8,afternoon,False,TKJ,Tilak Bridge,73,493,1366,62.2,3.985383333333333,0.0,-7.0
12926,2026-08-27,TKJ,Tilak Bridge,73,10.0,62.2,493,1366,departed,departed,False,4,13,55,8,afternoon,False,NZM,Hazrat Nizamuddin Jn,74,497,1362,62.2,3.985383333333333,0.0,-10.0
12926,2026-08-27,NZM,Hazrat Nizamuddin Jn,74,12.0,62.2,497,1362,departed,departed,False,4,13,55,8,afternoon,False,OKA,Okhla,75,501,1358,62.2,3.985383333333333,0.0,-12.0
12926,2026-08-27,OKA,Okhla,75,0.0,62.2,501,1358,departed,departed,False,4,13,55,8,afternoon,False,TKD,Tuglakabad,76,508,1351,62.2,3.985383333333333,0.0,0.0
12926,2026-08-27,TKD,Tuglakabad,76,10.0,62.2,508,1351,departed,departed,False,4,13,55,8,afternoon,False,TKDC,Tuglakabad Jn Cabin,77,513,1346,62.2,3.985383333333333,0.0,-10.0
12926,2026-08-27,TKDC,Tuglakabad Jn Cabin,77,0.0,62.2,513,1346,departed,departed,False,4,13,55,8,afternoon,False,FDB,Faridabad,78,518,1341,53.8,3.985383333333333,51.0,51.0
12926,2026-08-27,FDB,Faridabad,78,51.0,53.8,518,1341,departed,departed,True,4,13,55,8,afternoon,False,FDN,Faridabad Nw Tn,79,522,1337,53.8,3.985383333333333,0.0,-51.0
12926,2026-08-27,FDN,Faridabad Nw Tn,79,0.0,53.8,522,1337,departed,departed,False,4,13,55,8,afternoon,False,BVH,Ballabgarh,80,526,1333,53.8,3.985383333333333,0.0,0.0
12926,2026-08-27,BVH,Ballabgarh,80,0.0,53.8,526,1333,departed,departed,False,4,13,55,8,afternoon,False,PYLA,Piyala Block Hut,81,532,1327,53.8,3.985383333333333,0.0,0.0
12926,2026-08-27,PYLA,Piyala Block Hut,81,0.0,53.8,532,1327,departed,departed,False,4,13,55,8,afternoon,False,AST,Asaoti,82,536,1323,53.8,3.985383333333333,0.0,0.0
12926,2026-08-27,AST,Asaoti,82,0.0,53.8,536,1323,departed,departed,False,4,13,55,8,afternoon,False,PWL,Palwal,83,547,1312,53.8,3.985383333333333,0.0,0.0
12926,2026-08-27,PWL,Palwal,83,0.0,53.8,547,1312,departed,departed,False,4,13,55,8,afternoon,False,RDE,Rundhi,84,556,1303,53.8,3.985383333333333,0.0,0.0
12926,2026-08-27,RDE,Rundhi,84,35.0,53.8,556,1303,departed,departed,False,4,13,55,8,afternoon,False,SHLK,Sholaka,85,567,1292,53.8,3.985383333333333,0.0,-35.0
12926,2026-08-27,SHLK,Sholaka,85,0.0,53.8,567,1292,departed,departed,False,4,13,55,8,afternoon,False,BNCR,Banchari,86,570,1289,53.8,3.985383333333333,0.0,0.0
12926,2026-08-27,BNCR,Banchari,86,0.0,53.8,570,1289,departed,departed,False,4,13,55,8,afternoon,False,HDL,Hodal,87,577,1282,53.8,3.985383333333333,0.0,0.0
12926,2026-08-27,HDL,Hodal,87,0.0,53.8,577,1282,departed,departed,False,4,13,55,8,afternoon,False,KSV,Kosi Kalan,88,590,1269,53.8,3.985383333333333,0.0,0.0
12926,2026-08-27,KSV,Kosi Kalan,88,14.0,53.8,590,1269,departed,departed,False,4,13,55,8,afternoon,False,CHJ,Chata,89,600,1259,53.8,3.985383333333333,0.0,-14.0
12926,2026-08-27,CHJ,Chata,89,10.0,53.8,600,1259,departed,departed,False,4,13,55,8,afternoon,False,AJH,Ajhai,90,610,1249,53.8,3.985383333333333,0.0,-10.0
12926,2026-08-27,AJH,Ajhai,90,11.0,53.8,610,1249,departed,departed,False,4,13,55,8,afternoon,False,VRBD,Vrindaban Road,91,621,1238,53.8,3.985383333333333,0.0,-11.0
12926,2026-08-27,VRBD,Vrindaban Road,91,0.0,53.8,621,1238,departed,departed,False,4,13,55,8,afternoon,False,BTSR,Bhuteshwar,92,628,1231,53.8,3.985383333333333,0.0,0.0
12926,2026-08-27,BTSR,Bhuteshwar,92,3.0,53.8,628,1231,departed,departed,False,4,13,55,8,afternoon,False,MTJ,Mathura Jn,93,631,1228,86.1,3.985383333333333,13.0,10.0
12926,2026-08-27,MTJ,Mathura Jn,93,13.0,86.1,631,1228,at-station,at-station,True,4,13,55,8,afternoon,False,MSRP,Murhesi Rampur,94,639,1220,86.1,3.985383333333333,0.0,-13.0
12926,2026-08-27,MSRP,Murhesi Rampur,94,0.0,86.1,639,1220,upcoming,upcoming,False,4,13,55,8,afternoon,False,CRG,Churaman Nagri,95,642,1217,86.1,3.985383333333333,0.0,0.0
12926,2026-08-27,CRG,Churaman Nagri,95,0.0,86.1,642,1217,upcoming,upcoming,False,4,13,55,8,afternoon,False,JJA,Jajan Patti,96,648,1211,86.1,3.985383333333333,0.0,0.0
12926,2026-08-27,JJA,Jajan Patti,96,0.0,86.1,648,1211,upcoming,upcoming,False,4,13,55,8,afternoon,False,RKR,Ranikund Rarah,97,652,1207,86.1,3.985383333333333,0.0,0.0
12926,2026-08-27,RKR,Ranikund Rarah,97,0.0,86.1,652,1207,upcoming,upcoming,False,4,13,55,8,afternoon,False,DUM,Dhaurmui Jaghna,98,656,1203,86.1,3.985383333333333,0.0,0.0
12926,2026-08-27,DUM,Dhaurmui Jaghna,98,0.0,86.1,656,1203,upcoming,upcoming,False,4,13,55,8,afternoon,False,BTE,Bharatpur Jn,99,664,1195,76.4,3.985383333333333,14.0,14.0
12926,2026-08-27,BTE,Bharatpur Jn,99,13.0,76.4,664,1195,upcoming,upcoming,True,4,13,55,8,afternoon,False,SWAR,Sewar,100,674,1185,76.4,3.985383333333333,0.0,-13.0
12926,2026-08-27,SWAR,Sewar,100,0.0,76.4,674,1185,upcoming,upcoming,False,4,13,55,8,afternoon,False,JCU,Jaicholi,101,679,1180,76.4,3.985383333333333,0.0,0.0
12926,2026-08-27,JCU,Jaicholi,101,0.0,76.4,679,1180,upcoming,upcoming,False,4,13,55,8,afternoon,False,PNGR,Pingora,102,685,1174,76.4,3.985383333333333,0.0,0.0
12926,2026-08-27,PNGR,Pingora,102,0.0,76.4,685,1174,upcoming,upcoming,False,4,13,55,8,afternoon,False,KEV,Kela Devi,103,694,1165,76.4,3.985383333333333,0.0,0.0
12926,2026-08-27,KEV,Kela Devi,103,0.0,76.4,694,1165,upcoming,upcoming,False,4,13,55,8,afternoon,False,SABD,Salabad,104,698,1161,76.4,3.985383333333333,0.0,0.0
12926,2026-08-27,SABD,Salabad,104,0.0,76.4,698,1161,upcoming,upcoming,False,4,13,55,8,afternoon,False,BXN,Bayana Jn,105,706,1153,86.1,3.985383333333333,14.0,14.0
12926,2026-08-27,BXN,Bayana Jn,105,13.0,86.1,706,1153,upcoming,upcoming,True,4,13,55,8,afternoon,False,DY,Dumariya,106,715,1144,86.1,3.985383333333333,0.0,-13.0
12926,2026-08-27,DY,Dumariya,106,0.0,86.1,715,1144,upcoming,upcoming,False,4,13,55,8,afternoon,False,FSP,Fateh Singhpura,107,726,1133,86.1,3.985383333333333,0.0,0.0
12926,2026-08-27,FSP,Fateh Singhpura,107,0.0,86.1,726,1133,upcoming,upcoming,False,4,13,55,8,afternoon,False,DNHK,Dhindhora Hkmkd,108,731,1128,86.1,3.985383333333333,0.0,0.0
12926,2026-08-27,DNHK,Dhindhora Hkmkd,108,0.0,86.1,731,1128,upcoming,upcoming,False,4,13,55,8,afternoon,False,HAN,Hindaun City,109,739,1120,88.0,3.985383333333333,14.0,14.0
12926,2026-08-27,HAN,Hindaun City,109,13.0,88.0,739,1120,upcoming,upcoming,True,4,13,55,8,afternoon,False,SKDM,Sikroda Mina,110,744,1115,88.0,3.985383333333333,0.0,-13.0
12926,2026-08-27,SKDM,Sikroda Mina,110,0.0,88.0,744,1115,upcoming,upcoming,False,4,13,55,8,afternoon,False,SMVJ,Shri Mahaveerji,111,749,1110,88.0,3.985383333333333,0.0,0.0
12926,2026-08-27,SMVJ,Shri Mahaveerji,111,0.0,88.0,749,1110,upcoming,upcoming,False,4,13,55,8,afternoon,False,KNDP,Khandip,112,756,1103,88.0,3.985383333333333,0.0,0.0
12926,2026-08-27,KNDP,Khandip,112,0.0,88.0,756,1103,upcoming,upcoming,False,4,13,55,8,afternoon,False,PDZ,Piloda,113,763,1096,88.0,3.985383333333333,0.0,0.0
12926,2026-08-27,PDZ,Piloda,113,0.0,88.0,763,1096,upcoming,upcoming,False,4,13,55,8,afternoon,False,COO,Chhoti Odai,114,770,1089,88.0,3.985383333333333,0.0,0.0
12926,2026-08-27,COO,Chhoti Odai,114,0.0,88.0,770,1089,upcoming,upcoming,False,4,13,55,8,afternoon,False,GGC,Gangapur City Jn,115,783,1076,89.3,3.985383333333333,14.0,14.0
12926,2026-08-27,GGC,Gangapur City Jn,115,13.0,89.3,783,1076,upcoming,upcoming,True,4,13,55,8,afternoon,False,LRU,Lalpur Umri,116,789,1070,89.3,3.985383333333333,0.0,-13.0
12926,2026-08-27,LRU,Lalpur Umri,116,0.0,89.3,789,1070,upcoming,upcoming,False,4,13,55,8,afternoon,False,NNW,Narayanpur Tatwara,117,800,1059,89.3,3.985383333333333,0.0,0.0
12926,2026-08-27,NNW,Narayanpur Tatwara,117,0.0,89.3,800,1059,upcoming,upcoming,False,4,13,55,8,afternoon,False,NMD,Nomoda,118,810,1049,89.3,3.985383333333333,0.0,0.0
12926,2026-08-27,NMD,Nomoda,118,0.0,89.3,810,1049,upcoming,upcoming,False,4,13,55,8,afternoon,False,MLZ,Malarna,119,817,1042,89.3,3.985383333333333,0.0,0.0
12926,2026-08-27,MLZ,Malarna,119,0.0,89.3,817,1042,upcoming,upcoming,False,4,13,55,8,afternoon,False,MXL,Mokholi,120,828,1031,89.3,3.985383333333333,0.0,0.0
12926,2026-08-27,MXL,Mokholi,120,0.0,89.3,828,1031,upcoming,upcoming,False,4,13,55,8,afternoon,False,RNT,Ranthambhore,121,837,1022,89.3,3.985383333333333,0.0,0.0
12926,2026-08-27,RNT,Ranthambhore,121,0.0,89.3,837,1022,upcoming,upcoming,False,4,13,55,8,afternoon,False,SMDC,Sawai Madhopur D Cabin,122,843,1016,89.3,3.985383333333333,0.0,0.0
12926,2026-08-27,SMDC,Sawai Madhopur D Cabin,122,0.0,89.3,843,1016,upcoming,upcoming,False,4,13,55,8,afternoon,False,SWM,Sawai Madhopur Jn,123,847,1012,72.0,3.985383333333333,14.0,14.0
12926,2026-08-27,SWM,Sawai Madhopur Jn,123,13.0,72.0,847,1012,upcoming,upcoming,True,4,13,55,8,afternoon,False,KTA,Kushtala,124,854,1005,72.0,3.985383333333333,0.0,-13.0
12926,2026-08-27,KTA,Kushtala,124,0.0,72.0,854,1005,upcoming,upcoming,False,4,13,55,8,afternoon,False,RWJ,Rawania Dungar,125,862,997,72.0,3.985383333333333,0.0,0.0
12926,2026-08-27,RWJ,Rawania Dungar,125,0.0,72.0,862,997,upcoming,upcoming,False,4,13,55,8,afternoon,False,AMLI,Amli,126,870,989,72.0,3.985383333333333,0.0,0.0
12926,2026-08-27,AMLI,Amli,126,0.0,72.0,870,989,upcoming,upcoming,False,4,13,55,8,afternoon,False,IDG,Indargarh,127,883,976,72.0,3.985383333333333,0.0,0.0
12926,2026-08-27,IDG,Indargarh,127,0.0,72.0,883,976,upcoming,upcoming,False,4,13,55,8,afternoon,False,LKE,Lakheri,128,894,965,72.0,3.985383333333333,0.0,0.0
12926,2026-08-27,LKE,Lakheri,128,0.0,72.0,894,965,upcoming,upcoming,False,4,13,55,8,afternoon,False,LBN,Laban,129,902,957,72.0,3.985383333333333,0.0,0.0
12926,2026-08-27,LBN,Laban,129,0.0,72.0,902,957,upcoming,upcoming,False,4,13,55,8,afternoon,False,GKB,Ghataka Varana,130,911,948,72.0,3.985383333333333,0.0,0.0
12926,2026-08-27,GKB,Ghataka Varana,130,0.0,72.0,911,948,upcoming,upcoming,False,4,13,55,8,afternoon,False,KPZ,Kapren,131,921,938,72.0,3.985383333333333,0.0,0.0
12926,2026-08-27,KPZ,Kapren,131,0.0,72.0,921,938,upcoming,upcoming,False,4,13,55,8,afternoon,False,ARE,Arnetha,132,930,929,72.0,3.985383333333333,0.0,0.0
12926,2026-08-27,ARE,Arnetha,132,0.0,72.0,930,929,upcoming,upcoming,False,4,13,55,8,afternoon,False,KPTN,Keshorai Patan,133,941,918,72.0,3.985383333333333,0.0,0.0
12926,2026-08-27,KPTN,Keshorai Patan,133,0.0,72.0,941,918,upcoming,upcoming,False,4,13,55,8,afternoon,False,GNCN,Gurla N Cabin,134,946,913,72.0,3.985383333333333,0.0,0.0
12926,2026-08-27,GNCN,Gurla N Cabin,134,0.0,72.0,946,913,upcoming,upcoming,False,4,13,55,8,afternoon,False,GQL,Gurla Jn,135,949,910,72.0,3.985383333333333,0.0,0.0
12926,2026-08-27,GQL,Gurla Jn,135,0.0,72.0,949,910,upcoming,upcoming,False,4,13,55,8,afternoon,False,KCCN,Kota C Cabin,136,952,907,72.0,3.985383333333333,0.0,0.0
12926,2026-08-27,KCCN,Kota C Cabin,136,0.0,72.0,952,907,upcoming,upcoming,False,4,13,55,8,afternoon,False,KOTA,Kota Jn,137,955,904,81.5,3.985383333333333,14.0,14.0
12926,2026-08-27,KOTA,Kota Jn,137,13.0,81.5,955,904,upcoming,upcoming,True,4,13,55,8,afternoon,False,NKOT,New Kota,138,964,895,81.5,3.985383333333333,0.0,-13.0
12926,2026-08-27,NKOT,New Kota,138,0.0,81.5,964,895,upcoming,upcoming,False,4,13,55,8,afternoon,False,DDV,Dadhdevi,139,971,888,81.5,3.985383333333333,0.0,0.0
12926,2026-08-27,DDV,Dadhdevi,139,0.0,81.5,971,888,upcoming,upcoming,False,4,13,55,8,afternoon,False,ALNI,Alniya,140,977,882,81.5,3.985383333333333,0.0,0.0
12926,2026-08-27,ALNI,Alniya,140,0.0,81.5,977,882,upcoming,upcoming,False,4,13,55,8,afternoon,False,RDT,Ravtha Road,141,989,870,81.5,3.985383333333333,0.0,0.0
12926,2026-08-27,RDT,Ravtha Road,141,0.0,81.5,989,870,upcoming,upcoming,False,4,13,55,8,afternoon,False,DARA,Dara,142,1002,857,81.5,3.985383333333333,0.0,0.0
12926,2026-08-27,DARA,Dara,142,0.0,81.5,1002,857,upcoming,upcoming,False,4,13,55,8,afternoon,False,KIW,Kanwalpura,143,1011,848,81.5,3.985383333333333,0.0,0.0
12926,2026-08-27,KIW,Kanwalpura,143,0.0,81.5,1011,848,upcoming,upcoming,False,4,13,55,8,afternoon,False,MKX,Morak,144,1017,842,81.5,3.985383333333333,0.0,0.0
12926,2026-08-27,MKX,Morak,144,0.0,81.5,1017,842,upcoming,upcoming,False,4,13,55,8,afternoon,False,RMA,Ramganj Mandi Jn,145,1027,832,76.3,3.985383333333333,14.0,14.0
12926,2026-08-27,RMA,Ramganj Mandi Jn,145,13.0,76.3,1027,832,upcoming,upcoming,True,4,13,55,8,afternoon,False,JHW,Jhalawar Road,146,1038,821,76.3,3.985383333333333,0.0,-13.0
12926,2026-08-27,JHW,Jhalawar Road,146,0.0,76.3,1038,821,upcoming,upcoming,False,4,13,55,8,afternoon,False,DKRA,Dhuankheri,147,1045,814,76.3,3.985383333333333,0.0,0.0
12926,2026-08-27,DKRA,Dhuankheri,147,0.0,76.3,1045,814,upcoming,upcoming,False,4,13,55,8,afternoon,False,BWM,Bhawani Mandi,148,1055,804,76.3,3.985383333333333,0.0,0.0
12926,2026-08-27,BWM,Bhawani Mandi,148,0.0,76.3,1055,804,upcoming,upcoming,False,4,13,55,8,afternoon,False,KRLS,Kurlasi,149,1068,791,76.3,3.985383333333333,0.0,0.0
12926,2026-08-27,KRLS,Kurlasi,149,0.0,76.3,1068,791,upcoming,upcoming,False,4,13,55,8,afternoon,False,GOH,Garot,150,1078,781,76.3,3.985383333333333,0.0,0.0
12926,2026-08-27,GOH,Garot,150,0.0,76.3,1078,781,upcoming,upcoming,False,4,13,55,8,afternoon,False,SGZ,Shamgarh,151,1088,771,41.5,3.985383333333333,14.0,14.0
12926,2026-08-27,SGZ,Shamgarh,151,13.0,41.5,1088,771,upcoming,upcoming,True,4,13,55,8,afternoon,False,SVA,Suwasra,152,1102,757,41.5,3.985383333333333,0.0,-13.0
12926,2026-08-27,SVA,Suwasra,152,0.0,41.5,1102,757,upcoming,upcoming,False,4,13,55,8,afternoon,False,NKH,Nathukheri,153,1107,752,41.5,3.985383333333333,0.0,0.0
12926,2026-08-27,NKH,Nathukheri,153,0.0,41.5,1107,752,upcoming,upcoming,False,4,13,55,8,afternoon,False,CMU,Chau Mahla,154,1117,742,41.5,3.985383333333333,0.0,0.0
12926,2026-08-27,CMU,Chau Mahla,154,0.0,41.5,1117,742,upcoming,upcoming,False,4,13,55,8,afternoon,False,TLZ,Talavli,155,1122,737,41.5,3.985383333333333,0.0,0.0
12926,2026-08-27,TLZ,Talavli,155,0.0,41.5,1122,737,upcoming,upcoming,False,4,13,55,8,afternoon,False,THUR,Thuria,156,1131,728,41.5,3.985383333333333,0.0,0.0
12926,2026-08-27,THUR,Thuria,156,0.0,41.5,1131,728,upcoming,upcoming,False,4,13,55,8,afternoon,False,VMA,Vikramgarh Alot,157,1140,719,41.5,3.985383333333333,0.0,0.0
12926,2026-08-27,VMA,Vikramgarh Alot,157,0.0,41.5,1140,719,upcoming,upcoming,False,4,13,55,8,afternoon,False,LNR,Luni Richha,158,1152,707,41.5,3.985383333333333,0.0,0.0
12926,2026-08-27,LNR,Luni Richha,158,0.0,41.5,1152,707,upcoming,upcoming,False,4,13,55,8,afternoon,False,MEP,Mahidpur Road,159,1163,696,41.5,3.985383333333333,0.0,0.0
12926,2026-08-27,MEP,Mahidpur Road,159,0.0,41.5,1163,696,upcoming,upcoming,False,4,13,55,8,afternoon,False,RLK,Rohal Khurd,160,1169,690,41.5,3.985383333333333,0.0,0.0
12926,2026-08-27,RLK,Rohal Khurd,160,0.0,41.5,1169,690,upcoming,upcoming,False,4,13,55,8,afternoon,False,NAD,Nagda Jn,161,1180,679,60.0,3.985383333333333,14.0,14.0
12926,2026-08-27,NAD,Nagda Jn,161,13.0,60.0,1180,679,upcoming,upcoming,True,4,13,55,8,afternoon,False,BRNA,Berawanya,162,1188,671,60.0,3.985383333333333,0.0,-13.0
12926,2026-08-27,BRNA,Berawanya,162,0.0,60.0,1188,671,upcoming,upcoming,False,4,13,55,8,afternoon,False,KUH,Khachrod,163,1193,666,56.0,3.985383333333333,14.0,14.0
12926,2026-08-27,KUH,Khachrod,163,13.0,56.0,1193,666,upcoming,upcoming,True,4,13,55,8,afternoon,False,RNH,Runkhera,164,1204,655,56.0,3.985383333333333,0.0,-13.0
12926,2026-08-27,RNH,Runkhera,164,0.0,56.0,1204,655,upcoming,upcoming,False,4,13,55,8,afternoon,False,BOD,Bangrod,165,1211,648,56.0,3.985383333333333,0.0,0.0
12926,2026-08-27,BOD,Bangrod,165,0.0,56.0,1211,648,upcoming,upcoming,False,4,13,55,8,afternoon,False,RTME,Ratlam East Cabin,166,1218,641,56.0,3.985383333333333,0.0,0.0
12926,2026-08-27,RTME,Ratlam East Cabin,166,0.0,56.0,1218,641,upcoming,upcoming,False,4,13,55,8,afternoon,False,RTM,Ratlam Jn,167,1221,638,76.2,3.985383333333333,14.0,14.0
12926,2026-08-27,RTM,Ratlam Jn,167,13.0,76.2,1221,638,upcoming,upcoming,True,4,13,55,8,afternoon,False,RTD,Ratlam A Cabin,168,1222,637,76.2,3.985383333333333,0.0,-13.0
12926,2026-08-27,RTD,Ratlam A Cabin,168,0.0,76.2,1222,637,upcoming,upcoming,False,4,13,55,8,afternoon,False,MRN,Morwani,169,1232,627,76.2,3.985383333333333,0.0,0.0
12926,2026-08-27,MRN,Morwani,169,0.0,76.2,1232,627,upcoming,upcoming,False,4,13,55,8,afternoon,False,BILD,Bildi,170,1241,618,76.2,3.985383333333333,0.0,0.0
12926,2026-08-27,BILD,Bildi,170,0.0,76.2,1241,618,upcoming,upcoming,False,4,13,55,8,afternoon,False,RTI,Raoti,171,1248,611,76.2,3.985383333333333,0.0,0.0
12926,2026-08-27,RTI,Raoti,171,0.0,76.2,1248,611,upcoming,upcoming,False,4,13,55,8,afternoon,False,BOG,Bhairongarh,172,1260,599,76.2,3.985383333333333,0.0,0.0
12926,2026-08-27,BOG,Bhairongarh,172,0.0,76.2,1260,599,upcoming,upcoming,False,4,13,55,8,afternoon,False,BMI,Bamnia,173,1266,593,76.2,3.985383333333333,0.0,0.0
12926,2026-08-27,BMI,Bamnia,173,0.0,76.2,1266,593,upcoming,upcoming,False,4,13,55,8,afternoon,False,AGR,Amargarh,174,1270,589,76.2,3.985383333333333,0.0,0.0
12926,2026-08-27,AGR,Amargarh,174,0.0,76.2,1270,589,upcoming,upcoming,False,4,13,55,8,afternoon,False,PCN,Panch Piplia,175,1279,580,76.2,3.985383333333333,0.0,0.0
12926,2026-08-27,PCN,Panch Piplia,175,0.0,76.2,1279,580,upcoming,upcoming,False,4,13,55,8,afternoon,False,BJG,Bajrangarh,176,1286,573,76.2,3.985383333333333,0.0,0.0
12926,2026-08-27,BJG,Bajrangarh,176,0.0,76.2,1286,573,upcoming,upcoming,False,4,13,55,8,afternoon,False,THDR,Thandla Road,177,1293,566,76.2,3.985383333333333,0.0,0.0
12926,2026-08-27,THDR,Thandla Road,177,0.0,76.2,1293,566,upcoming,upcoming,False,4,13,55,8,afternoon,False,MGN,Meghnagar,178,1301,558,82.5,3.985383333333333,14.0,14.0
12926,2026-08-27,MGN,Meghnagar,178,13.0,82.5,1301,558,upcoming,upcoming,True,4,13,55,8,afternoon,False,ANAS,Anas,179,1316,543,82.5,3.985383333333333,0.0,-13.0
12926,2026-08-27,ANAS,Anas,179,0.0,82.5,1316,543,upcoming,upcoming,False,4,13,55,8,afternoon,False,BIO,Bordi,180,1324,535,82.5,3.985383333333333,0.0,0.0
12926,2026-08-27,BIO,Bordi,180,0.0,82.5,1324,535,upcoming,upcoming,False,4,13,55,8,afternoon,False,DHD,Dahod,181,1334,525,62.6,3.985383333333333,14.0,14.0
12926,2026-08-27,DHD,Dahod,181,13.0,62.6,1334,525,upcoming,upcoming,True,4,13,55,8,afternoon,False,RET,Rentia,182,1339,520,62.6,3.985383333333333,0.0,-13.0
12926,2026-08-27,RET,Rentia,182,0.0,62.6,1339,520,upcoming,upcoming,False,4,13,55,8,afternoon,False,JKT,Jekot,183,1345,514,62.6,3.985383333333333,0.0,0.0
12926,2026-08-27,JKT,Jekot,183,0.0,62.6,1345,514,upcoming,upcoming,False,4,13,55,8,afternoon,False,USRA,Usra,184,1352,507,62.6,3.985383333333333,0.0,0.0
12926,2026-08-27,USRA,Usra,184,0.0,62.6,1352,507,upcoming,upcoming,False,4,13,55,8,afternoon,False,MAM,Mangal Mahudi,185,1357,502,62.6,3.985383333333333,0.0,0.0
12926,2026-08-27,MAM,Mangal Mahudi,185,0.0,62.6,1357,502,upcoming,upcoming,False,4,13,55,8,afternoon,False,LMK,Limkheda,186,1366,493,62.6,3.985383333333333,0.0,0.0
12926,2026-08-27,LMK,Limkheda,186,0.0,62.6,1366,493,upcoming,upcoming,False,4,13,55,8,afternoon,False,PPD,Piplod Jn,187,1374,485,62.6,3.985383333333333,0.0,0.0
12926,2026-08-27,PPD,Piplod Jn,187,0.0,62.6,1374,485,upcoming,upcoming,False,4,13,55,8,afternoon,False,SAT,Sant Road,188,1386,473,62.6,3.985383333333333,0.0,0.0
12926,2026-08-27,SAT,Sant Road,188,0.0,62.6,1386,473,upcoming,upcoming,False,4,13,55,8,afternoon,False,CCL,Chanchelav,189,1394,465,62.6,3.985383333333333,0.0,0.0
12926,2026-08-27,CCL,Chanchelav,189,0.0,62.6,1394,465,upcoming,upcoming,False,4,13,55,8,afternoon,False,KIZ,Kansudhi,190,1401,458,62.6,3.985383333333333,0.0,0.0
12926,2026-08-27,KIZ,Kansudhi,190,0.0,62.6,1401,458,upcoming,upcoming,False,4,13,55,8,afternoon,False,GDA,Godhra Jn,191,1406,453,72.0,3.985383333333333,14.0,14.0
12926,2026-08-27,GDA,Godhra Jn,191,13.0,72.0,1406,453,upcoming,upcoming,True,4,13,55,8,afternoon,False,KRSA,Kharsaliya,192,1417,442,72.0,3.985383333333333,0.0,-13.0
12926,2026-08-27,KRSA,Kharsaliya,192,0.0,72.0,1417,442,upcoming,upcoming,False,4,13,55,8,afternoon,False,DRL,Derol,193,1429,430,72.0,3.985383333333333,0.0,0.0
12926,2026-08-27,DRL,Derol,193,0.0,72.0,1429,430,upcoming,upcoming,False,4,13,55,8,afternoon,False,BKRL,Bakrol,194,1436,423,72.0,3.985383333333333,0.0,0.0
12926,2026-08-27,BKRL,Bakrol,194,0.0,72.0,1436,423,upcoming,upcoming,False,4,13,55,8,afternoon,False,CPN,Champaner Road Jn,195,1442,417,72.0,3.985383333333333,0.0,0.0
12926,2026-08-27,CPN,Champaner Road Jn,195,0.0,72.0,1442,417,upcoming,upcoming,False,4,13,55,8,afternoon,False,LAN,Lotana,196,1448,411,72.0,3.985383333333333,0.0,0.0
12926,2026-08-27,LAN,Lotana,196,0.0,72.0,1448,411,upcoming,upcoming,False,4,13,55,8,afternoon,False,SMLA,Samlaya Jn,197,1453,406,72.0,3.985383333333333,0.0,0.0
12926,2026-08-27,SMLA,Samlaya Jn,197,0.0,72.0,1453,406,upcoming,upcoming,False,4,13,55,8,afternoon,False,AIR,Alindra Road,198,1459,400,72.0,3.985383333333333,0.0,0.0
12926,2026-08-27,AIR,Alindra Road,198,0.0,72.0,1459,400,upcoming,upcoming,False,4,13,55,8,afternoon,False,PIO,Pilol,199,1465,394,72.0,3.985383333333333,0.0,0.0
12926,2026-08-27,PIO,Pilol,199,0.0,72.0,1465,394,upcoming,upcoming,False,4,13,55,8,afternoon,False,CYI,Chhayapuri,200,1472,387,72.0,3.985383333333333,0.0,0.0
12926,2026-08-27,CYI,Chhayapuri,200,0.0,72.0,1472,387,upcoming,upcoming,False,4,13,55,8,afternoon,False,BRCY,Vadodara Marshalling,201,1476,383,72.0,3.985383333333333,0.0,0.0
12926,2026-08-27,BRCY,Vadodara Marshalling,201,0.0,72.0,1476,383,upcoming,upcoming,False,4,13,55,8,afternoon,False,BRC,Vadodara Jn,202,1478,381,80.4,3.985383333333333,14.0,14.0
12926,2026-08-27,BRC,Vadodara Jn,202,13.0,80.4,1478,381,upcoming,upcoming,True,4,13,55,8,afternoon,False,VS,Vishvamitri Jn,203,1481,378,80.4,3.985383333333333,0.0,-13.0
12926,2026-08-27,VS,Vishvamitri Jn,203,0.0,80.4,1481,378,upcoming,upcoming,False,4,13,55,8,afternoon,False,MPR,Makar Pura,204,1487,372,80.4,3.985383333333333,0.0,0.0
12926,2026-08-27,MPR,Makar Pura,204,0.0,80.4,1487,372,upcoming,upcoming,False,4,13,55,8,afternoon,False,VRM,Varnama,205,1492,367,80.4,3.985383333333333,0.0,0.0
12926,2026-08-27,VRM,Varnama,205,0.0,80.4,1492,367,upcoming,upcoming,False,4,13,55,8,afternoon,False,ITA,Itola,206,1496,363,80.4,3.985383333333333,0.0,0.0
12926,2026-08-27,ITA,Itola,206,0.0,80.4,1496,363,upcoming,upcoming,False,4,13,55,8,afternoon,False,KSPR,Kashipura Sarar,207,1500,359,80.4,3.985383333333333,0.0,0.0
12926,2026-08-27,KSPR,Kashipura Sarar,207,0.0,80.4,1500,359,upcoming,upcoming,False,4,13,55,8,afternoon,False,MYG,Miyagam Karjan,208,1508,351,80.4,3.985383333333333,0.0,0.0
12926,2026-08-27,MYG,Miyagam Karjan,208,0.0,80.4,1508,351,upcoming,upcoming,False,4,13,55,8,afternoon,False,LKD,Lakodara,209,1516,343,80.4,3.985383333333333,0.0,0.0
12926,2026-08-27,LKD,Lakodara,209,0.0,80.4,1516,343,upcoming,upcoming,False,4,13,55,8,afternoon,False,PLJ,Palej,210,1523,336,80.4,3.985383333333333,0.0,0.0
12926,2026-08-27,PLJ,Palej,210,0.0,80.4,1523,336,upcoming,upcoming,False,4,13,55,8,afternoon,False,VRE,Varediya,211,1530,329,80.4,3.985383333333333,0.0,0.0
12926,2026-08-27,VRE,Varediya,211,0.0,80.4,1530,329,upcoming,upcoming,False,4,13,55,8,afternoon,False,NIU,Nabipur,212,1537,322,80.4,3.985383333333333,0.0,0.0
12926,2026-08-27,NIU,Nabipur,212,0.0,80.4,1537,322,upcoming,upcoming,False,4,13,55,8,afternoon,False,CVJ,Chavaj,213,1543,316,80.4,3.985383333333333,0.0,0.0
12926,2026-08-27,CVJ,Chavaj,213,0.0,80.4,1543,316,upcoming,upcoming,False,4,13,55,8,afternoon,False,BH,Bharuch Jn,214,1549,310,52.8,3.985383333333333,14.0,14.0
12926,2026-08-27,BH,Bharuch Jn,214,13.0,52.8,1549,310,upcoming,upcoming,True,4,13,55,8,afternoon,False,AKV,Ankleshwar Jn,215,1558,301,52.8,3.985383333333333,0.0,-13.0
12926,2026-08-27,AKV,Ankleshwar Jn,215,0.0,52.8,1558,301,upcoming,upcoming,False,4,13,55,8,afternoon,False,SNJL,Sanjali,216,1564,295,52.8,3.985383333333333,0.0,0.0
12926,2026-08-27,SNJL,Sanjali,216,0.0,52.8,1564,295,upcoming,upcoming,False,4,13,55,8,afternoon,False,PAO,Panoli,217,1568,291,52.8,3.985383333333333,0.0,0.0
12926,2026-08-27,PAO,Panoli,217,0.0,52.8,1568,291,upcoming,upcoming,False,4,13,55,8,afternoon,False,HAT,Hathuran,218,1572,287,52.8,3.985383333333333,0.0,0.0
12926,2026-08-27,HAT,Hathuran,218,0.0,52.8,1572,287,upcoming,upcoming,False,4,13,55,8,afternoon,False,KSB,Kosamba Jn,219,1576,283,52.8,3.985383333333333,0.0,0.0
12926,2026-08-27,KSB,Kosamba Jn,219,0.0,52.8,1576,283,upcoming,upcoming,False,4,13,55,8,afternoon,False,KIM,Kim,220,1584,275,52.8,3.985383333333333,0.0,0.0
12926,2026-08-27,KIM,Kim,220,0.0,52.8,1584,275,upcoming,upcoming,False,4,13,55,8,afternoon,False,KDSD,Kudsad,221,1587,272,52.8,3.985383333333333,0.0,0.0
12926,2026-08-27,KDSD,Kudsad,221,0.0,52.8,1587,272,upcoming,upcoming,False,4,13,55,8,afternoon,False,SYN,Sayan,222,1594,265,52.8,3.985383333333333,0.0,0.0
12926,2026-08-27,SYN,Sayan,222,0.0,52.8,1594,265,upcoming,upcoming,False,4,13,55,8,afternoon,False,GTX,Gothangam,223,1597,262,52.8,3.985383333333333,0.0,0.0
12926,2026-08-27,GTX,Gothangam,223,0.0,52.8,1597,262,upcoming,upcoming,False,4,13,55,8,afternoon,False,KSE,Kosad,224,1601,258,52.8,3.985383333333333,0.0,0.0
12926,2026-08-27,KSE,Kosad,224,0.0,52.8,1601,258,upcoming,upcoming,False,4,13,55,8,afternoon,False,URN,Utran,225,1604,255,52.8,3.985383333333333,0.0,0.0
12926,2026-08-27,URN,Utran,225,0.0,52.8,1604,255,upcoming,upcoming,False,4,13,55,8,afternoon,False,ST,Surat,226,1608,251,91.6,3.985383333333333,14.0,14.0
12926,2026-08-27,ST,Surat,226,13.0,91.6,1608,251,upcoming,upcoming,True,4,13,55,8,afternoon,False,UDN,Udhna Jn,227,1612,247,91.6,3.985383333333333,0.0,-13.0
12926,2026-08-27,UDN,Udhna Jn,227,0.0,91.6,1612,247,upcoming,upcoming,False,4,13,55,8,afternoon,False,BHET,Bhestan,228,1617,242,91.6,3.985383333333333,0.0,0.0
12926,2026-08-27,BHET,Bhestan,228,0.0,91.6,1617,242,upcoming,upcoming,False,4,13,55,8,afternoon,False,SCH,Sachin,229,1622,237,91.6,3.985383333333333,0.0,0.0
12926,2026-08-27,SCH,Sachin,229,0.0,91.6,1622,237,upcoming,upcoming,False,4,13,55,8,afternoon,False,MRL,Maroli,230,1629,230,91.6,3.985383333333333,0.0,0.0
12926,2026-08-27,MRL,Maroli,230,0.0,91.6,1629,230,upcoming,upcoming,False,4,13,55,8,afternoon,False,NVS,Navsari,231,1637,222,70.9,3.985383333333333,14.0,14.0
12926,2026-08-27,NVS,Navsari,231,13.0,70.9,1637,222,upcoming,upcoming,True,4,13,55,8,afternoon,False,GNST,Gandhi Smriti,232,1640,219,70.9,3.985383333333333,0.0,-13.0
12926,2026-08-27,GNST,Gandhi Smriti,232,0.0,70.9,1640,219,upcoming,upcoming,False,4,13,55,8,afternoon,False,HXR,Hansapore,233,1643,216,70.9,3.985383333333333,0.0,0.0
12926,2026-08-27,HXR,Hansapore,233,0.0,70.9,1643,216,upcoming,upcoming,False,4,13,55,8,afternoon,False,VDH,Vedchha,234,1646,213,70.9,3.985383333333333,0.0,0.0
12926,2026-08-27,VDH,Vedchha,234,0.0,70.9,1646,213,upcoming,upcoming,False,4,13,55,8,afternoon,False,ACL,Ancheli,235,1649,210,70.9,3.985383333333333,0.0,0.0
12926,2026-08-27,ACL,Ancheli,235,0.0,70.9,1649,210,upcoming,upcoming,False,4,13,55,8,afternoon,False,AML,Amalsad,236,1653,206,70.9,3.985383333333333,0.0,0.0
12926,2026-08-27,AML,Amalsad,236,0.0,70.9,1653,206,upcoming,upcoming,False,4,13,55,8,afternoon,False,BIM,Bilimora Jn,237,1658,201,70.9,3.985383333333333,0.0,0.0
12926,2026-08-27,BIM,Bilimora Jn,237,0.0,70.9,1658,201,upcoming,upcoming,False,4,13,55,8,afternoon,False,JRS,Joravasan,238,1662,197,70.9,3.985383333333333,0.0,0.0
12926,2026-08-27,JRS,Joravasan,238,0.0,70.9,1662,197,upcoming,upcoming,False,4,13,55,8,afternoon,False,DGI,Dungri,239,1667,192,70.9,3.985383333333333,0.0,0.0
12926,2026-08-27,DGI,Dungri,239,0.0,70.9,1667,192,upcoming,upcoming,False,4,13,55,8,afternoon,False,BL,Valsad,240,1676,183,86.7,3.985383333333333,14.0,14.0
12926,2026-08-27,BL,Valsad,240,13.0,86.7,1676,183,upcoming,upcoming,True,4,13,55,8,afternoon,False,ATUL,Atul,241,1683,176,86.7,3.985383333333333,0.0,-13.0
12926,2026-08-27,ATUL,Atul,241,0.0,86.7,1683,176,upcoming,upcoming,False,4,13,55,8,afternoon,False,PAD,Pardi,242,1687,172,86.7,3.985383333333333,0.0,0.0
12926,2026-08-27,PAD,Pardi,242,0.0,86.7,1687,172,upcoming,upcoming,False,4,13,55,8,afternoon,False,UVD,Udvada,243,1692,167,86.7,3.985383333333333,0.0,0.0
12926,2026-08-27,UVD,Udvada,243,0.0,86.7,1692,167,upcoming,upcoming,False,4,13,55,8,afternoon,False,BAGD,Bagwada,244,1696,163,86.7,3.985383333333333,0.0,0.0
12926,2026-08-27,BAGD,Bagwada,244,0.0,86.7,1696,163,upcoming,upcoming,False,4,13,55,8,afternoon,False,VAPI,Vapi,245,1702,157,105.0,3.985383333333333,14.0,14.0
12926,2026-08-27,VAPI,Vapi,245,13.0,105.0,1702,157,upcoming,upcoming,True,4,13,55,8,afternoon,False,KEB,Karambeli,246,1709,150,105.0,3.985383333333333,0.0,-13.0
12926,2026-08-27,KEB,Karambeli,246,0.0,105.0,1709,150,upcoming,upcoming,False,4,13,55,8,afternoon,False,BLD,Bhilad,247,1714,145,105.0,3.985383333333333,0.0,0.0
12926,2026-08-27,BLD,Bhilad,247,0.0,105.0,1714,145,upcoming,upcoming,False,4,13,55,8,afternoon,False,SJN,Sanjan,248,1725,134,105.0,3.985383333333333,0.0,0.0
12926,2026-08-27,SJN,Sanjan,248,0.0,105.0,1725,134,upcoming,upcoming,False,4,13,55,8,afternoon,False,UBR,Umbargam Road,249,1731,128,105.0,3.985383333333333,0.0,0.0
12926,2026-08-27,UBR,Umbargam Road,249,0.0,105.0,1731,128,upcoming,upcoming,False,4,13,55,8,afternoon,False,BRRD,Bordi Road,250,1735,124,105.0,3.985383333333333,0.0,0.0
12926,2026-08-27,BRRD,Bordi Road,250,0.0,105.0,1735,124,upcoming,upcoming,False,4,13,55,8,afternoon,False,GVD,Gholvad,251,1740,119,105.0,3.985383333333333,0.0,0.0
12926,2026-08-27,GVD,Gholvad,251,0.0,105.0,1740,119,upcoming,upcoming,False,4,13,55,8,afternoon,False,DRD,Dahanu Road,252,1751,108,69.2,3.985383333333333,14.0,14.0
12926,2026-08-27,DRD,Dahanu Road,252,13.0,69.2,1751,108,upcoming,upcoming,True,4,13,55,8,afternoon,False,VGN,Vangaon,253,1763,96,69.2,3.985383333333333,0.0,-13.0
12926,2026-08-27,VGN,Vangaon,253,0.0,69.2,1763,96,upcoming,upcoming,False,4,13,55,8,afternoon,False,BOR,Boisar,254,1772,87,69.2,3.985383333333333,0.0,0.0
12926,2026-08-27,BOR,Boisar,254,0.0,69.2,1772,87,upcoming,upcoming,False,4,13,55,8,afternoon,False,UOI,Umroli,255,1777,82,69.2,3.985383333333333,0.0,0.0
12926,2026-08-27,UOI,Umroli,255,0.0,69.2,1777,82,upcoming,upcoming,False,4,13,55,8,afternoon,False,PLG,Palghar,256,1784,75,69.2,3.985383333333333,0.0,0.0
12926,2026-08-27,PLG,Palghar,256,0.0,69.2,1784,75,upcoming,upcoming,False,4,13,55,8,afternoon,False,KLV,Kelva Road,257,1792,67,69.2,3.985383333333333,0.0,0.0
12926,2026-08-27,KLV,Kelva Road,257,0.0,69.2,1792,67,upcoming,upcoming,False,4,13,55,8,afternoon,False,SAH,Saphale,258,1798,61,69.2,3.985383333333333,0.0,0.0
12926,2026-08-27,SAH,Saphale,258,0.0,69.2,1798,61,upcoming,upcoming,False,4,13,55,8,afternoon,False,VTN,Vaitarna,259,1806,53,69.2,3.985383333333333,0.0,0.0
12926,2026-08-27,VTN,Vaitarna,259,0.0,69.2,1806,53,upcoming,upcoming,False,4,13,55,8,afternoon,False,VR,Virar,260,1815,44,69.2,3.985383333333333,0.0,0.0
12926,2026-08-27,VR,Virar,260,0.0,69.2,1815,44,upcoming,upcoming,False,4,13,55,8,afternoon,False,NSP,Nalla Sopara,261,1819,40,69.2,3.985383333333333,0.0,0.0
12926,2026-08-27,NSP,Nalla Sopara,261,0.0,69.2,1819,40,upcoming,upcoming,False,4,13,55,8,afternoon,False,BSR,Vasai Road,262,1823,36,69.2,3.985383333333333,0.0,0.0
12926,2026-08-27,BSR,Vasai Road,262,0.0,69.2,1823,36,upcoming,upcoming,False,4,13,55,8,afternoon,False,NIG,Naigaon,263,1827,32,69.2,3.985383333333333,0.0,0.0
12926,2026-08-27,NIG,Naigaon,263,0.0,69.2,1827,32,upcoming,upcoming,False,4,13,55,8,afternoon,False,BYR,Bhayandar,264,1832,27,69.2,3.985383333333333,0.0,0.0
12926,2026-08-27,BYR,Bhayandar,264,0.0,69.2,1832,27,upcoming,upcoming,False,4,13,55,8,afternoon,False,MIRA,Mira Road,265,1835,24,69.2,3.985383333333333,0.0,0.0
12926,2026-08-27,MIRA,Mira Road,265,0.0,69.2,1835,24,upcoming,upcoming,False,4,13,55,8,afternoon,False,DIC,Dahisar,266,1838,21,69.2,3.985383333333333,0.0,0.0
12926,2026-08-27,DIC,Dahisar,266,0.0,69.2,1838,21,upcoming,upcoming,False,4,13,55,8,afternoon,False,BVI,Borivali,267,1841,18,18.0,3.985383333333333,14.0,14.0
12926,2026-08-27,BVI,Borivali,267,13.0,18.0,1841,18,upcoming,upcoming,True,4,13,55,8,afternoon,False,KILE,Kandivli,268,1843,16,18.0,3.985383333333333,0.0,-13.0
12926,2026-08-27,KILE,Kandivli,268,0.0,18.0,1843,16,upcoming,upcoming,False,4,13,55,8,afternoon,False,MDD,Malad,269,1845,14,18.0,3.985383333333333,0.0,0.0
12926,2026-08-27,MDD,Malad,269,0.0,18.0,1845,14,upcoming,upcoming,False,4,13,55,8,afternoon,False,GMN,Goregaon,270,1848,11,18.0,3.985383333333333,0.0,0.0
12926,2026-08-27,GMN,Goregaon,270,0.0,18.0,1848,11,upcoming,upcoming,False,4,13,55,8,afternoon,False,RMAR,Ram Mandir,271,1849,10,18.0,3.985383333333333,0.0,0.0
12926,2026-08-27,RMAR,Ram Mandir,271,0.0,18.0,1849,10,upcoming,upcoming,False,4,13,55,8,afternoon,False,JOS,Jogeshvari,272,1851,8,18.0,3.985383333333333,0.0,0.0
12926,2026-08-27,JOS,Jogeshvari,272,0.0,18.0,1851,8,upcoming,upcoming,False,4,13,55,8,afternoon,False,ADH,Andheri,273,1853,6,18.0,3.985383333333333,0.0,0.0
12926,2026-08-27,ADH,Andheri,273,0.0,18.0,1853,6,upcoming,upcoming,False,4,13,55,8,afternoon,False,VLP,Ville Parle,274,1855,4,18.0,3.985383333333333,0.0,0.0
12926,2026-08-27,VLP,Ville Parle,274,0.0,18.0,1855,4,upcoming,upcoming,False,4,13,55,8,afternoon,False,STC,Santa Cruz,275,1857,2,18.0,3.985383333333333,0.0,0.0
12926,2026-08-27,STC,Santa Cruz,275,0.0,18.0,1857,2,upcoming,upcoming,False,4,13,55,8,afternoon,False,BDTS,Bandra Terminus,276,1859,0,0.0,3.985383333333333,14.0,14.0
12926,2026-08-27,ASR,Amritsar,1,7.0,90.0,0,1859,departed,departed,True,4,13,59,8,afternoon,False,BEAS,Beas,7,42,1817,60.0,42.08238333333334,4.0,-3.0
12926,2026-08-27,MOW,Mananwala,2,0.0,90.0,10,1849,departed,departed,False,4,13,59,8,afternoon,False,BEAS,Beas,7,42,1817,60.0,42.08238333333334,4.0,4.0
12926,2026-08-27,JNL,Jandiala,3,0.0,90.0,19,1840,departed,departed,False,4,13,59,8,afternoon,False,BEAS,Beas,7,42,1817,60.0,42.08238333333334,4.0,4.0
12926,2026-08-27,TRA,Tangra,4,0.0,90.0,25,1834,departed,departed,False,4,13,59,8,afternoon,False,BEAS,Beas,7,42,1817,60.0,42.08238333333334,4.0,4.0
12926,2026-08-27,BTR,Butari,5,0.0,90.0,31,1828,departed,departed,False,4,13,59,8,afternoon,False,BEAS,Beas,7,42,1817,60.0,42.08238333333334,4.0,4.0
12926,2026-08-27,BBKR,Baba Bakalaraya,6,0.0,90.0,37,1822,departed,departed,False,4,13,59,8,afternoon,False,BEAS,Beas,7,42,1817,60.0,42.08238333333334,4.0,4.0
12926,2026-08-27,BEAS,Beas,7,4.0,60.0,42,1817,departed,departed,True,4,13,59,8,afternoon,False,JUC,Jalandhar City,12,79,1780,30.0,42.08238333333334,0.0,-4.0
12926,2026-08-27,DIW,Dhilwan,8,0.0,60.0,46,1813,departed,departed,False,4,13,59,8,afternoon,False,JUC,Jalandhar City,12,79,1780,30.0,42.08238333333334,0.0,0.0
12926,2026-08-27,HMR,Hamira,9,0.0,60.0,58,1801,departed,departed,False,4,13,59,8,afternoon,False,JUC,Jalandhar City,12,79,1780,30.0,42.08238333333334,0.0,0.0
12926,2026-08-27,KRE,Kartarpur,10,0.0,60.0,64,1795,departed,departed,False,4,13,59,8,afternoon,False,JUC,Jalandhar City,12,79,1780,30.0,42.08238333333334,0.0,0.0
12926,2026-08-27,SRX,Sura Nussi,11,0.0,60.0,71,1788,departed,departed,False,4,13,59,8,afternoon,False,JUC,Jalandhar City,12,79,1780,30.0,42.08238333333334,0.0,0.0
12926,2026-08-27,JUC,Jalandhar City,12,0.0,30.0,79,1780,departed,departed,True,4,13,59,8,afternoon,False,JRC,Jalandhar Cantt,13,83,1776,85.0,42.08238333333334,27.0,27.0
12926,2026-08-27,JRC,Jalandhar Cantt,13,27.0,85.0,83,1776,departed,departed,True,4,13,59,8,afternoon,False,PGW,Phagwara Jn,15,100,1759,61.8,42.08238333333334,29.0,2.0
12926,2026-08-27,CEU,Chiheru,14,0.0,85.0,92,1767,departed,departed,False,4,13,59,8,afternoon,False,PGW,Phagwara Jn,15,100,1759,61.8,42.08238333333334,29.0,29.0
12926,2026-08-27,PGW,Phagwara Jn,15,29.0,61.8,100,1759,departed,departed,True,4,13,59,8,afternoon,False,PHR,Phillaur Jn,19,122,1737,61.8,42.08238333333334,26.0,-3.0
12926,2026-08-27,MAUL,Mauli Block Hut,16,0.0,61.8,105,1754,departed,departed,False,4,13,59,8,afternoon,False,PHR,Phillaur Jn,19,122,1737,61.8,42.08238333333334,26.0,26.0
12926,2026-08-27,GRY,Goraya,17,0.0,61.8,110,1749,departed,departed,False,4,13,59,8,afternoon,False,PHR,Phillaur Jn,19,122,1737,61.8,42.08238333333334,26.0,26.0
12926,2026-08-27,BTTN,Bhatian,18,0.0,61.8,115,1744,departed,departed,False,4,13,59,8,afternoon,False,PHR,Phillaur Jn,19,122,1737,61.8,42.08238333333334,26.0,26.0
12926,2026-08-27,PHR,Phillaur Jn,19,0.0,61.8,122,1737,departed,departed,False,4,13,59,8,afternoon,False,LDH,Ludhiana Jn,21,135,1724,49.6,42.08238333333334,22.0,22.0
12926,2026-08-27,LDW,Ladhowal,20,0.0,61.8,127,1732,departed,departed,False,4,13,59,8,afternoon,False,LDH,Ludhiana Jn,21,135,1724,49.6,42.08238333333334,22.0,22.0
12926,2026-08-27,LDH,Ludhiana Jn,21,22.0,49.6,135,1724,departed,departed,True,4,13,59,8,afternoon,False,DDL,Dhandari Kalan,23,143,1716,49.6,42.08238333333334,25.0,3.0
12926,2026-08-27,BHOI,Dhandarikalan Block Hut (Bhoi),22,0.0,49.6,138,1721,departed,departed,False,4,13,59,8,afternoon,False,DDL,Dhandari Kalan,23,143,1716,49.6,42.08238333333334,25.0,25.0
12926,2026-08-27,DDL,Dhandari Kalan,23,0.0,49.6,143,1716,departed,departed,False,4,13,59,8,afternoon,False,SASN,SAS Nagar Mohali,31,235,1624,26.7,42.08238333333334,0.0,0.0
12926,2026-08-27,SNL,Sanahwal,24,0.0,49.6,151,1708,departed,departed,False,4,13,59,8,afternoon,False,SASN,SAS Nagar Mohali,31,235,1624,26.7,42.08238333333334,0.0,0.0
12926,2026-08-27,LLKN,Lal Kalan,25,0.0,49.6,163,1696,departed,departed,False,4,13,59,8,afternoon,False,SASN,SAS Nagar Mohali,31,235,1624,26.7,42.08238333333334,0.0,0.0
12926,2026-08-27,SMRL,Samarala,26,0.0,49.6,171,1688,departed,departed,False,4,13,59,8,afternoon,False,SASN,SAS Nagar Mohali,31,235,1624,26.7,42.08238333333334,0.0,0.0
12926,2026-08-27,KMNN,Khamanon,27,0.0,49.6,185,1674,departed,departed,False,4,13,59,8,afternoon,False,SASN,SAS Nagar Mohali,31,235,1624,26.7,42.08238333333334,0.0,0.0
12926,2026-08-27,NMDA,New Morinda,28,0.0,49.6,203,1656,departed,departed,False,4,13,59,8,afternoon,False,SASN,SAS Nagar Mohali,31,235,1624,26.7,42.08238333333334,0.0,0.0
12926,2026-08-27,JNCV,Morinda Jn Cabin,29,0.0,49.6,204,1655,departed,departed,False,4,13,59,8,afternoon,False,SASN,SAS Nagar Mohali,31,235,1624,26.7,42.08238333333334,0.0,0.0
12926,2026-08-27,KARR,Kharar,30,0.0,49.6,219,1640,departed,departed,False,4,13,59,8,afternoon,False,SASN,SAS Nagar Mohali,31,235,1624,26.7,42.08238333333334,0.0,0.0
12926,2026-08-27,GHG,Ghagghar,33,0.0,67.5,258,1601,departed,departed,False,4,13,59,8,afternoon,False,UMB,Ambala Cantt Jn,37,292,1567,84.8,42.08238333333334,2.0,2.0
12926,2026-08-27,DHPR,Dappar,34,0.0,67.5,269,1590,departed,departed,False,4,13,59,8,afternoon,False,UMB,Ambala Cantt Jn,37,292,1567,84.8,42.08238333333334,2.0,2.0
12926,2026-08-27,LLU,Lalru,35,0.0,67.5,273,1586,departed,departed,False,4,13,59,8,afternoon,False,UMB,Ambala Cantt Jn,37,292,1567,84.8,42.08238333333334,2.0,2.0
12926,2026-08-27,DKT,Dhulkot,36,0.0,67.5,283,1576,departed,departed,False,4,13,59,8,afternoon,False,UMB,Ambala Cantt Jn,37,292,1567,84.8,42.08238333333334,2.0,2.0
12926,2026-08-27,UMB,Ambala Cantt Jn,37,2.0,84.8,292,1567,departed,departed,True,4,13,59,8,afternoon,False,KKDE,Kurukshetra Jn,43,333,1526,86.1,42.08238333333334,4.0,2.0
12926,2026-08-27,MOY,Mohri,38,0.0,84.8,301,1558,departed,departed,False,4,13,59,8,afternoon,False,KKDE,Kurukshetra Jn,43,333,1526,86.1,42.08238333333334,4.0,4.0
12926,2026-08-27,SHDM,Shahbad Marknda,39,0.0,84.8,311,1548,departed,departed,False,4,13,59,8,afternoon,False,KKDE,Kurukshetra Jn,43,333,1526,86.1,42.08238333333334,4.0,4.0
12926,2026-08-27,DHMZ,Dhola Mazra,40,0.0,84.8,317,1542,departed,departed,False,4,13,59,8,afternoon,False,KKDE,Kurukshetra Jn,43,333,1526,86.1,42.08238333333334,4.0,4.0
12926,2026-08-27,DPP,Dhirpur,41,0.0,84.8,322,1537,departed,departed,False,4,13,59,8,afternoon,False,KKDE,Kurukshetra Jn,43,333,1526,86.1,42.08238333333334,4.0,4.0
12926,2026-08-27,DHKR,Dhoda Khedi,42,0.0,84.8,328,1531,departed,departed,False,4,13,59,8,afternoon,False,KKDE,Kurukshetra Jn,43,333,1526,86.1,42.08238333333334,4.0,4.0
12926,2026-08-27,KKDE,Kurukshetra Jn,43,4.0,86.1,333,1526,departed,departed,True,4,13,59,8,afternoon,False,KUN,Karnal,48,366,1493,95.5,42.08238333333334,6.0,2.0
12926,2026-08-27,AMIN,Amin,44,0.0,86.1,342,1517,departed,departed,False,4,13,59,8,afternoon,False,KUN,Karnal,48,366,1493,95.5,42.08238333333334,6.0,6.0
12926,2026-08-27,NLKR,Nilokheri,45,0.0,86.1,350,1509,departed,departed,False,4,13,59,8,afternoon,False,KUN,Karnal,48,366,1493,95.5,42.08238333333334,6.0,6.0
12926,2026-08-27,TRR,Taraori,46,0.0,86.1,354,1505,departed,departed,False,4,13,59,8,afternoon,False,KUN,Karnal,48,366,1493,95.5,42.08238333333334,6.0,6.0
12926,2026-08-27,BZK,Bhaini Khurd,47,0.0,86.1,359,1500,departed,departed,False,4,13,59,8,afternoon,False,KUN,Karnal,48,366,1493,95.5,42.08238333333334,6.0,6.0
12926,2026-08-27,KUN,Karnal,48,6.0,95.5,366,1493,departed,departed,True,4,13,59,8,afternoon,False,BBDE,Babarpur,52,394,1465,95.5,42.08238333333334,14.0,8.0
12926,2026-08-27,BZJT,Bazida Jatan,49,0.0,95.5,376,1483,departed,departed,False,4,13,59,8,afternoon,False,BBDE,Babarpur,52,394,1465,95.5,42.08238333333334,14.0,14.0
12926,2026-08-27,GRA,Gharaunda,50,0.0,95.5,384,1475,departed,departed,False,4,13,59,8,afternoon,False,BBDE,Babarpur,52,394,1465,95.5,42.08238333333334,14.0,14.0
12926,2026-08-27,KFU,Kohand,51,0.0,95.5,389,1470,departed,departed,False,4,13,59,8,afternoon,False,BBDE,Babarpur,52,394,1465,95.5,42.08238333333334,14.0,14.0
12926,2026-08-27,BBDE,Babarpur,52,0.0,95.5,394,1465,departed,departed,False,4,13,59,8,afternoon,False,PNP,Panipat Jn,53,401,1458,96.4,42.08238333333334,14.0,14.0
12926,2026-08-27,PNP,Panipat Jn,53,14.0,96.4,401,1458,departed,departed,True,4,13,59,8,afternoon,False,BDMJ,Bhodwal Majri,56,424,1435,96.4,42.08238333333334,18.0,4.0
12926,2026-08-27,DWNA,Diwana,54,0.0,96.4,409,1450,departed,departed,False,4,13,59,8,afternoon,False,BDMJ,Bhodwal Majri,56,424,1435,96.4,42.08238333333334,18.0,18.0
12926,2026-08-27,SMK,Samalkha,55,0.0,96.4,417,1442,departed,departed,False,4,13,59,8,afternoon,False,BDMJ,Bhodwal Majri,56,424,1435,96.4,42.08238333333334,18.0,18.0
12926,2026-08-27,BDMJ,Bhodwal Majri,56,0.0,96.4,424,1435,departed,departed,False,4,13,59,8,afternoon,False,RUG,Rajlu Garhi,58,434,1425,96.4,42.08238333333334,15.0,15.0
12926,2026-08-27,GNU,Ganaur,57,0.0,96.4,430,1429,departed,departed,False,4,13,59,8,afternoon,False,RUG,Rajlu Garhi,58,434,1425,96.4,42.08238333333334,15.0,15.0
12926,2026-08-27,RUG,Rajlu Garhi,58,0.0,96.4,434,1425,departed,departed,False,4,13,59,8,afternoon,False,SLKN,Sandal Kalan,59,437,1422,96.4,42.08238333333334,15.0,15.0
12926,2026-08-27,SLKN,Sandal Kalan,59,0.0,96.4,437,1422,departed,departed,False,4,13,59,8,afternoon,False,SNP,Sonipat,60,446,1413,82.8,42.08238333333334,17.0,17.0
12926,2026-08-27,SNP,Sonipat,60,17.0,82.8,446,1413,departed,departed,True,4,13,59,8,afternoon,False,HNN,Harana Kalan,61,451,1408,82.8,42.08238333333334,27.0,10.0
12926,2026-08-27,HNN,Harana Kalan,61,0.0,82.8,451,1408,departed,departed,False,4,13,59,8,afternoon,False,RDDE,Rathdhana,62,456,1403,82.8,42.08238333333334,26.0,26.0
12926,2026-08-27,RDDE,Rathdhana,62,0.0,82.8,456,1403,departed,departed,False,4,13,59,8,afternoon,False,NUR,Narela,63,463,1396,82.8,42.08238333333334,27.0,27.0
12926,2026-08-27,NUR,Narela,63,0.0,82.8,463,1396,departed,departed,False,4,13,59,8,afternoon,False,KHKN,Khera Kalan,65,472,1387,82.8,42.08238333333334,27.0,27.0
12926,2026-08-27,HUK,Holambi Kalan,64,0.0,82.8,468,1391,departed,departed,False,4,13,59,8,afternoon,False,KHKN,Khera Kalan,65,472,1387,82.8,42.08238333333334,27.0,27.0
12926,2026-08-27,KHKN,Khera Kalan,65,0.0,82.8,472,1387,departed,departed,False,4,13,59,8,afternoon,False,ANDI,Adarsh Nagar Delhi,67,480,1379,82.8,42.08238333333334,28.0,28.0
12926,2026-08-27,BHD,Badli,66,0.0,82.8,475,1384,departed,departed,False,4,13,59,8,afternoon,False,ANDI,Adarsh Nagar Delhi,67,480,1379,82.8,42.08238333333334,28.0,28.0
12926,2026-08-27,ANDI,Adarsh Nagar Delhi,67,0.0,82.8,480,1379,departed,departed,False,4,13,59,8,afternoon,False,DAZ,Delhi Azadpur,68,482,1377,82.8,42.08238333333334,30.0,30.0
12926,2026-08-27,DAZ,Delhi Azadpur,68,0.0,82.8,482,1377,departed,departed,False,4,13,59,8,afternoon,False,SZM,Subzi Mandi,69,486,1373,4.9,42.08238333333334,33.0,33.0
12926,2026-08-27,SZM,Subzi Mandi,69,33.0,4.9,486,1373,departed,departed,True,4,13,59,8,afternoon,False,DSB,Sadar Bazar,70,488,1371,4.9,42.08238333333334,15.0,-18.0
12926,2026-08-27,DSB,Sadar Bazar,70,0.0,4.9,488,1371,departed,departed,False,4,13,59,8,afternoon,False,NDLS,New Delhi,71,490,1369,62.2,42.08238333333334,2.0,2.0
12926,2026-08-27,NDLS,New Delhi,71,2.0,62.2,490,1369,departed,departed,True,4,13,59,8,afternoon,False,CSB,Shivaji Bridge,72,491,1368,62.2,42.08238333333334,7.0,5.0
12926,2026-08-27,CSB,Shivaji Bridge,72,0.0,62.2,491,1368,departed,departed,False,4,13,59,8,afternoon,False,TKJ,Tilak Bridge,73,493,1366,62.2,42.08238333333334,10.0,10.0
12926,2026-08-27,TKJ,Tilak Bridge,73,0.0,62.2,493,1366,departed,departed,False,4,13,59,8,afternoon,False,NZM,Hazrat Nizamuddin Jn,74,497,1362,62.2,42.08238333333334,12.0,12.0
12926,2026-08-27,NZM,Hazrat Nizamuddin Jn,74,0.0,62.2,497,1362,departed,departed,False,4,13,59,8,afternoon,False,TKD,Tuglakabad,76,508,1351,62.2,42.08238333333334,10.0,10.0
12926,2026-08-27,OKA,Okhla,75,0.0,62.2,501,1358,departed,departed,False,4,13,59,8,afternoon,False,TKD,Tuglakabad,76,508,1351,62.2,42.08238333333334,10.0,10.0
12926,2026-08-27,TKD,Tuglakabad,76,0.0,62.2,508,1351,departed,departed,False,4,13,59,8,afternoon,False,FDB,Faridabad,78,518,1341,53.8,42.08238333333334,51.0,51.0
12926,2026-08-27,TKDC,Tuglakabad Jn Cabin,77,0.0,62.2,513,1346,departed,departed,False,4,13,59,8,afternoon,False,FDB,Faridabad,78,518,1341,53.8,42.08238333333334,51.0,51.0
12926,2026-08-27,FDB,Faridabad,78,51.0,53.8,518,1341,departed,departed,True,4,13,59,8,afternoon,False,RDE,Rundhi,84,556,1303,53.8,42.08238333333334,35.0,-16.0
12926,2026-08-27,FDN,Faridabad Nw Tn,79,0.0,53.8,522,1337,departed,departed,False,4,13,59,8,afternoon,False,RDE,Rundhi,84,556,1303,53.8,42.08238333333334,35.0,35.0
12926,2026-08-27,BVH,Ballabgarh,80,0.0,53.8,526,1333,departed,departed,False,4,13,59,8,afternoon,False,RDE,Rundhi,84,556,1303,53.8,42.08238333333334,35.0,35.0
12926,2026-08-27,PYLA,Piyala Block Hut,81,0.0,53.8,532,1327,departed,departed,False,4,13,59,8,afternoon,False,RDE,Rundhi,84,556,1303,53.8,42.08238333333334,35.0,35.0
12926,2026-08-27,AST,Asaoti,82,0.0,53.8,536,1323,departed,departed,False,4,13,59,8,afternoon,False,RDE,Rundhi,84,556,1303,53.8,42.08238333333334,35.0,35.0
12926,2026-08-27,PWL,Palwal,83,0.0,53.8,547,1312,departed,departed,False,4,13,59,8,afternoon,False,RDE,Rundhi,84,556,1303,53.8,42.08238333333334,35.0,35.0
12926,2026-08-27,RDE,Rundhi,84,0.0,53.8,556,1303,departed,departed,False,4,13,59,8,afternoon,False,KSV,Kosi Kalan,88,590,1269,53.8,42.08238333333334,14.0,14.0
12926,2026-08-27,SHLK,Sholaka,85,0.0,53.8,567,1292,departed,departed,False,4,13,59,8,afternoon,False,KSV,Kosi Kalan,88,590,1269,53.8,42.08238333333334,14.0,14.0
12926,2026-08-27,BNCR,Banchari,86,0.0,53.8,570,1289,departed,departed,False,4,13,59,8,afternoon,False,KSV,Kosi Kalan,88,590,1269,53.8,42.08238333333334,14.0,14.0
12926,2026-08-27,HDL,Hodal,87,0.0,53.8,577,1282,departed,departed,False,4,13,59,8,afternoon,False,KSV,Kosi Kalan,88,590,1269,53.8,42.08238333333334,14.0,14.0
12926,2026-08-27,KSV,Kosi Kalan,88,0.0,53.8,590,1269,departed,departed,False,4,13,59,8,afternoon,False,CHJ,Chata,89,600,1259,53.8,42.08238333333334,10.0,10.0
12926,2026-08-27,CHJ,Chata,89,0.0,53.8,600,1259,departed,departed,False,4,13,59,8,afternoon,False,AJH,Ajhai,90,610,1249,53.8,42.08238333333334,11.0,11.0
12926,2026-08-27,AJH,Ajhai,90,0.0,53.8,610,1249,departed,departed,False,4,13,59,8,afternoon,False,BTSR,Bhuteshwar,92,628,1231,53.8,42.08238333333334,3.0,3.0
12926,2026-08-27,VRBD,Vrindaban Road,91,0.0,53.8,621,1238,departed,departed,False,4,13,59,8,afternoon,False,BTSR,Bhuteshwar,92,628,1231,53.8,42.08238333333334,3.0,3.0
12926,2026-08-27,BTSR,Bhuteshwar,92,0.0,53.8,628,1231,departed,departed,False,4,13,59,8,afternoon,False,MTJ,Mathura Jn,93,631,1228,86.1,42.08238333333334,13.0,13.0
12926,2026-08-27,MTJ,Mathura Jn,93,13.0,86.1,631,1228,at-station,at-station,True,4,13,59,8,afternoon,False,CRG,Churaman Nagri,95,642,1217,86.1,42.08238333333334,15.0,2.0
12926,2026-08-27,MSRP,Murhesi Rampur,94,0.0,86.1,639,1220,upcoming,upcoming,False,4,13,59,8,afternoon,False,CRG,Churaman Nagri,95,642,1217,86.1,42.08238333333334,15.0,15.0
12926,2026-08-27,CRG,Churaman Nagri,95,0.0,86.1,642,1217,upcoming,upcoming,False,4,13,59,8,afternoon,False,BTE,Bharatpur Jn,99,664,1195,76.4,42.08238333333334,19.0,19.0
12926,2026-08-27,JJA,Jajan Patti,96,0.0,86.1,648,1211,upcoming,upcoming,False,4,13,59,8,afternoon,False,BTE,Bharatpur Jn,99,664,1195,76.4,42.08238333333334,19.0,19.0
12926,2026-08-27,RKR,Ranikund Rarah,97,0.0,86.1,652,1207,upcoming,upcoming,False,4,13,59,8,afternoon,False,BTE,Bharatpur Jn,99,664,1195,76.4,42.08238333333334,19.0,19.0
12926,2026-08-27,DUM,Dhaurmui Jaghna,98,0.0,86.1,656,1203,upcoming,upcoming,False,4,13,59,8,afternoon,False,BTE,Bharatpur Jn,99,664,1195,76.4,42.08238333333334,19.0,19.0
12926,2026-08-27,BTE,Bharatpur Jn,99,14.0,76.4,664,1195,upcoming,upcoming,True,4,13,59,8,afternoon,False,SWAR,Sewar,100,674,1185,76.4,42.08238333333334,21.0,7.0
12926,2026-08-27,SWAR,Sewar,100,0.0,76.4,674,1185,upcoming,upcoming,False,4,13,59,8,afternoon,False,JCU,Jaicholi,101,679,1180,76.4,42.08238333333334,19.0,19.0
12926,2026-08-27,JCU,Jaicholi,101,0.0,76.4,679,1180,upcoming,upcoming,False,4,13,59,8,afternoon,False,BXN,Bayana Jn,105,706,1153,86.1,42.08238333333334,19.0,19.0
12926,2026-08-27,PNGR,Pingora,102,0.0,76.4,685,1174,upcoming,upcoming,False,4,13,59,8,afternoon,False,BXN,Bayana Jn,105,706,1153,86.1,42.08238333333334,19.0,19.0
12926,2026-08-27,KEV,Kela Devi,103,0.0,76.4,694,1165,upcoming,upcoming,False,4,13,59,8,afternoon,False,BXN,Bayana Jn,105,706,1153,86.1,42.08238333333334,19.0,19.0
12926,2026-08-27,SABD,Salabad,104,0.0,76.4,698,1161,upcoming,upcoming,False,4,13,59,8,afternoon,False,BXN,Bayana Jn,105,706,1153,86.1,42.08238333333334,19.0,19.0
12926,2026-08-27,BXN,Bayana Jn,105,14.0,86.1,706,1153,upcoming,upcoming,True,4,13,59,8,afternoon,False,HAN,Hindaun City,109,739,1120,88.0,42.08238333333334,19.0,5.0
12926,2026-08-27,DY,Dumariya,106,0.0,86.1,715,1144,upcoming,upcoming,False,4,13,59,8,afternoon,False,HAN,Hindaun City,109,739,1120,88.0,42.08238333333334,19.0,19.0
12926,2026-08-27,FSP,Fateh Singhpura,107,0.0,86.1,726,1133,upcoming,upcoming,False,4,13,59,8,afternoon,False,HAN,Hindaun City,109,739,1120,88.0,42.08238333333334,19.0,19.0
12926,2026-08-27,DNHK,Dhindhora Hkmkd,108,0.0,86.1,731,1128,upcoming,upcoming,False,4,13,59,8,afternoon,False,HAN,Hindaun City,109,739,1120,88.0,42.08238333333334,19.0,19.0
12926,2026-08-27,HAN,Hindaun City,109,14.0,88.0,739,1120,upcoming,upcoming,True,4,13,59,8,afternoon,False,GGC,Gangapur City Jn,115,783,1076,89.3,42.08238333333334,19.0,5.0
12926,2026-08-27,SKDM,Sikroda Mina,110,0.0,88.0,744,1115,upcoming,upcoming,False,4,13,59,8,afternoon,False,GGC,Gangapur City Jn,115,783,1076,89.3,42.08238333333334,19.0,19.0
12926,2026-08-27,SMVJ,Shri Mahaveerji,111,0.0,88.0,749,1110,upcoming,upcoming,False,4,13,59,8,afternoon,False,GGC,Gangapur City Jn,115,783,1076,89.3,42.08238333333334,19.0,19.0
12926,2026-08-27,KNDP,Khandip,112,0.0,88.0,756,1103,upcoming,upcoming,False,4,13,59,8,afternoon,False,GGC,Gangapur City Jn,115,783,1076,89.3,42.08238333333334,19.0,19.0
12926,2026-08-27,PDZ,Piloda,113,0.0,88.0,763,1096,upcoming,upcoming,False,4,13,59,8,afternoon,False,GGC,Gangapur City Jn,115,783,1076,89.3,42.08238333333334,19.0,19.0
12926,2026-08-27,COO,Chhoti Odai,114,0.0,88.0,770,1089,upcoming,upcoming,False,4,13,59,8,afternoon,False,GGC,Gangapur City Jn,115,783,1076,89.3,42.08238333333334,19.0,19.0
12926,2026-08-27,GGC,Gangapur City Jn,115,14.0,89.3,783,1076,upcoming,upcoming,True,4,13,59,8,afternoon,False,SWM,Sawai Madhopur Jn,123,847,1012,72.0,42.08238333333334,19.0,5.0
12926,2026-08-27,LRU,Lalpur Umri,116,0.0,89.3,789,1070,upcoming,upcoming,False,4,13,59,8,afternoon,False,SWM,Sawai Madhopur Jn,123,847,1012,72.0,42.08238333333334,19.0,19.0
12926,2026-08-27,NNW,Narayanpur Tatwara,117,0.0,89.3,800,1059,upcoming,upcoming,False,4,13,59,8,afternoon,False,SWM,Sawai Madhopur Jn,123,847,1012,72.0,42.08238333333334,19.0,19.0
12926,2026-08-27,NMD,Nomoda,118,0.0,89.3,810,1049,upcoming,upcoming,False,4,13,59,8,afternoon,False,SWM,Sawai Madhopur Jn,123,847,1012,72.0,42.08238333333334,19.0,19.0
12926,2026-08-27,MLZ,Malarna,119,0.0,89.3,817,1042,upcoming,upcoming,False,4,13,59,8,afternoon,False,SWM,Sawai Madhopur Jn,123,847,1012,72.0,42.08238333333334,19.0,19.0
12926,2026-08-27,MXL,Mokholi,120,0.0,89.3,828,1031,upcoming,upcoming,False,4,13,59,8,afternoon,False,SWM,Sawai Madhopur Jn,123,847,1012,72.0,42.08238333333334,19.0,19.0
12926,2026-08-27,RNT,Ranthambhore,121,0.0,89.3,837,1022,upcoming,upcoming,False,4,13,59,8,afternoon,False,SWM,Sawai Madhopur Jn,123,847,1012,72.0,42.08238333333334,19.0,19.0
12926,2026-08-27,SMDC,Sawai Madhopur D Cabin,122,0.0,89.3,843,1016,upcoming,upcoming,False,4,13,59,8,afternoon,False,SWM,Sawai Madhopur Jn,123,847,1012,72.0,42.08238333333334,19.0,19.0
12926,2026-08-27,SWM,Sawai Madhopur Jn,123,14.0,72.0,847,1012,upcoming,upcoming,True,4,13,59,8,afternoon,False,KOTA,Kota Jn,137,955,904,81.5,42.08238333333334,19.0,5.0
12926,2026-08-27,KTA,Kushtala,124,0.0,72.0,854,1005,upcoming,upcoming,False,4,13,59,8,afternoon,False,KOTA,Kota Jn,137,955,904,81.5,42.08238333333334,19.0,19.0
12926,2026-08-27,RWJ,Rawania Dungar,125,0.0,72.0,862,997,upcoming,upcoming,False,4,13,59,8,afternoon,False,KOTA,Kota Jn,137,955,904,81.5,42.08238333333334,19.0,19.0
12926,2026-08-27,AMLI,Amli,126,0.0,72.0,870,989,upcoming,upcoming,False,4,13,59,8,afternoon,False,KOTA,Kota Jn,137,955,904,81.5,42.08238333333334,19.0,19.0
12926,2026-08-27,IDG,Indargarh,127,0.0,72.0,883,976,upcoming,upcoming,False,4,13,59,8,afternoon,False,KOTA,Kota Jn,137,955,904,81.5,42.08238333333334,19.0,19.0
12926,2026-08-27,LKE,Lakheri,128,0.0,72.0,894,965,upcoming,upcoming,False,4,13,59,8,afternoon,False,KOTA,Kota Jn,137,955,904,81.5,42.08238333333334,19.0,19.0
12926,2026-08-27,LBN,Laban,129,0.0,72.0,902,957,upcoming,upcoming,False,4,13,59,8,afternoon,False,KOTA,Kota Jn,137,955,904,81.5,42.08238333333334,19.0,19.0
12926,2026-08-27,GKB,Ghataka Varana,130,0.0,72.0,911,948,upcoming,upcoming,False,4,13,59,8,afternoon,False,KOTA,Kota Jn,137,955,904,81.5,42.08238333333334,19.0,19.0
12926,2026-08-27,KPZ,Kapren,131,0.0,72.0,921,938,upcoming,upcoming,False,4,13,59,8,afternoon,False,KOTA,Kota Jn,137,955,904,81.5,42.08238333333334,19.0,19.0
12926,2026-08-27,ARE,Arnetha,132,0.0,72.0,930,929,upcoming,upcoming,False,4,13,59,8,afternoon,False,KOTA,Kota Jn,137,955,904,81.5,42.08238333333334,19.0,19.0
12926,2026-08-27,KPTN,Keshorai Patan,133,0.0,72.0,941,918,upcoming,upcoming,False,4,13,59,8,afternoon,False,KOTA,Kota Jn,137,955,904,81.5,42.08238333333334,19.0,19.0
12926,2026-08-27,GNCN,Gurla N Cabin,134,0.0,72.0,946,913,upcoming,upcoming,False,4,13,59,8,afternoon,False,KOTA,Kota Jn,137,955,904,81.5,42.08238333333334,19.0,19.0
12926,2026-08-27,GQL,Gurla Jn,135,0.0,72.0,949,910,upcoming,upcoming,False,4,13,59,8,afternoon,False,KOTA,Kota Jn,137,955,904,81.5,42.08238333333334,19.0,19.0
12926,2026-08-27,KCCN,Kota C Cabin,136,0.0,72.0,952,907,upcoming,upcoming,False,4,13,59,8,afternoon,False,KOTA,Kota Jn,137,955,904,81.5,42.08238333333334,19.0,19.0
12926,2026-08-27,KOTA,Kota Jn,137,14.0,81.5,955,904,upcoming,upcoming,True,4,13,59,8,afternoon,False,RMA,Ramganj Mandi Jn,145,1027,832,76.3,42.08238333333334,19.0,5.0
12926,2026-08-27,NKOT,New Kota,138,0.0,81.5,964,895,upcoming,upcoming,False,4,13,59,8,afternoon,False,RMA,Ramganj Mandi Jn,145,1027,832,76.3,42.08238333333334,19.0,19.0
12926,2026-08-27,DDV,Dadhdevi,139,0.0,81.5,971,888,upcoming,upcoming,False,4,13,59,8,afternoon,False,RMA,Ramganj Mandi Jn,145,1027,832,76.3,42.08238333333334,19.0,19.0
12926,2026-08-27,ALNI,Alniya,140,0.0,81.5,977,882,upcoming,upcoming,False,4,13,59,8,afternoon,False,RMA,Ramganj Mandi Jn,145,1027,832,76.3,42.08238333333334,19.0,19.0
12926,2026-08-27,RDT,Ravtha Road,141,0.0,81.5,989,870,upcoming,upcoming,False,4,13,59,8,afternoon,False,RMA,Ramganj Mandi Jn,145,1027,832,76.3,42.08238333333334,19.0,19.0
12926,2026-08-27,DARA,Dara,142,0.0,81.5,1002,857,upcoming,upcoming,False,4,13,59,8,afternoon,False,RMA,Ramganj Mandi Jn,145,1027,832,76.3,42.08238333333334,19.0,19.0
12926,2026-08-27,KIW,Kanwalpura,143,0.0,81.5,1011,848,upcoming,upcoming,False,4,13,59,8,afternoon,False,RMA,Ramganj Mandi Jn,145,1027,832,76.3,42.08238333333334,19.0,19.0
12926,2026-08-27,MKX,Morak,144,0.0,81.5,1017,842,upcoming,upcoming,False,4,13,59,8,afternoon,False,RMA,Ramganj Mandi Jn,145,1027,832,76.3,42.08238333333334,19.0,19.0
12926,2026-08-27,RMA,Ramganj Mandi Jn,145,14.0,76.3,1027,832,upcoming,upcoming,True,4,13,59,8,afternoon,False,SGZ,Shamgarh,151,1088,771,41.5,42.08238333333334,19.0,5.0
12926,2026-08-27,JHW,Jhalawar Road,146,0.0,76.3,1038,821,upcoming,upcoming,False,4,13,59,8,afternoon,False,SGZ,Shamgarh,151,1088,771,41.5,42.08238333333334,19.0,19.0
12926,2026-08-27,DKRA,Dhuankheri,147,0.0,76.3,1045,814,upcoming,upcoming,False,4,13,59,8,afternoon,False,SGZ,Shamgarh,151,1088,771,41.5,42.08238333333334,19.0,19.0
12926,2026-08-27,BWM,Bhawani Mandi,148,0.0,76.3,1055,804,upcoming,upcoming,False,4,13,59,8,afternoon,False,SGZ,Shamgarh,151,1088,771,41.5,42.08238333333334,19.0,19.0
12926,2026-08-27,KRLS,Kurlasi,149,0.0,76.3,1068,791,upcoming,upcoming,False,4,13,59,8,afternoon,False,SGZ,Shamgarh,151,1088,771,41.5,42.08238333333334,19.0,19.0
12926,2026-08-27,GOH,Garot,150,0.0,76.3,1078,781,upcoming,upcoming,False,4,13,59,8,afternoon,False,SGZ,Shamgarh,151,1088,771,41.5,42.08238333333334,19.0,19.0
12926,2026-08-27,SGZ,Shamgarh,151,14.0,41.5,1088,771,upcoming,upcoming,True,4,13,59,8,afternoon,False,NAD,Nagda Jn,161,1180,679,60.0,42.08238333333334,19.0,5.0
12926,2026-08-27,SVA,Suwasra,152,0.0,41.5,1102,757,upcoming,upcoming,False,4,13,59,8,afternoon,False,NAD,Nagda Jn,161,1180,679,60.0,42.08238333333334,19.0,19.0
12926,2026-08-27,NKH,Nathukheri,153,0.0,41.5,1107,752,upcoming,upcoming,False,4,13,59,8,afternoon,False,NAD,Nagda Jn,161,1180,679,60.0,42.08238333333334,19.0,19.0
12926,2026-08-27,CMU,Chau Mahla,154,0.0,41.5,1117,742,upcoming,upcoming,False,4,13,59,8,afternoon,False,NAD,Nagda Jn,161,1180,679,60.0,42.08238333333334,19.0,19.0
12926,2026-08-27,TLZ,Talavli,155,0.0,41.5,1122,737,upcoming,upcoming,False,4,13,59,8,afternoon,False,NAD,Nagda Jn,161,1180,679,60.0,42.08238333333334,19.0,19.0
12926,2026-08-27,THUR,Thuria,156,0.0,41.5,1131,728,upcoming,upcoming,False,4,13,59,8,afternoon,False,NAD,Nagda Jn,161,1180,679,60.0,42.08238333333334,19.0,19.0
12926,2026-08-27,VMA,Vikramgarh Alot,157,0.0,41.5,1140,719,upcoming,upcoming,False,4,13,59,8,afternoon,False,NAD,Nagda Jn,161,1180,679,60.0,42.08238333333334,19.0,19.0
12926,2026-08-27,LNR,Luni Richha,158,0.0,41.5,1152,707,upcoming,upcoming,False,4,13,59,8,afternoon,False,NAD,Nagda Jn,161,1180,679,60.0,42.08238333333334,19.0,19.0
12926,2026-08-27,MEP,Mahidpur Road,159,0.0,41.5,1163,696,upcoming,upcoming,False,4,13,59,8,afternoon,False,NAD,Nagda Jn,161,1180,679,60.0,42.08238333333334,19.0,19.0
12926,2026-08-27,RLK,Rohal Khurd,160,0.0,41.5,1169,690,upcoming,upcoming,False,4,13,59,8,afternoon,False,NAD,Nagda Jn,161,1180,679,60.0,42.08238333333334,19.0,19.0
12926,2026-08-27,NAD,Nagda Jn,161,14.0,60.0,1180,679,upcoming,upcoming,True,4,13,59,8,afternoon,False,KUH,Khachrod,163,1193,666,56.0,42.08238333333334,19.0,5.0
12926,2026-08-27,BRNA,Berawanya,162,0.0,60.0,1188,671,upcoming,upcoming,False,4,13,59,8,afternoon,False,KUH,Khachrod,163,1193,666,56.0,42.08238333333334,19.0,19.0
12926,2026-08-27,KUH,Khachrod,163,14.0,56.0,1193,666,upcoming,upcoming,True,4,13,59,8,afternoon,False,RTM,Ratlam Jn,167,1221,638,76.2,42.08238333333334,19.0,5.0
12926,2026-08-27,RNH,Runkhera,164,0.0,56.0,1204,655,upcoming,upcoming,False,4,13,59,8,afternoon,False,RTM,Ratlam Jn,167,1221,638,76.2,42.08238333333334,19.0,19.0
12926,2026-08-27,BOD,Bangrod,165,0.0,56.0,1211,648,upcoming,upcoming,False,4,13,59,8,afternoon,False,RTM,Ratlam Jn,167,1221,638,76.2,42.08238333333334,19.0,19.0
12926,2026-08-27,RTME,Ratlam East Cabin,166,0.0,56.0,1218,641,upcoming,upcoming,False,4,13,59,8,afternoon,False,RTM,Ratlam Jn,167,1221,638,76.2,42.08238333333334,19.0,19.0
12926,2026-08-27,RTM,Ratlam Jn,167,14.0,76.2,1221,638,upcoming,upcoming,True,4,13,59,8,afternoon,False,MGN,Meghnagar,178,1301,558,82.5,42.08238333333334,19.0,5.0
12926,2026-08-27,RTD,Ratlam A Cabin,168,0.0,76.2,1222,637,upcoming,upcoming,False,4,13,59,8,afternoon,False,MGN,Meghnagar,178,1301,558,82.5,42.08238333333334,19.0,19.0
12926,2026-08-27,MRN,Morwani,169,0.0,76.2,1232,627,upcoming,upcoming,False,4,13,59,8,afternoon,False,MGN,Meghnagar,178,1301,558,82.5,42.08238333333334,19.0,19.0
12926,2026-08-27,BILD,Bildi,170,0.0,76.2,1241,618,upcoming,upcoming,False,4,13,59,8,afternoon,False,MGN,Meghnagar,178,1301,558,82.5,42.08238333333334,19.0,19.0
12926,2026-08-27,RTI,Raoti,171,0.0,76.2,1248,611,upcoming,upcoming,False,4,13,59,8,afternoon,False,MGN,Meghnagar,178,1301,558,82.5,42.08238333333334,19.0,19.0
12926,2026-08-27,BOG,Bhairongarh,172,0.0,76.2,1260,599,upcoming,upcoming,False,4,13,59,8,afternoon,False,MGN,Meghnagar,178,1301,558,82.5,42.08238333333334,19.0,19.0
12926,2026-08-27,BMI,Bamnia,173,0.0,76.2,1266,593,upcoming,upcoming,False,4,13,59,8,afternoon,False,MGN,Meghnagar,178,1301,558,82.5,42.08238333333334,19.0,19.0
12926,2026-08-27,AGR,Amargarh,174,0.0,76.2,1270,589,upcoming,upcoming,False,4,13,59,8,afternoon,False,MGN,Meghnagar,178,1301,558,82.5,42.08238333333334,19.0,19.0
12926,2026-08-27,PCN,Panch Piplia,175,0.0,76.2,1279,580,upcoming,upcoming,False,4,13,59,8,afternoon,False,MGN,Meghnagar,178,1301,558,82.5,42.08238333333334,19.0,19.0
12926,2026-08-27,BJG,Bajrangarh,176,0.0,76.2,1286,573,upcoming,upcoming,False,4,13,59,8,afternoon,False,MGN,Meghnagar,178,1301,558,82.5,42.08238333333334,19.0,19.0
12926,2026-08-27,THDR,Thandla Road,177,0.0,76.2,1293,566,upcoming,upcoming,False,4,13,59,8,afternoon,False,MGN,Meghnagar,178,1301,558,82.5,42.08238333333334,19.0,19.0
12926,2026-08-27,MGN,Meghnagar,178,14.0,82.5,1301,558,upcoming,upcoming,True,4,13,59,8,afternoon,False,DHD,Dahod,181,1334,525,62.6,42.08238333333334,19.0,5.0
12926,2026-08-27,ANAS,Anas,179,0.0,82.5,1316,543,upcoming,upcoming,False,4,13,59,8,afternoon,False,DHD,Dahod,181,1334,525,62.6,42.08238333333334,19.0,19.0
12926,2026-08-27,BIO,Bordi,180,0.0,82.5,1324,535,upcoming,upcoming,False,4,13,59,8,afternoon,False,DHD,Dahod,181,1334,525,62.6,42.08238333333334,19.0,19.0
12926,2026-08-27,DHD,Dahod,181,14.0,62.6,1334,525,upcoming,upcoming,True,4,13,59,8,afternoon,False,GDA,Godhra Jn,191,1406,453,72.0,42.08238333333334,19.0,5.0
12926,2026-08-27,RET,Rentia,182,0.0,62.6,1339,520,upcoming,upcoming,False,4,13,59,8,afternoon,False,GDA,Godhra Jn,191,1406,453,72.0,42.08238333333334,19.0,19.0
12926,2026-08-27,JKT,Jekot,183,0.0,62.6,1345,514,upcoming,upcoming,False,4,13,59,8,afternoon,False,GDA,Godhra Jn,191,1406,453,72.0,42.08238333333334,19.0,19.0
12926,2026-08-27,USRA,Usra,184,0.0,62.6,1352,507,upcoming,upcoming,False,4,13,59,8,afternoon,False,GDA,Godhra Jn,191,1406,453,72.0,42.08238333333334,19.0,19.0
12926,2026-08-27,MAM,Mangal Mahudi,185,0.0,62.6,1357,502,upcoming,upcoming,False,4,13,59,8,afternoon,False,GDA,Godhra Jn,191,1406,453,72.0,42.08238333333334,19.0,19.0
12926,2026-08-27,LMK,Limkheda,186,0.0,62.6,1366,493,upcoming,upcoming,False,4,13,59,8,afternoon,False,GDA,Godhra Jn,191,1406,453,72.0,42.08238333333334,19.0,19.0
12926,2026-08-27,PPD,Piplod Jn,187,0.0,62.6,1374,485,upcoming,upcoming,False,4,13,59,8,afternoon,False,GDA,Godhra Jn,191,1406,453,72.0,42.08238333333334,19.0,19.0
12926,2026-08-27,SAT,Sant Road,188,0.0,62.6,1386,473,upcoming,upcoming,False,4,13,59,8,afternoon,False,GDA,Godhra Jn,191,1406,453,72.0,42.08238333333334,19.0,19.0
12926,2026-08-27,CCL,Chanchelav,189,0.0,62.6,1394,465,upcoming,upcoming,False,4,13,59,8,afternoon,False,GDA,Godhra Jn,191,1406,453,72.0,42.08238333333334,19.0,19.0
12926,2026-08-27,KIZ,Kansudhi,190,0.0,62.6,1401,458,upcoming,upcoming,False,4,13,59,8,afternoon,False,GDA,Godhra Jn,191,1406,453,72.0,42.08238333333334,19.0,19.0
12926,2026-08-27,GDA,Godhra Jn,191,14.0,72.0,1406,453,upcoming,upcoming,True,4,13,59,8,afternoon,False,BRC,Vadodara Jn,202,1478,381,80.4,42.08238333333334,19.0,5.0
12926,2026-08-27,KRSA,Kharsaliya,192,0.0,72.0,1417,442,upcoming,upcoming,False,4,13,59,8,afternoon,False,BRC,Vadodara Jn,202,1478,381,80.4,42.08238333333334,19.0,19.0
12926,2026-08-27,DRL,Derol,193,0.0,72.0,1429,430,upcoming,upcoming,False,4,13,59,8,afternoon,False,BRC,Vadodara Jn,202,1478,381,80.4,42.08238333333334,19.0,19.0
12926,2026-08-27,BKRL,Bakrol,194,0.0,72.0,1436,423,upcoming,upcoming,False,4,13,59,8,afternoon,False,BRC,Vadodara Jn,202,1478,381,80.4,42.08238333333334,19.0,19.0
12926,2026-08-27,CPN,Champaner Road Jn,195,0.0,72.0,1442,417,upcoming,upcoming,False,4,13,59,8,afternoon,False,BRC,Vadodara Jn,202,1478,381,80.4,42.08238333333334,19.0,19.0
12926,2026-08-27,LAN,Lotana,196,0.0,72.0,1448,411,upcoming,upcoming,False,4,13,59,8,afternoon,False,BRC,Vadodara Jn,202,1478,381,80.4,42.08238333333334,19.0,19.0
12926,2026-08-27,SMLA,Samlaya Jn,197,0.0,72.0,1453,406,upcoming,upcoming,False,4,13,59,8,afternoon,False,BRC,Vadodara Jn,202,1478,381,80.4,42.08238333333334,19.0,19.0
12926,2026-08-27,AIR,Alindra Road,198,0.0,72.0,1459,400,upcoming,upcoming,False,4,13,59,8,afternoon,False,BRC,Vadodara Jn,202,1478,381,80.4,42.08238333333334,19.0,19.0
12926,2026-08-27,PIO,Pilol,199,0.0,72.0,1465,394,upcoming,upcoming,False,4,13,59,8,afternoon,False,BRC,Vadodara Jn,202,1478,381,80.4,42.08238333333334,19.0,19.0
12926,2026-08-27,CYI,Chhayapuri,200,0.0,72.0,1472,387,upcoming,upcoming,False,4,13,59,8,afternoon,False,BRC,Vadodara Jn,202,1478,381,80.4,42.08238333333334,19.0,19.0
12926,2026-08-27,BRCY,Vadodara Marshalling,201,0.0,72.0,1476,383,upcoming,upcoming,False,4,13,59,8,afternoon,False,BRC,Vadodara Jn,202,1478,381,80.4,42.08238333333334,19.0,19.0
12926,2026-08-27,BRC,Vadodara Jn,202,14.0,80.4,1478,381,upcoming,upcoming,True,4,13,59,8,afternoon,False,BH,Bharuch Jn,214,1549,310,52.8,42.08238333333334,19.0,5.0
12926,2026-08-27,VS,Vishvamitri Jn,203,0.0,80.4,1481,378,upcoming,upcoming,False,4,13,59,8,afternoon,False,BH,Bharuch Jn,214,1549,310,52.8,42.08238333333334,19.0,19.0
12926,2026-08-27,MPR,Makar Pura,204,0.0,80.4,1487,372,upcoming,upcoming,False,4,13,59,8,afternoon,False,BH,Bharuch Jn,214,1549,310,52.8,42.08238333333334,19.0,19.0
12926,2026-08-27,VRM,Varnama,205,0.0,80.4,1492,367,upcoming,upcoming,False,4,13,59,8,afternoon,False,BH,Bharuch Jn,214,1549,310,52.8,42.08238333333334,19.0,19.0
12926,2026-08-27,ITA,Itola,206,0.0,80.4,1496,363,upcoming,upcoming,False,4,13,59,8,afternoon,False,BH,Bharuch Jn,214,1549,310,52.8,42.08238333333334,19.0,19.0
12926,2026-08-27,KSPR,Kashipura Sarar,207,0.0,80.4,1500,359,upcoming,upcoming,False,4,13,59,8,afternoon,False,BH,Bharuch Jn,214,1549,310,52.8,42.08238333333334,19.0,19.0
12926,2026-08-27,MYG,Miyagam Karjan,208,0.0,80.4,1508,351,upcoming,upcoming,False,4,13,59,8,afternoon,False,BH,Bharuch Jn,214,1549,310,52.8,42.08238333333334,19.0,19.0
12926,2026-08-27,LKD,Lakodara,209,0.0,80.4,1516,343,upcoming,upcoming,False,4,13,59,8,afternoon,False,BH,Bharuch Jn,214,1549,310,52.8,42.08238333333334,19.0,19.0
12926,2026-08-27,PLJ,Palej,210,0.0,80.4,1523,336,upcoming,upcoming,False,4,13,59,8,afternoon,False,BH,Bharuch Jn,214,1549,310,52.8,42.08238333333334,19.0,19.0
12926,2026-08-27,VRE,Varediya,211,0.0,80.4,1530,329,upcoming,upcoming,False,4,13,59,8,afternoon,False,BH,Bharuch Jn,214,1549,310,52.8,42.08238333333334,19.0,19.0
12926,2026-08-27,NIU,Nabipur,212,0.0,80.4,1537,322,upcoming,upcoming,False,4,13,59,8,afternoon,False,BH,Bharuch Jn,214,1549,310,52.8,42.08238333333334,19.0,19.0
12926,2026-08-27,CVJ,Chavaj,213,0.0,80.4,1543,316,upcoming,upcoming,False,4,13,59,8,afternoon,False,BH,Bharuch Jn,214,1549,310,52.8,42.08238333333334,19.0,19.0
12926,2026-08-27,BH,Bharuch Jn,214,14.0,52.8,1549,310,upcoming,upcoming,True,4,13,59,8,afternoon,False,ST,Surat,226,1608,251,91.6,42.08238333333334,19.0,5.0
12926,2026-08-27,AKV,Ankleshwar Jn,215,0.0,52.8,1558,301,upcoming,upcoming,False,4,13,59,8,afternoon,False,ST,Surat,226,1608,251,91.6,42.08238333333334,19.0,19.0
12926,2026-08-27,SNJL,Sanjali,216,0.0,52.8,1564,295,upcoming,upcoming,False,4,13,59,8,afternoon,False,ST,Surat,226,1608,251,91.6,42.08238333333334,19.0,19.0
12926,2026-08-27,PAO,Panoli,217,0.0,52.8,1568,291,upcoming,upcoming,False,4,13,59,8,afternoon,False,ST,Surat,226,1608,251,91.6,42.08238333333334,19.0,19.0
12926,2026-08-27,HAT,Hathuran,218,0.0,52.8,1572,287,upcoming,upcoming,False,4,13,59,8,afternoon,False,ST,Surat,226,1608,251,91.6,42.08238333333334,19.0,19.0
12926,2026-08-27,KSB,Kosamba Jn,219,0.0,52.8,1576,283,upcoming,upcoming,False,4,13,59,8,afternoon,False,ST,Surat,226,1608,251,91.6,42.08238333333334,19.0,19.0
12926,2026-08-27,KIM,Kim,220,0.0,52.8,1584,275,upcoming,upcoming,False,4,13,59,8,afternoon,False,ST,Surat,226,1608,251,91.6,42.08238333333334,19.0,19.0
12926,2026-08-27,KDSD,Kudsad,221,0.0,52.8,1587,272,upcoming,upcoming,False,4,13,59,8,afternoon,False,ST,Surat,226,1608,251,91.6,42.08238333333334,19.0,19.0
12926,2026-08-27,SYN,Sayan,222,0.0,52.8,1594,265,upcoming,upcoming,False,4,13,59,8,afternoon,False,ST,Surat,226,1608,251,91.6,42.08238333333334,19.0,19.0
12926,2026-08-27,GTX,Gothangam,223,0.0,52.8,1597,262,upcoming,upcoming,False,4,13,59,8,afternoon,False,ST,Surat,226,1608,251,91.6,42.08238333333334,19.0,19.0
12926,2026-08-27,KSE,Kosad,224,0.0,52.8,1601,258,upcoming,upcoming,False,4,13,59,8,afternoon,False,ST,Surat,226,1608,251,91.6,42.08238333333334,19.0,19.0
12926,2026-08-27,URN,Utran,225,0.0,52.8,1604,255,upcoming,upcoming,False,4,13,59,8,afternoon,False,ST,Surat,226,1608,251,91.6,42.08238333333334,19.0,19.0
12926,2026-08-27,ST,Surat,226,14.0,91.6,1608,251,upcoming,upcoming,True,4,13,59,8,afternoon,False,NVS,Navsari,231,1637,222,70.9,42.08238333333334,19.0,5.0
12926,2026-08-27,UDN,Udhna Jn,227,0.0,91.6,1612,247,upcoming,upcoming,False,4,13,59,8,afternoon,False,NVS,Navsari,231,1637,222,70.9,42.08238333333334,19.0,19.0
12926,2026-08-27,BHET,Bhestan,228,0.0,91.6,1617,242,upcoming,upcoming,False,4,13,59,8,afternoon,False,NVS,Navsari,231,1637,222,70.9,42.08238333333334,19.0,19.0
12926,2026-08-27,SCH,Sachin,229,0.0,91.6,1622,237,upcoming,upcoming,False,4,13,59,8,afternoon,False,NVS,Navsari,231,1637,222,70.9,42.08238333333334,19.0,19.0
12926,2026-08-27,MRL,Maroli,230,0.0,91.6,1629,230,upcoming,upcoming,False,4,13,59,8,afternoon,False,NVS,Navsari,231,1637,222,70.9,42.08238333333334,19.0,19.0
12926,2026-08-27,NVS,Navsari,231,14.0,70.9,1637,222,upcoming,upcoming,True,4,13,59,8,afternoon,False,BL,Valsad,240,1676,183,86.7,42.08238333333334,19.0,5.0
12926,2026-08-27,GNST,Gandhi Smriti,232,0.0,70.9,1640,219,upcoming,upcoming,False,4,13,59,8,afternoon,False,BL,Valsad,240,1676,183,86.7,42.08238333333334,19.0,19.0
12926,2026-08-27,HXR,Hansapore,233,0.0,70.9,1643,216,upcoming,upcoming,False,4,13,59,8,afternoon,False,BL,Valsad,240,1676,183,86.7,42.08238333333334,19.0,19.0
12926,2026-08-27,VDH,Vedchha,234,0.0,70.9,1646,213,upcoming,upcoming,False,4,13,59,8,afternoon,False,BL,Valsad,240,1676,183,86.7,42.08238333333334,19.0,19.0
12926,2026-08-27,ACL,Ancheli,235,0.0,70.9,1649,210,upcoming,upcoming,False,4,13,59,8,afternoon,False,BL,Valsad,240,1676,183,86.7,42.08238333333334,19.0,19.0
12926,2026-08-27,AML,Amalsad,236,0.0,70.9,1653,206,upcoming,upcoming,False,4,13,59,8,afternoon,False,BL,Valsad,240,1676,183,86.7,42.08238333333334,19.0,19.0
12926,2026-08-27,BIM,Bilimora Jn,237,0.0,70.9,1658,201,upcoming,upcoming,False,4,13,59,8,afternoon,False,BL,Valsad,240,1676,183,86.7,42.08238333333334,19.0,19.0
12926,2026-08-27,JRS,Joravasan,238,0.0,70.9,1662,197,upcoming,upcoming,False,4,13,59,8,afternoon,False,BL,Valsad,240,1676,183,86.7,42.08238333333334,19.0,19.0
12926,2026-08-27,DGI,Dungri,239,0.0,70.9,1667,192,upcoming,upcoming,False,4,13,59,8,afternoon,False,BL,Valsad,240,1676,183,86.7,42.08238333333334,19.0,19.0
12926,2026-08-27,BL,Valsad,240,14.0,86.7,1676,183,upcoming,upcoming,True,4,13,59,8,afternoon,False,VAPI,Vapi,245,1702,157,105.0,42.08238333333334,19.0,5.0
12926,2026-08-27,ATUL,Atul,241,0.0,86.7,1683,176,upcoming,upcoming,False,4,13,59,8,afternoon,False,VAPI,Vapi,245,1702,157,105.0,42.08238333333334,19.0,19.0
12926,2026-08-27,PAD,Pardi,242,0.0,86.7,1687,172,upcoming,upcoming,False,4,13,59,8,afternoon,False,VAPI,Vapi,245,1702,157,105.0,42.08238333333334,19.0,19.0
12926,2026-08-27,UVD,Udvada,243,0.0,86.7,1692,167,upcoming,upcoming,False,4,13,59,8,afternoon,False,VAPI,Vapi,245,1702,157,105.0,42.08238333333334,19.0,19.0
12926,2026-08-27,BAGD,Bagwada,244,0.0,86.7,1696,163,upcoming,upcoming,False,4,13,59,8,afternoon,False,VAPI,Vapi,245,1702,157,105.0,42.08238333333334,19.0,19.0
12926,2026-08-27,VAPI,Vapi,245,14.0,105.0,1702,157,upcoming,upcoming,True,4,13,59,8,afternoon,False,DRD,Dahanu Road,252,1751,108,69.2,42.08238333333334,19.0,5.0
12926,2026-08-27,KEB,Karambeli,246,0.0,105.0,1709,150,upcoming,upcoming,False,4,13,59,8,afternoon,False,DRD,Dahanu Road,252,1751,108,69.2,42.08238333333334,19.0,19.0
12926,2026-08-27,BLD,Bhilad,247,0.0,105.0,1714,145,upcoming,upcoming,False,4,13,59,8,afternoon,False,DRD,Dahanu Road,252,1751,108,69.2,42.08238333333334,19.0,19.0
12926,2026-08-27,SJN,Sanjan,248,0.0,105.0,1725,134,upcoming,upcoming,False,4,13,59,8,afternoon,False,DRD,Dahanu Road,252,1751,108,69.2,42.08238333333334,19.0,19.0
12926,2026-08-27,UBR,Umbargam Road,249,0.0,105.0,1731,128,upcoming,upcoming,False,4,13,59,8,afternoon,False,DRD,Dahanu Road,252,1751,108,69.2,42.08238333333334,19.0,19.0
12926,2026-08-27,BRRD,Bordi Road,250,0.0,105.0,1735,124,upcoming,upcoming,False,4,13,59,8,afternoon,False,DRD,Dahanu Road,252,1751,108,69.2,42.08238333333334,19.0,19.0
12926,2026-08-27,GVD,Gholvad,251,0.0,105.0,1740,119,upcoming,upcoming,False,4,13,59,8,afternoon,False,DRD,Dahanu Road,252,1751,108,69.2,42.08238333333334,19.0,19.0
12926,2026-08-27,DRD,Dahanu Road,252,14.0,69.2,1751,108,upcoming,upcoming,True,4,13,59,8,afternoon,False,BVI,Borivali,267,1841,18,18.0,42.08238333333334,19.0,5.0
12926,2026-08-27,VGN,Vangaon,253,0.0,69.2,1763,96,upcoming,upcoming,False,4,13,59,8,afternoon,False,BVI,Borivali,267,1841,18,18.0,42.08238333333334,19.0,19.0
12926,2026-08-27,BOR,Boisar,254,0.0,69.2,1772,87,upcoming,upcoming,False,4,13,59,8,afternoon,False,BVI,Borivali,267,1841,18,18.0,42.08238333333334,19.0,19.0
12926,2026-08-27,UOI,Umroli,255,0.0,69.2,1777,82,upcoming,upcoming,False,4,13,59,8,afternoon,False,BVI,Borivali,267,1841,18,18.0,42.08238333333334,19.0,19.0
12926,2026-08-27,PLG,Palghar,256,0.0,69.2,1784,75,upcoming,upcoming,False,4,13,59,8,afternoon,False,BVI,Borivali,267,1841,18,18.0,42.08238333333334,19.0,19.0
12926,2026-08-27,KLV,Kelva Road,257,0.0,69.2,1792,67,upcoming,upcoming,False,4,13,59,8,afternoon,False,BVI,Borivali,267,1841,18,18.0,42.08238333333334,19.0,19.0
12926,2026-08-27,SAH,Saphale,258,0.0,69.2,1798,61,upcoming,upcoming,False,4,13,59,8,afternoon,False,BVI,Borivali,267,1841,18,18.0,42.08238333333334,19.0,19.0
12926,2026-08-27,VTN,Vaitarna,259,0.0,69.2,1806,53,upcoming,upcoming,False,4,13,59,8,afternoon,False,BVI,Borivali,267,1841,18,18.0,42.08238333333334,19.0,19.0
12926,2026-08-27,VR,Virar,260,0.0,69.2,1815,44,upcoming,upcoming,False,4,13,59,8,afternoon,False,BVI,Borivali,267,1841,18,18.0,42.08238333333334,19.0,19.0
12926,2026-08-27,NSP,Nalla Sopara,261,0.0,69.2,1819,40,upcoming,upcoming,False,4,13,59,8,afternoon,False,BVI,Borivali,267,1841,18,18.0,42.08238333333334,19.0,19.0
12926,2026-08-27,BSR,Vasai Road,262,0.0,69.2,1823,36,upcoming,upcoming,False,4,13,59,8,afternoon,False,BVI,Borivali,267,1841,18,18.0,42.08238333333334,19.0,19.0
12926,2026-08-27,NIG,Naigaon,263,0.0,69.2,1827,32,upcoming,upcoming,False,4,13,59,8,afternoon,False,BVI,Borivali,267,1841,18,18.0,42.08238333333334,19.0,19.0
12926,2026-08-27,BYR,Bhayandar,264,0.0,69.2,1832,27,upcoming,upcoming,False,4,13,59,8,afternoon,False,BVI,Borivali,267,1841,18,18.0,42.08238333333334,19.0,19.0
12926,2026-08-27,MIRA,Mira Road,265,0.0,69.2,1835,24,upcoming,upcoming,False,4,13,59,8,afternoon,False,BVI,Borivali,267,1841,18,18.0,42.08238333333334,19.0,19.0
12926,2026-08-27,DIC,Dahisar,266,0.0,69.2,1838,21,upcoming,upcoming,False,4,13,59,8,afternoon,False,BVI,Borivali,267,1841,18,18.0,42.08238333333334,19.0,19.0
12926,2026-08-27,BVI,Borivali,267,14.0,18.0,1841,18,upcoming,upcoming,True,4,13,59,8,afternoon,False,BDTS,Bandra Terminus,276,1859,0,,42.08238333333334,19.0,5.0
12926,2026-08-27,KILE,Kandivli,268,0.0,18.0,1843,16,upcoming,upcoming,False,4,13,59,8,afternoon,False,BDTS,Bandra Terminus,276,1859,0,,42.08238333333334,19.0,19.0
12926,2026-08-27,MDD,Malad,269,0.0,18.0,1845,14,upcoming,upcoming,False,4,13,59,8,afternoon,False,BDTS,Bandra Terminus,276,1859,0,,42.08238333333334,19.0,19.0
12926,2026-08-27,GMN,Goregaon,270,0.0,18.0,1848,11,upcoming,upcoming,False,4,13,59,8,afternoon,False,BDTS,Bandra Terminus,276,1859,0,,42.08238333333334,19.0,19.0
12926,2026-08-27,RMAR,Ram Mandir,271,0.0,18.0,1849,10,upcoming,upcoming,False,4,13,59,8,afternoon,False,BDTS,Bandra Terminus,276,1859,0,,42.08238333333334,19.0,19.0
12926,2026-08-27,JOS,Jogeshvari,272,0.0,18.0,1851,8,upcoming,upcoming,False,4,13,59,8,afternoon,False,BDTS,Bandra Terminus,276,1859,0,,42.08238333333334,19.0,19.0
12926,2026-08-27,ADH,Andheri,273,0.0,18.0,1853,6,upcoming,upcoming,False,4,13,59,8,afternoon,False,BDTS,Bandra Terminus,276,1859,0,,42.08238333333334,19.0,19.0
12926,2026-08-27,VLP,Ville Parle,274,0.0,18.0,1855,4,upcoming,upcoming,False,4,13,59,8,afternoon,False,BDTS,Bandra Terminus,276,1859,0,,42.08238333333334,19.0,19.0
12926,2026-08-27,STC,Santa Cruz,275,0.0,18.0,1857,2,upcoming,upcoming,False,4,13,59,8,afternoon,False,BDTS,Bandra Terminus,276,1859,0,,42.08238333333334,19.0,19.0
12927,2026-08-27,DDR,Dadar,1,0.0,84.7,0,469,at-station,at-station,True,4,13,55,8,afternoon,False,MRU,Bmby Matunga Road,2,2,467,84.7,3.934633333333333,0.0,0.0
12927,2026-08-27,MRU,Bmby Matunga Road,2,0.0,84.7,2,467,upcoming,upcoming,False,4,13,55,8,afternoon,False,MM,Mahim,3,3,466,84.7,3.934633333333333,0.0,0.0
12927,2026-08-27,MM,Mahim,3,0.0,84.7,3,466,upcoming,upcoming,False,4,13,55,8,afternoon,False,BA,Bandra,4,4,465,84.7,3.934633333333333,0.0,0.0
12927,2026-08-27,BA,Bandra,4,0.0,84.7,4,465,upcoming,upcoming,False,4,13,55,8,afternoon,False,KHAR,Khar,5,6,463,84.7,3.934633333333333,0.0,0.0
12927,2026-08-27,KHAR,Khar,5,0.0,84.7,6,463,upcoming,upcoming,False,4,13,55,8,afternoon,False,STC,Santa Cruz,6,7,462,84.7,3.934633333333333,0.0,0.0
12927,2026-08-27,STC,Santa Cruz,6,0.0,84.7,7,462,upcoming,upcoming,False,4,13,55,8,afternoon,False,VLP,Ville Parle,7,10,459,84.7,3.934633333333333,0.0,0.0
12927,2026-08-27,VLP,Ville Parle,7,0.0,84.7,10,459,upcoming,upcoming,False,4,13,55,8,afternoon,False,ADH,Andheri,8,12,457,84.7,3.934633333333333,0.0,0.0
12927,2026-08-27,ADH,Andheri,8,0.0,84.7,12,457,upcoming,upcoming,False,4,13,55,8,afternoon,False,JOS,Jogeshvari,9,13,456,84.7,3.934633333333333,0.0,0.0
12927,2026-08-27,JOS,Jogeshvari,9,0.0,84.7,13,456,upcoming,upcoming,False,4,13,55,8,afternoon,False,RMAR,Ram Mandir,10,15,454,84.7,3.934633333333333,0.0,0.0
12927,2026-08-27,RMAR,Ram Mandir,10,0.0,84.7,15,454,upcoming,upcoming,False,4,13,55,8,afternoon,False,GMN,Goregaon,11,17,452,84.7,3.934633333333333,0.0,0.0
12927,2026-08-27,GMN,Goregaon,11,0.0,84.7,17,452,upcoming,upcoming,False,4,13,55,8,afternoon,False,MDD,Malad,12,19,450,84.7,3.934633333333333,0.0,0.0
12927,2026-08-27,MDD,Malad,12,0.0,84.7,19,450,upcoming,upcoming,False,4,13,55,8,afternoon,False,KILE,Kandivli,13,21,448,84.7,3.934633333333333,0.0,0.0
12927,2026-08-27,KILE,Kandivli,13,0.0,84.7,21,448,upcoming,upcoming,False,4,13,55,8,afternoon,False,DIC,Dahisar,15,26,443,70.3,3.934633333333333,0.0,0.0
12927,2026-08-27,BVI,Borivali,14,0.0,70.3,24,445,upcoming,upcoming,True,4,13,55,8,afternoon,False,DIC,Dahisar,15,26,443,70.3,3.934633333333333,0.0,0.0
12927,2026-08-27,DIC,Dahisar,15,0.0,70.3,26,443,upcoming,upcoming,False,4,13,55,8,afternoon,False,MIRA,Mira Road,16,30,439,70.3,3.934633333333333,0.0,0.0
12927,2026-08-27,MIRA,Mira Road,16,0.0,70.3,30,439,upcoming,upcoming,False,4,13,55,8,afternoon,False,BYR,Bhayandar,17,33,436,70.3,3.934633333333333,0.0,0.0
12927,2026-08-27,BYR,Bhayandar,17,0.0,70.3,33,436,upcoming,upcoming,False,4,13,55,8,afternoon,False,NIG,Naigaon,18,38,431,70.3,3.934633333333333,0.0,0.0
12927,2026-08-27,NIG,Naigaon,18,0.0,70.3,38,431,upcoming,upcoming,False,4,13,55,8,afternoon,False,BSR,Vasai Road,19,42,427,70.3,3.934633333333333,0.0,0.0
12927,2026-08-27,BSR,Vasai Road,19,0.0,70.3,42,427,upcoming,upcoming,False,4,13,55,8,afternoon,False,NSP,Nalla Sopara,20,46,423,70.3,3.934633333333333,0.0,0.0
12927,2026-08-27,NSP,Nalla Sopara,20,0.0,70.3,46,423,upcoming,upcoming,False,4,13,55,8,afternoon,False,VR,Virar,21,50,419,70.3,3.934633333333333,0.0,0.0
12927,2026-08-27,VR,Virar,21,0.0,70.3,50,419,upcoming,upcoming,False,4,13,55,8,afternoon,False,VTN,Vaitarna,22,58,411,70.3,3.934633333333333,0.0,0.0
12927,2026-08-27,VTN,Vaitarna,22,0.0,70.3,58,411,upcoming,upcoming,False,4,13,55,8,afternoon,False,SAH,Saphale,23,67,402,70.3,3.934633333333333,0.0,0.0
12927,2026-08-27,SAH,Saphale,23,0.0,70.3,67,402,upcoming,upcoming,False,4,13,55,8,afternoon,False,KLV,Kelva Road,24,72,397,70.3,3.934633333333333,0.0,0.0
12927,2026-08-27,KLV,Kelva Road,24,0.0,70.3,72,397,upcoming,upcoming,False,4,13,55,8,afternoon,False,PLG,Palghar,25,81,388,70.3,3.934633333333333,0.0,0.0
12927,2026-08-27,PLG,Palghar,25,0.0,70.3,81,388,upcoming,upcoming,False,4,13,55,8,afternoon,False,UOI,Umroli,26,87,382,70.3,3.934633333333333,0.0,0.0
12927,2026-08-27,UOI,Umroli,26,0.0,70.3,87,382,upcoming,upcoming,False,4,13,55,8,afternoon,False,BOR,Boisar,27,93,376,70.3,3.934633333333333,0.0,0.0
12927,2026-08-27,BOR,Boisar,27,0.0,70.3,93,376,upcoming,upcoming,False,4,13,55,8,afternoon,False,VGN,Vangaon,28,101,368,70.3,3.934633333333333,0.0,0.0
12927,2026-08-27,VGN,Vangaon,28,0.0,70.3,101,368,upcoming,upcoming,False,4,13,55,8,afternoon,False,DRD,Dahanu Road,29,114,355,70.3,3.934633333333333,0.0,0.0
12927,2026-08-27,DRD,Dahanu Road,29,0.0,70.3,114,355,upcoming,upcoming,False,4,13,55,8,afternoon,False,GVD,Gholvad,30,125,344,70.3,3.934633333333333,0.0,0.0
12927,2026-08-27,GVD,Gholvad,30,0.0,70.3,125,344,upcoming,upcoming,False,4,13,55,8,afternoon,False,BRRD,Bordi Road,31,129,340,70.3,3.934633333333333,0.0,0.0
12927,2026-08-27,BRRD,Bordi Road,31,0.0,70.3,129,340,upcoming,upcoming,False,4,13,55,8,afternoon,False,UBR,Umbargam Road,32,134,335,70.3,3.934633333333333,0.0,0.0
12927,2026-08-27,UBR,Umbargam Road,32,0.0,70.3,134,335,upcoming,upcoming,False,4,13,55,8,afternoon,False,SJN,Sanjan,33,139,330,70.3,3.934633333333333,0.0,0.0
12927,2026-08-27,SJN,Sanjan,33,0.0,70.3,139,330,upcoming,upcoming,False,4,13,55,8,afternoon,False,BLD,Bhilad,34,151,318,70.3,3.934633333333333,0.0,0.0
12927,2026-08-27,BLD,Bhilad,34,0.0,70.3,151,318,upcoming,upcoming,False,4,13,55,8,afternoon,False,KEB,Karambeli,35,156,313,70.3,3.934633333333333,0.0,0.0
12927,2026-08-27,KEB,Karambeli,35,0.0,70.3,156,313,upcoming,upcoming,False,4,13,55,8,afternoon,False,VAPI,Vapi,36,162,307,70.3,3.934633333333333,0.0,0.0
12927,2026-08-27,VAPI,Vapi,36,0.0,70.3,162,307,upcoming,upcoming,False,4,13,55,8,afternoon,False,BAGD,Bagwada,37,169,300,70.3,3.934633333333333,0.0,0.0
12927,2026-08-27,BAGD,Bagwada,37,0.0,70.3,169,300,upcoming,upcoming,False,4,13,55,8,afternoon,False,UVD,Udvada,38,172,297,70.3,3.934633333333333,0.0,0.0
12927,2026-08-27,UVD,Udvada,38,0.0,70.3,172,297,upcoming,upcoming,False,4,13,55,8,afternoon,False,PAD,Pardi,39,178,291,70.3,3.934633333333333,0.0,0.0
12927,2026-08-27,PAD,Pardi,39,0.0,70.3,178,291,upcoming,upcoming,False,4,13,55,8,afternoon,False,ATUL,Atul,40,181,288,70.3,3.934633333333333,0.0,0.0
12927,2026-08-27,ATUL,Atul,40,0.0,70.3,181,288,upcoming,upcoming,False,4,13,55,8,afternoon,False,DGI,Dungri,42,197,272,62.7,3.934633333333333,0.0,0.0
12927,2026-08-27,BL,Valsad,41,0.0,62.7,188,281,upcoming,upcoming,True,4,13,55,8,afternoon,False,DGI,Dungri,42,197,272,62.7,3.934633333333333,0.0,0.0
12927,2026-08-27,DGI,Dungri,42,0.0,62.7,197,272,upcoming,upcoming,False,4,13,55,8,afternoon,False,JRS,Joravasan,43,202,267,62.7,3.934633333333333,0.0,0.0
12927,2026-08-27,JRS,Joravasan,43,0.0,62.7,202,267,upcoming,upcoming,False,4,13,55,8,afternoon,False,BIM,Bilimora Jn,44,206,263,62.7,3.934633333333333,0.0,0.0
12927,2026-08-27,BIM,Bilimora Jn,44,0.0,62.7,206,263,upcoming,upcoming,False,4,13,55,8,afternoon,False,AML,Amalsad,45,212,257,62.7,3.934633333333333,0.0,0.0
12927,2026-08-27,AML,Amalsad,45,0.0,62.7,212,257,upcoming,upcoming,False,4,13,55,8,afternoon,False,ACL,Ancheli,46,215,254,62.7,3.934633333333333,0.0,0.0
12927,2026-08-27,ACL,Ancheli,46,0.0,62.7,215,254,upcoming,upcoming,False,4,13,55,8,afternoon,False,VDH,Vedchha,47,219,250,62.7,3.934633333333333,0.0,0.0
12927,2026-08-27,VDH,Vedchha,47,0.0,62.7,219,250,upcoming,upcoming,False,4,13,55,8,afternoon,False,HXR,Hansapore,48,222,247,62.7,3.934633333333333,0.0,0.0
12927,2026-08-27,HXR,Hansapore,48,0.0,62.7,222,247,upcoming,upcoming,False,4,13,55,8,afternoon,False,GNST,Gandhi Smriti,49,224,245,62.7,3.934633333333333,0.0,0.0
12927,2026-08-27,GNST,Gandhi Smriti,49,0.0,62.7,224,245,upcoming,upcoming,False,4,13,55,8,afternoon,False,NVS,Navsari,50,227,242,62.7,3.934633333333333,0.0,0.0
12927,2026-08-27,NVS,Navsari,50,0.0,62.7,227,242,upcoming,upcoming,False,4,13,55,8,afternoon,False,MRL,Maroli,51,236,233,62.7,3.934633333333333,0.0,0.0
12927,2026-08-27,MRL,Maroli,51,0.0,62.7,236,233,upcoming,upcoming,False,4,13,55,8,afternoon,False,SCH,Sachin,52,242,227,62.7,3.934633333333333,0.0,0.0
12927,2026-08-27,SCH,Sachin,52,0.0,62.7,242,227,upcoming,upcoming,False,4,13,55,8,afternoon,False,BHET,Bhestan,53,247,222,62.7,3.934633333333333,0.0,0.0
12927,2026-08-27,BHET,Bhestan,53,0.0,62.7,247,222,upcoming,upcoming,False,4,13,55,8,afternoon,False,UDN,Udhna Jn,54,253,216,62.7,3.934633333333333,0.0,0.0
12927,2026-08-27,UDN,Udhna Jn,54,0.0,62.7,253,216,upcoming,upcoming,False,4,13,55,8,afternoon,False,URN,Utran,56,260,209,80.5,3.934633333333333,0.0,0.0
12927,2026-08-27,ST,Surat,55,0.0,80.5,257,212,upcoming,upcoming,True,4,13,55,8,afternoon,False,URN,Utran,56,260,209,80.5,3.934633333333333,0.0,0.0
12927,2026-08-27,URN,Utran,56,0.0,80.5,260,209,upcoming,upcoming,False,4,13,55,8,afternoon,False,KSE,Kosad,57,264,205,80.5,3.934633333333333,0.0,0.0
12927,2026-08-27,KSE,Kosad,57,0.0,80.5,264,205,upcoming,upcoming,False,4,13,55,8,afternoon,False,GTX,Gothangam,58,267,202,80.5,3.934633333333333,0.0,0.0
12927,2026-08-27,GTX,Gothangam,58,0.0,80.5,267,202,upcoming,upcoming,False,4,13,55,8,afternoon,False,SYN,Sayan,59,270,199,80.5,3.934633333333333,0.0,0.0
12927,2026-08-27,SYN,Sayan,59,0.0,80.5,270,199,upcoming,upcoming,False,4,13,55,8,afternoon,False,KDSD,Kudsad,60,277,192,80.5,3.934633333333333,0.0,0.0
12927,2026-08-27,KDSD,Kudsad,60,0.0,80.5,277,192,upcoming,upcoming,False,4,13,55,8,afternoon,False,KIM,Kim,61,280,189,80.5,3.934633333333333,0.0,0.0
12927,2026-08-27,KIM,Kim,61,0.0,80.5,280,189,upcoming,upcoming,False,4,13,55,8,afternoon,False,KSB,Kosamba Jn,62,288,181,80.5,3.934633333333333,0.0,0.0
12927,2026-08-27,KSB,Kosamba Jn,62,0.0,80.5,288,181,upcoming,upcoming,False,4,13,55,8,afternoon,False,HAT,Hathuran,63,292,177,80.5,3.934633333333333,0.0,0.0
12927,2026-08-27,HAT,Hathuran,63,0.0,80.5,292,177,upcoming,upcoming,False,4,13,55,8,afternoon,False,PAO,Panoli,64,296,173,80.5,3.934633333333333,0.0,0.0
12927,2026-08-27,PAO,Panoli,64,0.0,80.5,296,173,upcoming,upcoming,False,4,13,55,8,afternoon,False,SNJL,Sanjali,65,301,168,80.5,3.934633333333333,0.0,0.0
12927,2026-08-27,SNJL,Sanjali,65,0.0,80.5,301,168,upcoming,upcoming,False,4,13,55,8,afternoon,False,AKV,Ankleshwar Jn,66,306,163,80.5,3.934633333333333,0.0,0.0
12927,2026-08-27,AKV,Ankleshwar Jn,66,0.0,80.5,306,163,upcoming,upcoming,False,4,13,55,8,afternoon,False,CVJ,Chavaj,68,321,148,78.8,3.934633333333333,0.0,0.0
12927,2026-08-27,BH,Bharuch Jn,67,0.0,78.8,316,153,upcoming,upcoming,True,4,13,55,8,afternoon,False,CVJ,Chavaj,68,321,148,78.8,3.934633333333333,0.0,0.0
12927,2026-08-27,CVJ,Chavaj,68,0.0,78.8,321,148,upcoming,upcoming,False,4,13,55,8,afternoon,False,NIU,Nabipur,69,328,141,78.8,3.934633333333333,0.0,0.0
12927,2026-08-27,NIU,Nabipur,69,0.0,78.8,328,141,upcoming,upcoming,False,4,13,55,8,afternoon,False,VRE,Varediya,70,335,134,78.8,3.934633333333333,0.0,0.0
12927,2026-08-27,VRE,Varediya,70,0.0,78.8,335,134,upcoming,upcoming,False,4,13,55,8,afternoon,False,PLJ,Palej,71,341,128,78.8,3.934633333333333,0.0,0.0
12927,2026-08-27,PLJ,Palej,71,0.0,78.8,341,128,upcoming,upcoming,False,4,13,55,8,afternoon,False,LKD,Lakodara,72,348,121,78.8,3.934633333333333,0.0,0.0
12927,2026-08-27,LKD,Lakodara,72,0.0,78.8,348,121,upcoming,upcoming,False,4,13,55,8,afternoon,False,MYG,Miyagam Karjan,73,356,113,78.8,3.934633333333333,0.0,0.0
12927,2026-08-27,MYG,Miyagam Karjan,73,0.0,78.8,356,113,upcoming,upcoming,False,4,13,55,8,afternoon,False,KSPR,Kashipura Sarar,74,364,105,78.8,3.934633333333333,0.0,0.0
12927,2026-08-27,KSPR,Kashipura Sarar,74,0.0,78.8,364,105,upcoming,upcoming,False,4,13,55,8,afternoon,False,ITA,Itola,75,368,101,78.8,3.934633333333333,0.0,0.0
12927,2026-08-27,ITA,Itola,75,0.0,78.8,368,101,upcoming,upcoming,False,4,13,55,8,afternoon,False,VRM,Varnama,76,372,97,78.8,3.934633333333333,0.0,0.0
12927,2026-08-27,VRM,Varnama,76,0.0,78.8,372,97,upcoming,upcoming,False,4,13,55,8,afternoon,False,MPR,Makar Pura,77,378,91,78.8,3.934633333333333,0.0,0.0
12927,2026-08-27,MPR,Makar Pura,77,0.0,78.8,378,91,upcoming,upcoming,False,4,13,55,8,afternoon,False,VS,Vishvamitri Jn,80,389,80,49.8,3.934633333333333,0.0,0.0
12927,2026-08-27,VS,Vishvamitri Jn,78,0.0,18.0,383,86,upcoming,upcoming,True,4,13,55,8,afternoon,False,VS,Vishvamitri Jn,80,389,80,49.8,3.934633333333333,0.0,0.0
12927,2026-08-27,BRC,Vadodara Jn,79,0.0,49.8,386,83,upcoming,upcoming,True,4,13,55,8,afternoon,False,VS,Vishvamitri Jn,80,389,80,49.8,3.934633333333333,0.0,0.0
12927,2026-08-27,VS,Vishvamitri Jn,80,0.0,49.8,389,80,upcoming,upcoming,False,4,13,55,8,afternoon,False,PRTN,Pratapnagar,81,392,77,49.8,3.934633333333333,0.0,0.0
12927,2026-08-27,PRTN,Pratapnagar,81,0.0,49.8,392,77,upcoming,upcoming,False,4,13,55,8,afternoon,False,KEP,Kelanpur,82,400,69,49.8,3.934633333333333,0.0,0.0
12927,2026-08-27,KEP,Kelanpur,82,0.0,49.8,400,69,upcoming,upcoming,False,4,13,55,8,afternoon,False,KDHL,Kundhela,83,403,66,49.8,3.934633333333333,0.0,0.0
12927,2026-08-27,KDHL,Kundhela,83,0.0,49.8,403,66,upcoming,upcoming,False,4,13,55,8,afternoon,False,BILP,Bhilpur,84,408,61,49.8,3.934633333333333,0.0,0.0
12927,2026-08-27,BILP,Bhilpur,84,0.0,49.8,408,61,upcoming,upcoming,False,4,13,55,8,afternoon,False,TWV,Thuwavi,85,412,57,49.8,3.934633333333333,0.0,0.0
12927,2026-08-27,TWV,Thuwavi,85,0.0,49.8,412,57,upcoming,upcoming,False,4,13,55,8,afternoon,False,DB,Dabhoi Jn,86,419,50,49.8,3.934633333333333,0.0,0.0
12927,2026-08-27,DB,Dabhoi Jn,86,0.0,49.8,419,50,upcoming,upcoming,False,4,13,55,8,afternoon,False,VRJ,Vadaj,87,431,38,49.8,3.934633333333333,0.0,0.0
12927,2026-08-27,VRJ,Vadaj,87,0.0,49.8,431,38,upcoming,upcoming,False,4,13,55,8,afternoon,False,CDD,Chandod,88,437,32,49.8,3.934633333333333,0.0,0.0
12927,2026-08-27,CDD,Chandod,88,0.0,49.8,437,32,upcoming,upcoming,False,4,13,55,8,afternoon,False,MORY,Moriya,89,444,25,49.8,3.934633333333333,0.0,0.0
12927,2026-08-27,MORY,Moriya,89,0.0,49.8,444,25,upcoming,upcoming,False,4,13,55,8,afternoon,False,TKWA,Tilakwada,90,454,15,49.8,3.934633333333333,0.0,0.0
12927,2026-08-27,TKWA,Tilakwada,90,0.0,49.8,454,15,upcoming,upcoming,False,4,13,55,8,afternoon,False,GDWR,Garudeshwar,91,463,6,49.8,3.934633333333333,0.0,0.0
12927,2026-08-27,GDWR,Garudeshwar,91,0.0,49.8,463,6,upcoming,upcoming,False,4,13,55,8,afternoon,False,EKNR,Ekta Nagar,92,469,0,,46.0375,0.0,0.0
12927,2026-08-27,MRU,Bmby Matunga Road,2,0.0,84.7,2,467,upcoming,upcoming,False,4,13,59,8,afternoon,False,BVI,Borivali,14,24,445,70.3,42.102866666666664,0.0,0.0
12927,2026-08-27,MM,Mahim,3,0.0,84.7,3,466,upcoming,upcoming,False,4,13,59,8,afternoon,False,BVI,Borivali,14,24,445,70.3,42.102866666666664,0.0,0.0
12927,2026-08-27,BA,Bandra,4,0.0,84.7,4,465,upcoming,upcoming,False,4,13,59,8,afternoon,False,BVI,Borivali,14,24,445,70.3,42.102866666666664,0.0,0.0
12927,2026-08-27,KHAR,Khar,5,0.0,84.7,6,463,upcoming,upcoming,False,4,13,59,8,afternoon,False,BVI,Borivali,14,24,445,70.3,42.102866666666664,0.0,0.0
12927,2026-08-27,STC,Santa Cruz,6,0.0,84.7,7,462,upcoming,upcoming,False,4,13,59,8,afternoon,False,BVI,Borivali,14,24,445,70.3,42.102866666666664,0.0,0.0
12927,2026-08-27,VLP,Ville Parle,7,0.0,84.7,10,459,upcoming,upcoming,False,4,13,59,8,afternoon,False,BVI,Borivali,14,24,445,70.3,42.102866666666664,0.0,0.0
12927,2026-08-27,ADH,Andheri,8,0.0,84.7,12,457,upcoming,upcoming,False,4,13,59,8,afternoon,False,BVI,Borivali,14,24,445,70.3,42.102866666666664,0.0,0.0
12927,2026-08-27,JOS,Jogeshvari,9,0.0,84.7,13,456,upcoming,upcoming,False,4,13,59,8,afternoon,False,BVI,Borivali,14,24,445,70.3,42.102866666666664,0.0,0.0
12927,2026-08-27,RMAR,Ram Mandir,10,0.0,84.7,15,454,upcoming,upcoming,False,4,13,59,8,afternoon,False,BVI,Borivali,14,24,445,70.3,42.102866666666664,0.0,0.0
12927,2026-08-27,GMN,Goregaon,11,0.0,84.7,17,452,upcoming,upcoming,False,4,13,59,8,afternoon,False,BVI,Borivali,14,24,445,70.3,42.102866666666664,0.0,0.0
12927,2026-08-27,MDD,Malad,12,0.0,84.7,19,450,upcoming,upcoming,False,4,13,59,8,afternoon,False,BVI,Borivali,14,24,445,70.3,42.102866666666664,0.0,0.0
12927,2026-08-27,KILE,Kandivli,13,0.0,84.7,21,448,upcoming,upcoming,False,4,13,59,8,afternoon,False,BVI,Borivali,14,24,445,70.3,42.102866666666664,0.0,0.0
12927,2026-08-27,DIC,Dahisar,15,0.0,70.3,26,443,upcoming,upcoming,False,4,13,59,8,afternoon,False,BL,Valsad,41,188,281,62.7,42.102866666666664,0.0,0.0
12927,2026-08-27,MIRA,Mira Road,16,0.0,70.3,30,439,upcoming,upcoming,False,4,13,59,8,afternoon,False,BL,Valsad,41,188,281,62.7,42.102866666666664,0.0,0.0
12927,2026-08-27,BYR,Bhayandar,17,0.0,70.3,33,436,upcoming,upcoming,False,4,13,59,8,afternoon,False,BL,Valsad,41,188,281,62.7,42.102866666666664,0.0,0.0
12927,2026-08-27,NIG,Naigaon,18,0.0,70.3,38,431,upcoming,upcoming,False,4,13,59,8,afternoon,False,BL,Valsad,41,188,281,62.7,42.102866666666664,0.0,0.0
12927,2026-08-27,BSR,Vasai Road,19,0.0,70.3,42,427,upcoming,upcoming,False,4,13,59,8,afternoon,False,BL,Valsad,41,188,281,62.7,42.102866666666664,0.0,0.0
12927,2026-08-27,NSP,Nalla Sopara,20,0.0,70.3,46,423,upcoming,upcoming,False,4,13,59,8,afternoon,False,BL,Valsad,41,188,281,62.7,42.102866666666664,0.0,0.0
12927,2026-08-27,VR,Virar,21,0.0,70.3,50,419,upcoming,upcoming,False,4,13,59,8,afternoon,False,BL,Valsad,41,188,281,62.7,42.102866666666664,0.0,0.0
12927,2026-08-27,VTN,Vaitarna,22,0.0,70.3,58,411,upcoming,upcoming,False,4,13,59,8,afternoon,False,BL,Valsad,41,188,281,62.7,42.102866666666664,0.0,0.0
12927,2026-08-27,SAH,Saphale,23,0.0,70.3,67,402,upcoming,upcoming,False,4,13,59,8,afternoon,False,BL,Valsad,41,188,281,62.7,42.102866666666664,0.0,0.0
12927,2026-08-27,KLV,Kelva Road,24,0.0,70.3,72,397,upcoming,upcoming,False,4,13,59,8,afternoon,False,BL,Valsad,41,188,281,62.7,42.102866666666664,0.0,0.0
12927,2026-08-27,PLG,Palghar,25,0.0,70.3,81,388,upcoming,upcoming,False,4,13,59,8,afternoon,False,BL,Valsad,41,188,281,62.7,42.102866666666664,0.0,0.0
12927,2026-08-27,UOI,Umroli,26,0.0,70.3,87,382,upcoming,upcoming,False,4,13,59,8,afternoon,False,BL,Valsad,41,188,281,62.7,42.102866666666664,0.0,0.0
12927,2026-08-27,BOR,Boisar,27,0.0,70.3,93,376,upcoming,upcoming,False,4,13,59,8,afternoon,False,BL,Valsad,41,188,281,62.7,42.102866666666664,0.0,0.0
12927,2026-08-27,VGN,Vangaon,28,0.0,70.3,101,368,upcoming,upcoming,False,4,13,59,8,afternoon,False,BL,Valsad,41,188,281,62.7,42.102866666666664,0.0,0.0
12927,2026-08-27,DRD,Dahanu Road,29,0.0,70.3,114,355,upcoming,upcoming,False,4,13,59,8,afternoon,False,BL,Valsad,41,188,281,62.7,42.102866666666664,0.0,0.0
12927,2026-08-27,GVD,Gholvad,30,0.0,70.3,125,344,upcoming,upcoming,False,4,13,59,8,afternoon,False,BL,Valsad,41,188,281,62.7,42.102866666666664,0.0,0.0
12927,2026-08-27,BRRD,Bordi Road,31,0.0,70.3,129,340,upcoming,upcoming,False,4,13,59,8,afternoon,False,BL,Valsad,41,188,281,62.7,42.102866666666664,0.0,0.0
12927,2026-08-27,UBR,Umbargam Road,32,0.0,70.3,134,335,upcoming,upcoming,False,4,13,59,8,afternoon,False,BL,Valsad,41,188,281,62.7,42.102866666666664,0.0,0.0
12927,2026-08-27,SJN,Sanjan,33,0.0,70.3,139,330,upcoming,upcoming,False,4,13,59,8,afternoon,False,BL,Valsad,41,188,281,62.7,42.102866666666664,0.0,0.0
12927,2026-08-27,BLD,Bhilad,34,0.0,70.3,151,318,upcoming,upcoming,False,4,13,59,8,afternoon,False,BL,Valsad,41,188,281,62.7,42.102866666666664,0.0,0.0
12927,2026-08-27,KEB,Karambeli,35,0.0,70.3,156,313,upcoming,upcoming,False,4,13,59,8,afternoon,False,BL,Valsad,41,188,281,62.7,42.102866666666664,0.0,0.0
12927,2026-08-27,VAPI,Vapi,36,0.0,70.3,162,307,upcoming,upcoming,False,4,13,59,8,afternoon,False,BL,Valsad,41,188,281,62.7,42.102866666666664,0.0,0.0
12927,2026-08-27,BAGD,Bagwada,37,0.0,70.3,169,300,upcoming,upcoming,False,4,13,59,8,afternoon,False,BL,Valsad,41,188,281,62.7,42.102866666666664,0.0,0.0
12927,2026-08-27,UVD,Udvada,38,0.0,70.3,172,297,upcoming,upcoming,False,4,13,59,8,afternoon,False,BL,Valsad,41,188,281,62.7,42.102866666666664,0.0,0.0
12927,2026-08-27,PAD,Pardi,39,0.0,70.3,178,291,upcoming,upcoming,False,4,13,59,8,afternoon,False,BL,Valsad,41,188,281,62.7,42.102866666666664,0.0,0.0
12927,2026-08-27,ATUL,Atul,40,0.0,70.3,181,288,upcoming,upcoming,False,4,13,59,8,afternoon,False,BL,Valsad,41,188,281,62.7,42.102866666666664,0.0,0.0
12927,2026-08-27,DGI,Dungri,42,0.0,62.7,197,272,upcoming,upcoming,False,4,13,59,8,afternoon,False,ST,Surat,55,257,212,80.5,42.102866666666664,0.0,0.0
12927,2026-08-27,JRS,Joravasan,43,0.0,62.7,202,267,upcoming,upcoming,False,4,13,59,8,afternoon,False,ST,Surat,55,257,212,80.5,42.102866666666664,0.0,0.0
12927,2026-08-27,BIM,Bilimora Jn,44,0.0,62.7,206,263,upcoming,upcoming,False,4,13,59,8,afternoon,False,ST,Surat,55,257,212,80.5,42.102866666666664,0.0,0.0
12927,2026-08-27,AML,Amalsad,45,0.0,62.7,212,257,upcoming,upcoming,False,4,13,59,8,afternoon,False,ST,Surat,55,257,212,80.5,42.102866666666664,0.0,0.0
12927,2026-08-27,ACL,Ancheli,46,0.0,62.7,215,254,upcoming,upcoming,False,4,13,59,8,afternoon,False,ST,Surat,55,257,212,80.5,42.102866666666664,0.0,0.0
12927,2026-08-27,VDH,Vedchha,47,0.0,62.7,219,250,upcoming,upcoming,False,4,13,59,8,afternoon,False,ST,Surat,55,257,212,80.5,42.102866666666664,0.0,0.0
12927,2026-08-27,HXR,Hansapore,48,0.0,62.7,222,247,upcoming,upcoming,False,4,13,59,8,afternoon,False,ST,Surat,55,257,212,80.5,42.102866666666664,0.0,0.0
12927,2026-08-27,GNST,Gandhi Smriti,49,0.0,62.7,224,245,upcoming,upcoming,False,4,13,59,8,afternoon,False,ST,Surat,55,257,212,80.5,42.102866666666664,0.0,0.0
12927,2026-08-27,NVS,Navsari,50,0.0,62.7,227,242,upcoming,upcoming,False,4,13,59,8,afternoon,False,ST,Surat,55,257,212,80.5,42.102866666666664,0.0,0.0
12927,2026-08-27,MRL,Maroli,51,0.0,62.7,236,233,upcoming,upcoming,False,4,13,59,8,afternoon,False,ST,Surat,55,257,212,80.5,42.102866666666664,0.0,0.0
12927,2026-08-27,SCH,Sachin,52,0.0,62.7,242,227,upcoming,upcoming,False,4,13,59,8,afternoon,False,ST,Surat,55,257,212,80.5,42.102866666666664,0.0,0.0
12927,2026-08-27,BHET,Bhestan,53,0.0,62.7,247,222,upcoming,upcoming,False,4,13,59,8,afternoon,False,ST,Surat,55,257,212,80.5,42.102866666666664,0.0,0.0
12927,2026-08-27,UDN,Udhna Jn,54,0.0,62.7,253,216,upcoming,upcoming,False,4,13,59,8,afternoon,False,ST,Surat,55,257,212,80.5,42.102866666666664,0.0,0.0
12927,2026-08-27,URN,Utran,56,0.0,80.5,260,209,upcoming,upcoming,False,4,13,59,8,afternoon,False,BH,Bharuch Jn,67,316,153,78.8,42.102866666666664,0.0,0.0
12927,2026-08-27,KSE,Kosad,57,0.0,80.5,264,205,upcoming,upcoming,False,4,13,59,8,afternoon,False,BH,Bharuch Jn,67,316,153,78.8,42.102866666666664,0.0,0.0
12927,2026-08-27,GTX,Gothangam,58,0.0,80.5,267,202,upcoming,upcoming,False,4,13,59,8,afternoon,False,BH,Bharuch Jn,67,316,153,78.8,42.102866666666664,0.0,0.0
12927,2026-08-27,SYN,Sayan,59,0.0,80.5,270,199,upcoming,upcoming,False,4,13,59,8,afternoon,False,BH,Bharuch Jn,67,316,153,78.8,42.102866666666664,0.0,0.0
12927,2026-08-27,KDSD,Kudsad,60,0.0,80.5,277,192,upcoming,upcoming,False,4,13,59,8,afternoon,False,BH,Bharuch Jn,67,316,153,78.8,42.102866666666664,0.0,0.0
12927,2026-08-27,KIM,Kim,61,0.0,80.5,280,189,upcoming,upcoming,False,4,13,59,8,afternoon,False,BH,Bharuch Jn,67,316,153,78.8,42.102866666666664,0.0,0.0
12927,2026-08-27,KSB,Kosamba Jn,62,0.0,80.5,288,181,upcoming,upcoming,False,4,13,59,8,afternoon,False,BH,Bharuch Jn,67,316,153,78.8,42.102866666666664,0.0,0.0
12927,2026-08-27,HAT,Hathuran,63,0.0,80.5,292,177,upcoming,upcoming,False,4,13,59,8,afternoon,False,BH,Bharuch Jn,67,316,153,78.8,42.102866666666664,0.0,0.0
12927,2026-08-27,PAO,Panoli,64,0.0,80.5,296,173,upcoming,upcoming,False,4,13,59,8,afternoon,False,BH,Bharuch Jn,67,316,153,78.8,42.102866666666664,0.0,0.0
12927,2026-08-27,SNJL,Sanjali,65,0.0,80.5,301,168,upcoming,upcoming,False,4,13,59,8,afternoon,False,BH,Bharuch Jn,67,316,153,78.8,42.102866666666664,0.0,0.0
12927,2026-08-27,AKV,Ankleshwar Jn,66,0.0,80.5,306,163,upcoming,upcoming,False,4,13,59,8,afternoon,False,BH,Bharuch Jn,67,316,153,78.8,42.102866666666664,0.0,0.0
12927,2026-08-27,CVJ,Chavaj,68,0.0,78.8,321,148,upcoming,upcoming,False,4,13,59,8,afternoon,False,VS,Vishvamitri Jn,78,383,86,18.0,42.102866666666664,0.0,0.0
12927,2026-08-27,NIU,Nabipur,69,0.0,78.8,328,141,upcoming,upcoming,False,4,13,59,8,afternoon,False,VS,Vishvamitri Jn,78,383,86,18.0,42.102866666666664,0.0,0.0
12927,2026-08-27,VRE,Varediya,70,0.0,78.8,335,134,upcoming,upcoming,False,4,13,59,8,afternoon,False,VS,Vishvamitri Jn,78,383,86,18.0,42.102866666666664,0.0,0.0
12927,2026-08-27,PLJ,Palej,71,0.0,78.8,341,128,upcoming,upcoming,False,4,13,59,8,afternoon,False,VS,Vishvamitri Jn,78,383,86,18.0,42.102866666666664,0.0,0.0
12927,2026-08-27,LKD,Lakodara,72,0.0,78.8,348,121,upcoming,upcoming,False,4,13,59,8,afternoon,False,VS,Vishvamitri Jn,78,383,86,18.0,42.102866666666664,0.0,0.0
12927,2026-08-27,MYG,Miyagam Karjan,73,0.0,78.8,356,113,upcoming,upcoming,False,4,13,59,8,afternoon,False,VS,Vishvamitri Jn,78,383,86,18.0,42.102866666666664,0.0,0.0
12927,2026-08-27,KSPR,Kashipura Sarar,74,0.0,78.8,364,105,upcoming,upcoming,False,4,13,59,8,afternoon,False,VS,Vishvamitri Jn,78,383,86,18.0,42.102866666666664,0.0,0.0
12927,2026-08-27,ITA,Itola,75,0.0,78.8,368,101,upcoming,upcoming,False,4,13,59,8,afternoon,False,VS,Vishvamitri Jn,78,383,86,18.0,42.102866666666664,0.0,0.0
12927,2026-08-27,VRM,Varnama,76,0.0,78.8,372,97,upcoming,upcoming,False,4,13,59,8,afternoon,False,VS,Vishvamitri Jn,78,383,86,18.0,42.102866666666664,0.0,0.0
12927,2026-08-27,MPR,Makar Pura,77,0.0,78.8,378,91,upcoming,upcoming,False,4,13,59,8,afternoon,False,VS,Vishvamitri Jn,78,383,86,18.0,42.102866666666664,0.0,0.0
12927,2026-08-27,VS,Vishvamitri Jn,80,0.0,49.8,389,80,upcoming,upcoming,False,4,13,59,8,afternoon,False,EKNR,Ekta Nagar,92,469,0,,42.102866666666664,0.0,0.0
12927,2026-08-27,PRTN,Pratapnagar,81,0.0,49.8,392,77,upcoming,upcoming,False,4,13,59,8,afternoon,False,EKNR,Ekta Nagar,92,469,0,,42.102866666666664,0.0,0.0
12927,2026-08-27,KEP,Kelanpur,82,0.0,49.8,400,69,upcoming,upcoming,False,4,13,59,8,afternoon,False,EKNR,Ekta Nagar,92,469,0,,42.102866666666664,0.0,0.0
12927,2026-08-27,KDHL,Kundhela,83,0.0,49.8,403,66,upcoming,upcoming,False,4,13,59,8,afternoon,False,EKNR,Ekta Nagar,92,469,0,,42.102866666666664,0.0,0.0
12927,2026-08-27,BILP,Bhilpur,84,0.0,49.8,408,61,upcoming,upcoming,False,4,13,59,8,afternoon,False,EKNR,Ekta Nagar,92,469,0,,42.102866666666664,0.0,0.0
12927,2026-08-27,TWV,Thuwavi,85,0.0,49.8,412,57,upcoming,upcoming,False,4,13,59,8,afternoon,False,EKNR,Ekta Nagar,92,469,0,,42.102866666666664,0.0,0.0
12927,2026-08-27,DB,Dabhoi Jn,86,0.0,49.8,419,50,upcoming,upcoming,False,4,13,59,8,afternoon,False,EKNR,Ekta Nagar,92,469,0,,42.102866666666664,0.0,0.0
12927,2026-08-27,VRJ,Vadaj,87,0.0,49.8,431,38,upcoming,upcoming,False,4,13,59,8,afternoon,False,EKNR,Ekta Nagar,92,469,0,,42.102866666666664,0.0,0.0
12927,2026-08-27,CDD,Chandod,88,0.0,49.8,437,32,upcoming,upcoming,False,4,13,59,8,afternoon,False,EKNR,Ekta Nagar,92,469,0,,42.102866666666664,0.0,0.0
12927,2026-08-27,MORY,Moriya,89,0.0,49.8,444,25,upcoming,upcoming,False,4,13,59,8,afternoon,False,EKNR,Ekta Nagar,92,469,0,,42.102866666666664,0.0,0.0
12927,2026-08-27,TKWA,Tilakwada,90,0.0,49.8,454,15,upcoming,upcoming,False,4,13,59,8,afternoon,False,EKNR,Ekta Nagar,92,469,0,,42.102866666666664,0.0,0.0
12927,2026-08-27,GDWR,Garudeshwar,91,0.0,49.8,463,6,upcoming,upcoming,False,4,13,59,8,afternoon,False,EKNR,Ekta Nagar,92,469,0,,42.102866666666664,0.0,0.0
12928,2026-08-27,EKNR,Ekta Nagar,1,0.0,58.6,0,469,at-station,at-station,True,4,13,55,8,afternoon,False,GDWR,Garudeshwar,2,6,463,58.6,3.9252166666666666,0.0,0.0
12928,2026-08-27,GDWR,Garudeshwar,2,0.0,58.6,6,463,upcoming,upcoming,False,4,13,55,8,afternoon,False,TKWA,Tilakwada,3,15,454,58.6,3.9252166666666666,0.0,0.0
12928,2026-08-27,TKWA,Tilakwada,3,0.0,58.6,15,454,upcoming,upcoming,False,4,13,55,8,afternoon,False,MORY,Moriya,4,26,443,58.6,3.9252166666666666,0.0,0.0
12928,2026-08-27,MORY,Moriya,4,0.0,58.6,26,443,upcoming,upcoming,False,4,13,55,8,afternoon,False,CDD,Chandod,5,32,437,58.6,3.9252166666666666,0.0,0.0
12928,2026-08-27,CDD,Chandod,5,0.0,58.6,32,437,upcoming,upcoming,False,4,13,55,8,afternoon,False,VRJ,Vadaj,6,39,430,58.6,3.9252166666666666,0.0,0.0
12928,2026-08-27,VRJ,Vadaj,6,0.0,58.6,39,430,upcoming,upcoming,False,4,13,55,8,afternoon,False,DB,Dabhoi Jn,7,50,419,58.6,3.9252166666666666,0.0,0.0
12928,2026-08-27,DB,Dabhoi Jn,7,0.0,58.6,50,419,upcoming,upcoming,False,4,13,55,8,afternoon,False,TWV,Thuwavi,8,58,411,58.6,3.9252166666666666,0.0,0.0
12928,2026-08-27,TWV,Thuwavi,8,0.0,58.6,58,411,upcoming,upcoming,False,4,13,55,8,afternoon,False,BILP,Bhilpur,9,62,407,58.6,3.9252166666666666,0.0,0.0
12928,2026-08-27,BILP,Bhilpur,9,0.0,58.6,62,407,upcoming,upcoming,False,4,13,55,8,afternoon,False,KDHL,Kundhela,10,66,403,58.6,3.9252166666666666,0.0,0.0
12928,2026-08-27,KDHL,Kundhela,10,0.0,58.6,66,403,upcoming,upcoming,False,4,13,55,8,afternoon,False,KEP,Kelanpur,11,70,399,58.6,3.9252166666666666,0.0,0.0
12928,2026-08-27,KEP,Kelanpur,11,0.0,58.6,70,399,upcoming,upcoming,False,4,13,55,8,afternoon,False,PRTN,Pratapnagar,12,77,392,58.6,3.9252166666666666,0.0,0.0
12928,2026-08-27,PRTN,Pratapnagar,12,0.0,58.6,77,392,upcoming,upcoming,False,4,13,55,8,afternoon,False,VS,Vishvamitri Jn,13,80,389,58.6,3.9252166666666666,0.0,0.0
12928,2026-08-27,VS,Vishvamitri Jn,13,0.0,58.6,80,389,upcoming,upcoming,False,4,13,55,8,afternoon,False,VS,Vishvamitri Jn,15,86,383,81.9,3.9252166666666666,0.0,0.0
12928,2026-08-27,BRC,Vadodara Jn,14,0.0,81.9,83,386,upcoming,upcoming,True,4,13,55,8,afternoon,False,VS,Vishvamitri Jn,15,86,383,81.9,3.9252166666666666,0.0,0.0
12928,2026-08-27,VS,Vishvamitri Jn,15,0.0,81.9,86,383,upcoming,upcoming,False,4,13,55,8,afternoon,False,MPR,Makar Pura,16,92,377,81.9,3.9252166666666666,0.0,0.0
12928,2026-08-27,MPR,Makar Pura,16,0.0,81.9,92,377,upcoming,upcoming,False,4,13,55,8,afternoon,False,VRM,Varnama,17,97,372,81.9,3.9252166666666666,0.0,0.0
12928,2026-08-27,VRM,Varnama,17,0.0,81.9,97,372,upcoming,upcoming,False,4,13,55,8,afternoon,False,ITA,Itola,18,101,368,81.9,3.9252166666666666,0.0,0.0
12928,2026-08-27,ITA,Itola,18,0.0,81.9,101,368,upcoming,upcoming,False,4,13,55,8,afternoon,False,KSPR,Kashipura Sarar,19,105,364,81.9,3.9252166666666666,0.0,0.0
12928,2026-08-27,KSPR,Kashipura Sarar,19,0.0,81.9,105,364,upcoming,upcoming,False,4,13,55,8,afternoon,False,MYG,Miyagam Karjan,20,113,356,81.9,3.9252166666666666,0.0,0.0
12928,2026-08-27,MYG,Miyagam Karjan,20,0.0,81.9,113,356,upcoming,upcoming,False,4,13,55,8,afternoon,False,LKD,Lakodara,21,121,348,81.9,3.9252166666666666,0.0,0.0
12928,2026-08-27,LKD,Lakodara,21,0.0,81.9,121,348,upcoming,upcoming,False,4,13,55,8,afternoon,False,PLJ,Palej,22,128,341,81.9,3.9252166666666666,0.0,0.0
12928,2026-08-27,PLJ,Palej,22,0.0,81.9,128,341,upcoming,upcoming,False,4,13,55,8,afternoon,False,VRE,Varediya,23,134,335,81.9,3.9252166666666666,0.0,0.0
12928,2026-08-27,VRE,Varediya,23,0.0,81.9,134,335,upcoming,upcoming,False,4,13,55,8,afternoon,False,NIU,Nabipur,24,141,328,81.9,3.9252166666666666,0.0,0.0
12928,2026-08-27,NIU,Nabipur,24,0.0,81.9,141,328,upcoming,upcoming,False,4,13,55,8,afternoon,False,CVJ,Chavaj,25,148,321,81.9,3.9252166666666666,0.0,0.0
12928,2026-08-27,CVJ,Chavaj,25,0.0,81.9,148,321,upcoming,upcoming,False,4,13,55,8,afternoon,False,AKV,Ankleshwar Jn,27,163,306,60.0,3.9252166666666666,0.0,0.0
12928,2026-08-27,BH,Bharuch Jn,26,0.0,60.0,154,315,upcoming,upcoming,True,4,13,55,8,afternoon,False,AKV,Ankleshwar Jn,27,163,306,60.0,3.9252166666666666,0.0,0.0
12928,2026-08-27,AKV,Ankleshwar Jn,27,0.0,60.0,163,306,upcoming,upcoming,False,4,13,55,8,afternoon,False,SNJL,Sanjali,28,169,300,60.0,3.9252166666666666,0.0,0.0
12928,2026-08-27,SNJL,Sanjali,28,0.0,60.0,169,300,upcoming,upcoming,False,4,13,55,8,afternoon,False,PAO,Panoli,29,173,296,60.0,3.9252166666666666,0.0,0.0
12928,2026-08-27,PAO,Panoli,29,0.0,60.0,173,296,upcoming,upcoming,False,4,13,55,8,afternoon,False,HAT,Hathuran,30,177,292,60.0,3.9252166666666666,0.0,0.0
12928,2026-08-27,HAT,Hathuran,30,0.0,60.0,177,292,upcoming,upcoming,False,4,13,55,8,afternoon,False,KSB,Kosamba Jn,31,181,288,60.0,3.9252166666666666,0.0,0.0
12928,2026-08-27,KSB,Kosamba Jn,31,0.0,60.0,181,288,upcoming,upcoming,False,4,13,55,8,afternoon,False,KIM,Kim,32,189,280,60.0,3.9252166666666666,0.0,0.0
12928,2026-08-27,KIM,Kim,32,0.0,60.0,189,280,upcoming,upcoming,False,4,13,55,8,afternoon,False,KDSD,Kudsad,33,192,277,60.0,3.9252166666666666,0.0,0.0
12928,2026-08-27,KDSD,Kudsad,33,0.0,60.0,192,277,upcoming,upcoming,False,4,13,55,8,afternoon,False,SYN,Sayan,34,199,270,60.0,3.9252166666666666,0.0,0.0
12928,2026-08-27,SYN,Sayan,34,0.0,60.0,199,270,upcoming,upcoming,False,4,13,55,8,afternoon,False,GTX,Gothangam,35,202,267,60.0,3.9252166666666666,0.0,0.0
12928,2026-08-27,GTX,Gothangam,35,0.0,60.0,202,267,upcoming,upcoming,False,4,13,55,8,afternoon,False,KSE,Kosad,36,206,263,60.0,3.9252166666666666,0.0,0.0
12928,2026-08-27,KSE,Kosad,36,0.0,60.0,206,263,upcoming,upcoming,False,4,13,55,8,afternoon,False,URN,Utran,37,209,260,60.0,3.9252166666666666,0.0,0.0
12928,2026-08-27,URN,Utran,37,0.0,60.0,209,260,upcoming,upcoming,False,4,13,55,8,afternoon,False,UDN,Udhna Jn,39,217,252,56.7,3.9252166666666666,0.0,0.0
12928,2026-08-27,ST,Surat,38,0.0,56.7,213,256,upcoming,upcoming,True,4,13,55,8,afternoon,False,UDN,Udhna Jn,39,217,252,56.7,3.9252166666666666,0.0,0.0
12928,2026-08-27,UDN,Udhna Jn,39,0.0,56.7,217,252,upcoming,upcoming,False,4,13,55,8,afternoon,False,BHET,Bhestan,40,222,247,56.7,3.9252166666666666,0.0,0.0
12928,2026-08-27,BHET,Bhestan,40,0.0,56.7,222,247,upcoming,upcoming,False,4,13,55,8,afternoon,False,SCH,Sachin,41,227,242,56.7,3.9252166666666666,0.0,0.0
12928,2026-08-27,SCH,Sachin,41,0.0,56.7,227,242,upcoming,upcoming,False,4,13,55,8,afternoon,False,MRL,Maroli,42,234,235,56.7,3.9252166666666666,0.0,0.0
12928,2026-08-27,MRL,Maroli,42,0.0,56.7,234,235,upcoming,upcoming,False,4,13,55,8,afternoon,False,NVS,Navsari,43,242,227,56.7,3.9252166666666666,0.0,0.0
12928,2026-08-27,NVS,Navsari,43,0.0,56.7,242,227,upcoming,upcoming,False,4,13,55,8,afternoon,False,GNST,Gandhi Smriti,44,245,224,56.7,3.9252166666666666,0.0,0.0
12928,2026-08-27,GNST,Gandhi Smriti,44,0.0,56.7,245,224,upcoming,upcoming,False,4,13,55,8,afternoon,False,HXR,Hansapore,45,247,222,56.7,3.9252166666666666,0.0,0.0
12928,2026-08-27,HXR,Hansapore,45,0.0,56.7,247,222,upcoming,upcoming,False,4,13,55,8,afternoon,False,VDH,Vedchha,46,251,218,56.7,3.9252166666666666,0.0,0.0
12928,2026-08-27,VDH,Vedchha,46,0.0,56.7,251,218,upcoming,upcoming,False,4,13,55,8,afternoon,False,ACL,Ancheli,47,254,215,56.7,3.9252166666666666,0.0,0.0
12928,2026-08-27,ACL,Ancheli,47,0.0,56.7,254,215,upcoming,upcoming,False,4,13,55,8,afternoon,False,AML,Amalsad,48,258,211,56.7,3.9252166666666666,0.0,0.0
12928,2026-08-27,AML,Amalsad,48,0.0,56.7,258,211,upcoming,upcoming,False,4,13,55,8,afternoon,False,BIM,Bilimora Jn,49,263,206,56.7,3.9252166666666666,0.0,0.0
12928,2026-08-27,BIM,Bilimora Jn,49,0.0,56.7,263,206,upcoming,upcoming,False,4,13,55,8,afternoon,False,JRS,Joravasan,50,267,202,56.7,3.9252166666666666,0.0,0.0
12928,2026-08-27,JRS,Joravasan,50,0.0,56.7,267,202,upcoming,upcoming,False,4,13,55,8,afternoon,False,DGI,Dungri,51,272,197,56.7,3.9252166666666666,0.0,0.0
12928,2026-08-27,DGI,Dungri,51,0.0,56.7,272,197,upcoming,upcoming,False,4,13,55,8,afternoon,False,ATUL,Atul,53,288,181,75.7,3.9252166666666666,0.0,0.0
12928,2026-08-27,BL,Valsad,52,0.0,75.7,281,188,upcoming,upcoming,True,4,13,55,8,afternoon,False,ATUL,Atul,53,288,181,75.7,3.9252166666666666,0.0,0.0
12928,2026-08-27,ATUL,Atul,53,0.0,75.7,288,181,upcoming,upcoming,False,4,13,55,8,afternoon,False,PAD,Pardi,54,292,177,75.7,3.9252166666666666,0.0,0.0
12928,2026-08-27,PAD,Pardi,54,0.0,75.7,292,177,upcoming,upcoming,False,4,13,55,8,afternoon,False,UVD,Udvada,55,297,172,75.7,3.9252166666666666,0.0,0.0
12928,2026-08-27,UVD,Udvada,55,0.0,75.7,297,172,upcoming,upcoming,False,4,13,55,8,afternoon,False,BAGD,Bagwada,56,300,169,75.7,3.9252166666666666,0.0,0.0
12928,2026-08-27,BAGD,Bagwada,56,0.0,75.7,300,169,upcoming,upcoming,False,4,13,55,8,afternoon,False,VAPI,Vapi,57,307,162,75.7,3.9252166666666666,0.0,0.0
12928,2026-08-27,VAPI,Vapi,57,0.0,75.7,307,162,upcoming,upcoming,False,4,13,55,8,afternoon,False,KEB,Karambeli,58,314,155,75.7,3.9252166666666666,0.0,0.0
12928,2026-08-27,KEB,Karambeli,58,0.0,75.7,314,155,upcoming,upcoming,False,4,13,55,8,afternoon,False,BLD,Bhilad,59,319,150,75.7,3.9252166666666666,0.0,0.0
12928,2026-08-27,BLD,Bhilad,59,0.0,75.7,319,150,upcoming,upcoming,False,4,13,55,8,afternoon,False,SJN,Sanjan,60,330,139,75.7,3.9252166666666666,0.0,0.0
12928,2026-08-27,SJN,Sanjan,60,0.0,75.7,330,139,upcoming,upcoming,False,4,13,55,8,afternoon,False,UBR,Umbargam Road,61,335,134,75.7,3.9252166666666666,0.0,0.0
12928,2026-08-27,UBR,Umbargam Road,61,0.0,75.7,335,134,upcoming,upcoming,False,4,13,55,8,afternoon,False,BRRD,Bordi Road,62,340,129,75.7,3.9252166666666666,0.0,0.0
12928,2026-08-27,BRRD,Bordi Road,62,0.0,75.7,340,129,upcoming,upcoming,False,4,13,55,8,afternoon,False,GVD,Gholvad,63,345,124,75.7,3.9252166666666666,0.0,0.0
12928,2026-08-27,GVD,Gholvad,63,0.0,75.7,345,124,upcoming,upcoming,False,4,13,55,8,afternoon,False,DRD,Dahanu Road,64,356,113,75.7,3.9252166666666666,0.0,0.0
12928,2026-08-27,DRD,Dahanu Road,64,0.0,75.7,356,113,upcoming,upcoming,False,4,13,55,8,afternoon,False,VGN,Vangaon,65,368,101,75.7,3.9252166666666666,0.0,0.0
12928,2026-08-27,VGN,Vangaon,65,0.0,75.7,368,101,upcoming,upcoming,False,4,13,55,8,afternoon,False,BOR,Boisar,66,377,92,75.7,3.9252166666666666,0.0,0.0
12928,2026-08-27,BOR,Boisar,66,0.0,75.7,377,92,upcoming,upcoming,False,4,13,55,8,afternoon,False,UOI,Umroli,67,382,87,75.7,3.9252166666666666,0.0,0.0
12928,2026-08-27,UOI,Umroli,67,0.0,75.7,382,87,upcoming,upcoming,False,4,13,55,8,afternoon,False,PLG,Palghar,68,389,80,75.7,3.9252166666666666,0.0,0.0
12928,2026-08-27,PLG,Palghar,68,0.0,75.7,389,80,upcoming,upcoming,False,4,13,55,8,afternoon,False,KLV,Kelva Road,69,397,72,75.7,3.9252166666666666,0.0,0.0
12928,2026-08-27,KLV,Kelva Road,69,0.0,75.7,397,72,upcoming,upcoming,False,4,13,55,8,afternoon,False,SAH,Saphale,70,403,66,75.7,3.9252166666666666,0.0,0.0
12928,2026-08-27,SAH,Saphale,70,0.0,75.7,403,66,upcoming,upcoming,False,4,13,55,8,afternoon,False,VTN,Vaitarna,71,411,58,75.7,3.9252166666666666,0.0,0.0
12928,2026-08-27,VTN,Vaitarna,71,0.0,75.7,411,58,upcoming,upcoming,False,4,13,55,8,afternoon,False,VR,Virar,72,419,50,75.7,3.9252166666666666,0.0,0.0
12928,2026-08-27,VR,Virar,72,0.0,75.7,419,50,upcoming,upcoming,False,4,13,55,8,afternoon,False,NSP,Nalla Sopara,73,424,45,75.7,3.9252166666666666,0.0,0.0
12928,2026-08-27,NSP,Nalla Sopara,73,0.0,75.7,424,45,upcoming,upcoming,False,4,13,55,8,afternoon,False,BSR,Vasai Road,74,428,41,75.7,3.9252166666666666,0.0,0.0
12928,2026-08-27,BSR,Vasai Road,74,0.0,75.7,428,41,upcoming,upcoming,False,4,13,55,8,afternoon,False,NIG,Naigaon,75,432,37,75.7,3.9252166666666666,0.0,0.0
12928,2026-08-27,NIG,Naigaon,75,0.0,75.7,432,37,upcoming,upcoming,False,4,13,55,8,afternoon,False,BYR,Bhayandar,76,436,33,75.7,3.9252166666666666,0.0,0.0
12928,2026-08-27,BYR,Bhayandar,76,0.0,75.7,436,33,upcoming,upcoming,False,4,13,55,8,afternoon,False,MIRA,Mira Road,77,440,29,75.7,3.9252166666666666,0.0,0.0
12928,2026-08-27,MIRA,Mira Road,77,0.0,75.7,440,29,upcoming,upcoming,False,4,13,55,8,afternoon,False,DIC,Dahisar,78,443,26,75.7,3.9252166666666666,0.0,0.0
12928,2026-08-27,DIC,Dahisar,78,0.0,75.7,443,26,upcoming,upcoming,False,4,13,55,8,afternoon,False,KILE,Kandivli,80,448,21,25.3,3.9252166666666666,0.0,0.0
12928,2026-08-27,BVI,Borivali,79,0.0,25.3,445,24,upcoming,upcoming,True,4,13,55,8,afternoon,False,KILE,Kandivli,80,448,21,25.3,3.9252166666666666,0.0,0.0
12928,2026-08-27,KILE,Kandivli,80,0.0,25.3,448,21,upcoming,upcoming,False,4,13,55,8,afternoon,False,MDD,Malad,81,450,19,25.3,3.9252166666666666,0.0,0.0
12928,2026-08-27,MDD,Malad,81,0.0,25.3,450,19,upcoming,upcoming,False,4,13,55,8,afternoon,False,GMN,Goregaon,82,453,16,25.3,3.9252166666666666,0.0,0.0
12928,2026-08-27,GMN,Goregaon,82,0.0,25.3,453,16,upcoming,upcoming,False,4,13,55,8,afternoon,False,RMAR,Ram Mandir,83,454,15,25.3,3.9252166666666666,0.0,0.0
12928,2026-08-27,RMAR,Ram Mandir,83,0.0,25.3,454,15,upcoming,upcoming,False,4,13,55,8,afternoon,False,JOS,Jogeshvari,84,456,13,25.3,3.9252166666666666,0.0,0.0
12928,2026-08-27,JOS,Jogeshvari,84,0.0,25.3,456,13,upcoming,upcoming,False,4,13,55,8,afternoon,False,ADH,Andheri,85,458,11,25.3,3.9252166666666666,0.0,0.0
12928,2026-08-27,ADH,Andheri,85,0.0,25.3,458,11,upcoming,upcoming,False,4,13,55,8,afternoon,False,VLP,Ville Parle,86,460,9,25.3,3.9252166666666666,0.0,0.0
12928,2026-08-27,VLP,Ville Parle,86,0.0,25.3,460,9,upcoming,upcoming,False,4,13,55,8,afternoon,False,STC,Santa Cruz,87,462,7,25.3,3.9252166666666666,0.0,0.0
12928,2026-08-27,STC,Santa Cruz,87,0.0,25.3,462,7,upcoming,upcoming,False,4,13,55,8,afternoon,False,KHAR,Khar,88,463,6,25.3,3.9252166666666666,0.0,0.0
12928,2026-08-27,KHAR,Khar,88,0.0,25.3,463,6,upcoming,upcoming,False,4,13,55,8,afternoon,False,BA,Bandra,89,465,4,25.3,3.9252166666666666,0.0,0.0
12928,2026-08-27,BA,Bandra,89,0.0,25.3,465,4,upcoming,upcoming,False,4,13,55,8,afternoon,False,MM,Mahim,90,467,2,25.3,3.9252166666666666,0.0,0.0
12928,2026-08-27,MM,Mahim,90,0.0,25.3,467,2,upcoming,upcoming,False,4,13,55,8,afternoon,False,MRU,Bmby Matunga Road,91,468,1,25.3,3.9252166666666666,0.0,0.0
12928,2026-08-27,MRU,Bmby Matunga Road,91,0.0,25.3,468,1,upcoming,upcoming,False,4,13,55,8,afternoon,False,DDR,Dadar,92,469,0,,46.0422,0.0,0.0
12928,2026-08-27,GDWR,Garudeshwar,2,0.0,58.6,6,463,upcoming,upcoming,False,4,13,59,8,afternoon,False,BRC,Vadodara Jn,14,83,386,81.9,42.11698333333333,0.0,0.0
12928,2026-08-27,TKWA,Tilakwada,3,0.0,58.6,15,454,upcoming,upcoming,False,4,13,59,8,afternoon,False,BRC,Vadodara Jn,14,83,386,81.9,42.11698333333333,0.0,0.0
12928,2026-08-27,MORY,Moriya,4,0.0,58.6,26,443,upcoming,upcoming,False,4,13,59,8,afternoon,False,BRC,Vadodara Jn,14,83,386,81.9,42.11698333333333,0.0,0.0
12928,2026-08-27,CDD,Chandod,5,0.0,58.6,32,437,upcoming,upcoming,False,4,13,59,8,afternoon,False,BRC,Vadodara Jn,14,83,386,81.9,42.11698333333333,0.0,0.0
12928,2026-08-27,VRJ,Vadaj,6,0.0,58.6,39,430,upcoming,upcoming,False,4,13,59,8,afternoon,False,BRC,Vadodara Jn,14,83,386,81.9,42.11698333333333,0.0,0.0
12928,2026-08-27,DB,Dabhoi Jn,7,0.0,58.6,50,419,upcoming,upcoming,False,4,13,59,8,afternoon,False,BRC,Vadodara Jn,14,83,386,81.9,42.11698333333333,0.0,0.0
12928,2026-08-27,TWV,Thuwavi,8,0.0,58.6,58,411,upcoming,upcoming,False,4,13,59,8,afternoon,False,BRC,Vadodara Jn,14,83,386,81.9,42.11698333333333,0.0,0.0
12928,2026-08-27,BILP,Bhilpur,9,0.0,58.6,62,407,upcoming,upcoming,False,4,13,59,8,afternoon,False,BRC,Vadodara Jn,14,83,386,81.9,42.11698333333333,0.0,0.0
12928,2026-08-27,KDHL,Kundhela,10,0.0,58.6,66,403,upcoming,upcoming,False,4,13,59,8,afternoon,False,BRC,Vadodara Jn,14,83,386,81.9,42.11698333333333,0.0,0.0
12928,2026-08-27,KEP,Kelanpur,11,0.0,58.6,70,399,upcoming,upcoming,False,4,13,59,8,afternoon,False,BRC,Vadodara Jn,14,83,386,81.9,42.11698333333333,0.0,0.0
12928,2026-08-27,PRTN,Pratapnagar,12,0.0,58.6,77,392,upcoming,upcoming,False,4,13,59,8,afternoon,False,BRC,Vadodara Jn,14,83,386,81.9,42.11698333333333,0.0,0.0
12928,2026-08-27,VS,Vishvamitri Jn,13,0.0,58.6,80,389,upcoming,upcoming,False,4,13,59,8,afternoon,False,BRC,Vadodara Jn,14,83,386,81.9,42.11698333333333,0.0,0.0
12928,2026-08-27,VS,Vishvamitri Jn,15,0.0,81.9,86,383,upcoming,upcoming,False,4,13,59,8,afternoon,False,BH,Bharuch Jn,26,154,315,60.0,42.11698333333333,0.0,0.0
12928,2026-08-27,MPR,Makar Pura,16,0.0,81.9,92,377,upcoming,upcoming,False,4,13,59,8,afternoon,False,BH,Bharuch Jn,26,154,315,60.0,42.11698333333333,0.0,0.0
12928,2026-08-27,VRM,Varnama,17,0.0,81.9,97,372,upcoming,upcoming,False,4,13,59,8,afternoon,False,BH,Bharuch Jn,26,154,315,60.0,42.11698333333333,0.0,0.0
12928,2026-08-27,ITA,Itola,18,0.0,81.9,101,368,upcoming,upcoming,False,4,13,59,8,afternoon,False,BH,Bharuch Jn,26,154,315,60.0,42.11698333333333,0.0,0.0
12928,2026-08-27,KSPR,Kashipura Sarar,19,0.0,81.9,105,364,upcoming,upcoming,False,4,13,59,8,afternoon,False,BH,Bharuch Jn,26,154,315,60.0,42.11698333333333,0.0,0.0
12928,2026-08-27,MYG,Miyagam Karjan,20,0.0,81.9,113,356,upcoming,upcoming,False,4,13,59,8,afternoon,False,BH,Bharuch Jn,26,154,315,60.0,42.11698333333333,0.0,0.0
12928,2026-08-27,LKD,Lakodara,21,0.0,81.9,121,348,upcoming,upcoming,False,4,13,59,8,afternoon,False,BH,Bharuch Jn,26,154,315,60.0,42.11698333333333,0.0,0.0
12928,2026-08-27,PLJ,Palej,22,0.0,81.9,128,341,upcoming,upcoming,False,4,13,59,8,afternoon,False,BH,Bharuch Jn,26,154,315,60.0,42.11698333333333,0.0,0.0
12928,2026-08-27,VRE,Varediya,23,0.0,81.9,134,335,upcoming,upcoming,False,4,13,59,8,afternoon,False,BH,Bharuch Jn,26,154,315,60.0,42.11698333333333,0.0,0.0
12928,2026-08-27,NIU,Nabipur,24,0.0,81.9,141,328,upcoming,upcoming,False,4,13,59,8,afternoon,False,BH,Bharuch Jn,26,154,315,60.0,42.11698333333333,0.0,0.0
12928,2026-08-27,CVJ,Chavaj,25,0.0,81.9,148,321,upcoming,upcoming,False,4,13,59,8,afternoon,False,BH,Bharuch Jn,26,154,315,60.0,42.11698333333333,0.0,0.0
12928,2026-08-27,AKV,Ankleshwar Jn,27,0.0,60.0,163,306,upcoming,upcoming,False,4,13,59,8,afternoon,False,ST,Surat,38,213,256,56.7,42.11698333333333,0.0,0.0
12928,2026-08-27,SNJL,Sanjali,28,0.0,60.0,169,300,upcoming,upcoming,False,4,13,59,8,afternoon,False,ST,Surat,38,213,256,56.7,42.11698333333333,0.0,0.0
12928,2026-08-27,PAO,Panoli,29,0.0,60.0,173,296,upcoming,upcoming,False,4,13,59,8,afternoon,False,ST,Surat,38,213,256,56.7,42.11698333333333,0.0,0.0
12928,2026-08-27,HAT,Hathuran,30,0.0,60.0,177,292,upcoming,upcoming,False,4,13,59,8,afternoon,False,ST,Surat,38,213,256,56.7,42.11698333333333,0.0,0.0
12928,2026-08-27,KSB,Kosamba Jn,31,0.0,60.0,181,288,upcoming,upcoming,False,4,13,59,8,afternoon,False,ST,Surat,38,213,256,56.7,42.11698333333333,0.0,0.0
12928,2026-08-27,KIM,Kim,32,0.0,60.0,189,280,upcoming,upcoming,False,4,13,59,8,afternoon,False,ST,Surat,38,213,256,56.7,42.11698333333333,0.0,0.0
12928,2026-08-27,KDSD,Kudsad,33,0.0,60.0,192,277,upcoming,upcoming,False,4,13,59,8,afternoon,False,ST,Surat,38,213,256,56.7,42.11698333333333,0.0,0.0
12928,2026-08-27,SYN,Sayan,34,0.0,60.0,199,270,upcoming,upcoming,False,4,13,59,8,afternoon,False,ST,Surat,38,213,256,56.7,42.11698333333333,0.0,0.0
12928,2026-08-27,GTX,Gothangam,35,0.0,60.0,202,267,upcoming,upcoming,False,4,13,59,8,afternoon,False,ST,Surat,38,213,256,56.7,42.11698333333333,0.0,0.0
12928,2026-08-27,KSE,Kosad,36,0.0,60.0,206,263,upcoming,upcoming,False,4,13,59,8,afternoon,False,ST,Surat,38,213,256,56.7,42.11698333333333,0.0,0.0
12928,2026-08-27,URN,Utran,37,0.0,60.0,209,260,upcoming,upcoming,False,4,13,59,8,afternoon,False,ST,Surat,38,213,256,56.7,42.11698333333333,0.0,0.0
12928,2026-08-27,UDN,Udhna Jn,39,0.0,56.7,217,252,upcoming,upcoming,False,4,13,59,8,afternoon,False,BL,Valsad,52,281,188,75.7,42.11698333333333,0.0,0.0
12928,2026-08-27,BHET,Bhestan,40,0.0,56.7,222,247,upcoming,upcoming,False,4,13,59,8,afternoon,False,BL,Valsad,52,281,188,75.7,42.11698333333333,0.0,0.0
12928,2026-08-27,SCH,Sachin,41,0.0,56.7,227,242,upcoming,upcoming,False,4,13,59,8,afternoon,False,BL,Valsad,52,281,188,75.7,42.11698333333333,0.0,0.0
12928,2026-08-27,MRL,Maroli,42,0.0,56.7,234,235,upcoming,upcoming,False,4,13,59,8,afternoon,False,BL,Valsad,52,281,188,75.7,42.11698333333333,0.0,0.0
12928,2026-08-27,NVS,Navsari,43,0.0,56.7,242,227,upcoming,upcoming,False,4,13,59,8,afternoon,False,BL,Valsad,52,281,188,75.7,42.11698333333333,0.0,0.0
12928,2026-08-27,GNST,Gandhi Smriti,44,0.0,56.7,245,224,upcoming,upcoming,False,4,13,59,8,afternoon,False,BL,Valsad,52,281,188,75.7,42.11698333333333,0.0,0.0
12928,2026-08-27,HXR,Hansapore,45,0.0,56.7,247,222,upcoming,upcoming,False,4,13,59,8,afternoon,False,BL,Valsad,52,281,188,75.7,42.11698333333333,0.0,0.0
12928,2026-08-27,VDH,Vedchha,46,0.0,56.7,251,218,upcoming,upcoming,False,4,13,59,8,afternoon,False,BL,Valsad,52,281,188,75.7,42.11698333333333,0.0,0.0
12928,2026-08-27,ACL,Ancheli,47,0.0,56.7,254,215,upcoming,upcoming,False,4,13,59,8,afternoon,False,BL,Valsad,52,281,188,75.7,42.11698333333333,0.0,0.0
12928,2026-08-27,AML,Amalsad,48,0.0,56.7,258,211,upcoming,upcoming,False,4,13,59,8,afternoon,False,BL,Valsad,52,281,188,75.7,42.11698333333333,0.0,0.0
12928,2026-08-27,BIM,Bilimora Jn,49,0.0,56.7,263,206,upcoming,upcoming,False,4,13,59,8,afternoon,False,BL,Valsad,52,281,188,75.7,42.11698333333333,0.0,0.0
12928,2026-08-27,JRS,Joravasan,50,0.0,56.7,267,202,upcoming,upcoming,False,4,13,59,8,afternoon,False,BL,Valsad,52,281,188,75.7,42.11698333333333,0.0,0.0
12928,2026-08-27,DGI,Dungri,51,0.0,56.7,272,197,upcoming,upcoming,False,4,13,59,8,afternoon,False,BL,Valsad,52,281,188,75.7,42.11698333333333,0.0,0.0
12928,2026-08-27,ATUL,Atul,53,0.0,75.7,288,181,upcoming,upcoming,False,4,13,59,8,afternoon,False,BVI,Borivali,79,445,24,25.3,42.11698333333333,0.0,0.0
12928,2026-08-27,PAD,Pardi,54,0.0,75.7,292,177,upcoming,upcoming,False,4,13,59,8,afternoon,False,BVI,Borivali,79,445,24,25.3,42.11698333333333,0.0,0.0
12928,2026-08-27,UVD,Udvada,55,0.0,75.7,297,172,upcoming,upcoming,False,4,13,59,8,afternoon,False,BVI,Borivali,79,445,24,25.3,42.11698333333333,0.0,0.0
12928,2026-08-27,BAGD,Bagwada,56,0.0,75.7,300,169,upcoming,upcoming,False,4,13,59,8,afternoon,False,BVI,Borivali,79,445,24,25.3,42.11698333333333,0.0,0.0
12928,2026-08-27,VAPI,Vapi,57,0.0,75.7,307,162,upcoming,upcoming,False,4,13,59,8,afternoon,False,BVI,Borivali,79,445,24,25.3,42.11698333333333,0.0,0.0
12928,2026-08-27,KEB,Karambeli,58,0.0,75.7,314,155,upcoming,upcoming,False,4,13,59,8,afternoon,False,BVI,Borivali,79,445,24,25.3,42.11698333333333,0.0,0.0
12928,2026-08-27,BLD,Bhilad,59,0.0,75.7,319,150,upcoming,upcoming,False,4,13,59,8,afternoon,False,BVI,Borivali,79,445,24,25.3,42.11698333333333,0.0,0.0
12928,2026-08-27,SJN,Sanjan,60,0.0,75.7,330,139,upcoming,upcoming,False,4,13,59,8,afternoon,False,BVI,Borivali,79,445,24,25.3,42.11698333333333,0.0,0.0
12928,2026-08-27,UBR,Umbargam Road,61,0.0,75.7,335,134,upcoming,upcoming,False,4,13,59,8,afternoon,False,BVI,Borivali,79,445,24,25.3,42.11698333333333,0.0,0.0
12928,2026-08-27,BRRD,Bordi Road,62,0.0,75.7,340,129,upcoming,upcoming,False,4,13,59,8,afternoon,False,BVI,Borivali,79,445,24,25.3,42.11698333333333,0.0,0.0
12928,2026-08-27,GVD,Gholvad,63,0.0,75.7,345,124,upcoming,upcoming,False,4,13,59,8,afternoon,False,BVI,Borivali,79,445,24,25.3,42.11698333333333,0.0,0.0
12928,2026-08-27,DRD,Dahanu Road,64,0.0,75.7,356,113,upcoming,upcoming,False,4,13,59,8,afternoon,False,BVI,Borivali,79,445,24,25.3,42.11698333333333,0.0,0.0
12928,2026-08-27,VGN,Vangaon,65,0.0,75.7,368,101,upcoming,upcoming,False,4,13,59,8,afternoon,False,BVI,Borivali,79,445,24,25.3,42.11698333333333,0.0,0.0
12928,2026-08-27,BOR,Boisar,66,0.0,75.7,377,92,upcoming,upcoming,False,4,13,59,8,afternoon,False,BVI,Borivali,79,445,24,25.3,42.11698333333333,0.0,0.0
12928,2026-08-27,UOI,Umroli,67,0.0,75.7,382,87,upcoming,upcoming,False,4,13,59,8,afternoon,False,BVI,Borivali,79,445,24,25.3,42.11698333333333,0.0,0.0
12928,2026-08-27,PLG,Palghar,68,0.0,75.7,389,80,upcoming,upcoming,False,4,13,59,8,afternoon,False,BVI,Borivali,79,445,24,25.3,42.11698333333333,0.0,0.0
12928,2026-08-27,KLV,Kelva Road,69,0.0,75.7,397,72,upcoming,upcoming,False,4,13,59,8,afternoon,False,BVI,Borivali,79,445,24,25.3,42.11698333333333,0.0,0.0
12928,2026-08-27,SAH,Saphale,70,0.0,75.7,403,66,upcoming,upcoming,False,4,13,59,8,afternoon,False,BVI,Borivali,79,445,24,25.3,42.11698333333333,0.0,0.0
12928,2026-08-27,VTN,Vaitarna,71,0.0,75.7,411,58,upcoming,upcoming,False,4,13,59,8,afternoon,False,BVI,Borivali,79,445,24,25.3,42.11698333333333,0.0,0.0
12928,2026-08-27,VR,Virar,72,0.0,75.7,419,50,upcoming,upcoming,False,4,13,59,8,afternoon,False,BVI,Borivali,79,445,24,25.3,42.11698333333333,0.0,0.0
12928,2026-08-27,NSP,Nalla Sopara,73,0.0,75.7,424,45,upcoming,upcoming,False,4,13,59,8,afternoon,False,BVI,Borivali,79,445,24,25.3,42.11698333333333,0.0,0.0
12928,2026-08-27,BSR,Vasai Road,74,0.0,75.7,428,41,upcoming,upcoming,False,4,13,59,8,afternoon,False,BVI,Borivali,79,445,24,25.3,42.11698333333333,0.0,0.0
12928,2026-08-27,NIG,Naigaon,75,0.0,75.7,432,37,upcoming,upcoming,False,4,13,59,8,afternoon,False,BVI,Borivali,79,445,24,25.3,42.11698333333333,0.0,0.0
12928,2026-08-27,BYR,Bhayandar,76,0.0,75.7,436,33,upcoming,upcoming,False,4,13,59,8,afternoon,False,BVI,Borivali,79,445,24,25.3,42.11698333333333,0.0,0.0
12928,2026-08-27,MIRA,Mira Road,77,0.0,75.7,440,29,upcoming,upcoming,False,4,13,59,8,afternoon,False,BVI,Borivali,79,445,24,25.3,42.11698333333333,0.0,0.0
12928,2026-08-27,DIC,Dahisar,78,0.0,75.7,443,26,upcoming,upcoming,False,4,13,59,8,afternoon,False,BVI,Borivali,79,445,24,25.3,42.11698333333333,0.0,0.0
12928,2026-08-27,KILE,Kandivli,80,0.0,25.3,448,21,upcoming,upcoming,False,4,13,59,8,afternoon,False,DDR,Dadar,92,469,0,,42.11698333333333,0.0,0.0
12928,2026-08-27,MDD,Malad,81,0.0,25.3,450,19,upcoming,upcoming,False,4,13,59,8,afternoon,False,DDR,Dadar,92,469,0,,42.11698333333333,0.0,0.0
12928,2026-08-27,GMN,Goregaon,82,0.0,25.3,453,16,upcoming,upcoming,False,4,13,59,8,afternoon,False,DDR,Dadar,92,469,0,,42.11698333333333,0.0,0.0
12928,2026-08-27,RMAR,Ram Mandir,83,0.0,25.3,454,15,upcoming,upcoming,False,4,13,59,8,afternoon,False,DDR,Dadar,92,469,0,,42.11698333333333,0.0,0.0
12928,2026-08-27,JOS,Jogeshvari,84,0.0,25.3,456,13,upcoming,upcoming,False,4,13,59,8,afternoon,False,DDR,Dadar,92,469,0,,42.11698333333333,0.0,0.0
12928,2026-08-27,ADH,Andheri,85,0.0,25.3,458,11,upcoming,upcoming,False,4,13,59,8,afternoon,False,DDR,Dadar,92,469,0,,42.11698333333333,0.0,0.0
12928,2026-08-27,VLP,Ville Parle,86,0.0,25.3,460,9,upcoming,upcoming,False,4,13,59,8,afternoon,False,DDR,Dadar,92,469,0,,42.11698333333333,0.0,0.0
12928,2026-08-27,STC,Santa Cruz,87,0.0,25.3,462,7,upcoming,upcoming,False,4,13,59,8,afternoon,False,DDR,Dadar,92,469,0,,42.11698333333333,0.0,0.0
12928,2026-08-27,KHAR,Khar,88,0.0,25.3,463,6,upcoming,upcoming,False,4,13,59,8,afternoon,False,DDR,Dadar,92,469,0,,42.11698333333333,0.0,0.0
12928,2026-08-27,BA,Bandra,89,0.0,25.3,465,4,upcoming,upcoming,False,4,13,59,8,afternoon,False,DDR,Dadar,92,469,0,,42.11698333333333,0.0,0.0
12928,2026-08-27,MM,Mahim,90,0.0,25.3,467,2,upcoming,upcoming,False,4,13,59,8,afternoon,False,DDR,Dadar,92,469,0,,42.11698333333333,0.0,0.0
12928,2026-08-27,MRU,Bmby Matunga Road,91,0.0,25.3,468,1,upcoming,upcoming,False,4,13,59,8,afternoon,False,DDR,Dadar,92,469,0,,42.11698333333333,0.0,0.0
