train_number,station_code,station_sequence,current_delay_minutes,current_speed_kmph,current_distance_from_origin_km,current_distance_remaining_km,station_status,running_status,is_halt,day_of_week,hour,minute,month,time_period,is_weekend,prediction_horizon_minutes,future_station_code,future_station_sequence,route_progress,station_gap,delay_horizon_interaction,speed_horizon_distance,target_delay_minutes
12919,DADN,1,4.0,84.0,0,1641,departed,departed,True,4,13,54,8,afternoon,False,4.158333333333333,HKH,2,0.5,1,16.633333333333333,5.821666666666667,0.0
12919,HKH,2,0.0,84.0,3,1638,departed,departed,False,4,13,54,8,afternoon,False,4.158333333333333,RAU,3,0.6666666666666666,1,0.0,5.821666666666667,0.0
12919,RAU,3,0.0,84.0,10,1631,departed,departed,False,4,13,54,8,afternoon,False,4.158333333333333,RJQ,4,0.75,1,0.0,5.821666666666667,0.0
12919,RJQ,4,0.0,84.0,14,1627,departed,departed,False,4,13,54,8,afternoon,False,4.158333333333333,LKMN,5,0.8,1,0.0,5.821666666666667,0.0
12919,LKMN,5,0.0,84.0,17,1624,departed,departed,False,4,13,54,8,afternoon,False,4.158333333333333,SFNR,6,0.8333333333333334,1,0.0,5.821666666666667,0.0
12919,SFNR,6,0.0,84.0,19,1622,departed,departed,False,4,13,54,8,afternoon,False,4.158333333333333,INDB,7,0.8571428571428571,1,0.0,5.821666666666667,10.0
12919,INDB,7,10.0,70.0,21,1620,departed,departed,True,4,13,54,8,afternoon,False,4.158333333333333,LMNR,8,0.875,1,41.58333333333333,4.851388888888889,0.0
12919,LMNR,8,0.0,70.0,24,1617,departed,departed,False,4,13,54,8,afternoon,False,4.158333333333333,MGG,9,0.8888888888888888,1,0.0,4.851388888888889,0.0
12919,MGG,9,0.0,70.0,35,1606,departed,departed,False,4,13,54,8,afternoon,False,4.158333333333333,BLAX,10,0.9,1,0.0,4.851388888888889,0.0
12919,BLAX,10,0.0,70.0,46,1595,departed,departed,False,4,13,54,8,afternoon,False,4.158333333333333,BNJN,11,0.9090909090909091,1,0.0,4.851388888888889,0.0
12919,BNJN,11,5.0,70.0,57,1584,departed,departed,False,4,13,54,8,afternoon,False,4.158333333333333,DWX,12,0.9166666666666666,1,20.791666666666664,4.851388888888889,6.0
12919,DWX,12,6.0,46.2,63,1578,departed,departed,True,4,13,54,8,afternoon,False,4.158333333333333,NRGR,13,0.9230769230769231,1,24.95,3.201916666666667,0.0
12919,NRGR,13,0.0,46.2,72,1569,departed,departed,False,4,13,54,8,afternoon,False,4.158333333333333,UDM,14,0.9285714285714286,1,0.0,3.201916666666667,0.0
12919,UDM,14,0.0,46.2,79,1562,departed,departed,False,4,13,54,8,afternoon,False,4.158333333333333,KDHA,15,0.9333333333333333,1,0.0,3.201916666666667,0.0
12919,KDHA,15,0.0,46.2,85,1556,departed,departed,False,4,13,54,8,afternoon,False,4.158333333333333,VRG,16,0.9375,1,0.0,3.201916666666667,0.0
12919,VRG,16,0.0,46.2,98,1543,departed,departed,False,4,13,54,8,afternoon,False,4.158333333333333,UJN,17,0.9411764705882353,1,0.0,3.201916666666667,6.0
12919,UJN,17,6.0,70.3,103,1538,departed,departed,True,4,13,54,8,afternoon,False,4.158333333333333,PLW,18,0.9444444444444444,1,24.95,4.8721805555555555,0.0
12919,PLW,18,0.0,70.3,112,1529,departed,departed,False,4,13,54,8,afternoon,False,4.158333333333333,TJP,19,0.9473684210526315,1,0.0,4.8721805555555555,0.0
12919,TJP,19,0.0,70.3,118,1523,departed,departed,False,4,13,54,8,afternoon,False,4.158333333333333,SVT,20,0.95,1,0.0,4.8721805555555555,0.0
12919,SVT,20,0.0,70.3,128,1513,departed,departed,False,4,13,54,8,afternoon,False,4.158333333333333,TAN,21,0.9523809523809523,1,0.0,4.8721805555555555,0.0
12919,TAN,21,0.0,70.3,134,1507,departed,departed,False,4,13,54,8,afternoon,False,4.158333333333333,MKC,22,0.9545454545454546,1,0.0,4.8721805555555555,5.0
12919,MKC,22,5.0,76.0,144,1497,departed,departed,True,4,13,54,8,afternoon,False,4.158333333333333,PUO,23,0.9565217391304348,1,20.791666666666664,5.267222222222221,0.0
12919,PUO,23,0.0,76.0,151,1490,departed,departed,False,4,13,54,8,afternoon,False,4.158333333333333,BCH,24,0.9583333333333334,1,0.0,5.267222222222221,8.0
12919,BCH,24,8.0,69.2,163,1478,departed,departed,True,4,13,54,8,afternoon,False,4.158333333333333,KONY,25,0.96,1,33.266666666666666,4.795944444444444,0.0
12919,KONY,25,0.0,69.2,168,1473,departed,departed,False,4,13,54,8,afternoon,False,4.158333333333333,KSH,26,0.9615384615384616,1,0.0,4.795944444444444,0.0
12919,KSH,26,0.0,69.2,175,1466,departed,departed,False,4,13,54,8,afternoon,False,4.158333333333333,BLX,27,0.9629629629629629,1,0.0,4.795944444444444,0.0
12919,BLX,27,0.0,69.2,181,1460,departed,departed,False,4,13,54,8,afternoon,False,4.158333333333333,AKD,28,0.9642857142857143,1,0.0,4.795944444444444,6.0
12919,AKD,28,6.0,65.0,193,1448,departed,departed,True,4,13,54,8,afternoon,False,4.158333333333333,MQE,29,0.9655172413793104,1,24.95,4.504861111111111,0.0
12919,MQE,29,10.0,65.0,200,1441,departed,departed,False,4,13,54,8,afternoon,False,4.158333333333333,SJP,30,0.9666666666666667,1,41.58333333333333,4.504861111111111,8.0
12919,SJP,30,8.0,60.0,206,1435,departed,departed,True,4,13,54,8,afternoon,False,4.158333333333333,CKOD,31,0.967741935483871,1,33.266666666666666,4.158333333333333,0.0
12919,CKOD,31,10.0,60.0,213,1428,departed,departed,False,4,13,54,8,afternoon,False,4.158333333333333,KPP,32,0.96875,1,41.58333333333333,4.158333333333333,10.0
12919,KPP,32,10.0,79.1,219,1422,departed,departed,True,4,13,54,8,afternoon,False,4.158333333333333,JBX,33,0.9696969696969697,1,41.58333333333333,5.482069444444444,0.0
12919,JBX,33,0.0,79.1,226,1415,departed,departed,False,4,13,54,8,afternoon,False,4.158333333333333,PRB,34,0.9705882352941176,1,0.0,5.482069444444444,0.0
12919,PRB,34,0.0,79.1,234,1407,departed,departed,False,4,13,54,8,afternoon,False,4.158333333333333,BKTL,35,0.9714285714285714,1,0.0,5.482069444444444,0.0
12919,BKTL,35,0.0,79.1,240,1401,departed,departed,False,4,13,54,8,afternoon,False,4.158333333333333,SEH,36,0.9722222222222222,1,0.0,5.482069444444444,11.0
12919,SEH,36,11.0,40.0,248,1393,departed,departed,True,4,13,54,8,afternoon,False,4.158333333333333,PNWN,37,0.972972972972973,1,45.74166666666667,2.7722222222222217,0.0
12919,PNWN,37,0.0,40.0,253,1388,departed,departed,False,4,13,54,8,afternoon,False,4.158333333333333,PUD,38,0.9736842105263158,1,0.0,2.7722222222222217,0.0
12919,PUD,38,0.0,40.0,260,1381,departed,departed,False,4,13,54,8,afternoon,False,4.158333333333333,BQE,39,0.9743589743589743,1,0.0,2.7722222222222217,0.0
12919,BQE,39,0.0,40.0,268,1373,departed,departed,False,4,13,54,8,afternoon,False,4.158333333333333,SHRN,40,0.975,1,0.0,2.7722222222222217,2.0
12919,SHRN,40,2.0,24.0,276,1365,departed,departed,True,4,13,54,8,afternoon,False,4.158333333333333,BPL,41,0.975609756097561,1,8.316666666666666,1.6633333333333333,81.0
12919,BPL,41,81.0,10.0,286,1355,at-station,at-station,True,4,13,54,8,afternoon,False,4.158333333333333,NSZ,42,0.9761904761904762,1,336.825,0.6930555555555554,119.0
12919,NSZ,42,114.0,148.6,288,1353,upcoming,upcoming,True,4,13,54,8,afternoon,False,4.158333333333333,SUW,43,0.9767441860465116,1,474.05,10.298805555555555,0.0
12919,SUW,43,0.0,148.6,297,1344,upcoming,upcoming,False,4,13,54,8,afternoon,False,4.158333333333333,BVB,44,0.9772727272727273,1,0.0,10.298805555555555,0.0
12919,BVB,44,0.0,148.6,305,1336,upcoming,upcoming,False,4,13,54,8,afternoon,False,4.158333333333333,DWG,45,0.9777777777777777,1,0.0,10.298805555555555,0.0
12919,DWG,45,0.0,148.6,314,1327,upcoming,upcoming,False,4,13,54,8,afternoon,False,4.158333333333333,SMT,46,0.9782608695652174,1,0.0,10.298805555555555,0.0
12919,SMT,46,0.0,148.6,323,1318,upcoming,upcoming,False,4,13,54,8,afternoon,False,4.158333333333333,SCI,47,0.9787234042553191,1,0.0,10.298805555555555,0.0
12919,SCI,47,0.0,148.6,330,1311,upcoming,upcoming,False,4,13,54,8,afternoon,False,4.158333333333333,BHS,48,0.9791666666666666,1,0.0,10.298805555555555,119.0
12919,BHS,48,114.0,97.5,340,1301,upcoming,upcoming,True,4,13,54,8,afternoon,False,4.158333333333333,SORI,49,0.9795918367346939,1,474.05,6.757291666666666,0.0
12919,SORI,49,0.0,97.5,345,1296,upcoming,upcoming,False,4,13,54,8,afternoon,False,4.158333333333333,SUMR,50,0.98,1,0.0,6.757291666666666,0.0
12919,SUMR,50,0.0,97.5,353,1288,upcoming,upcoming,False,4,13,54,8,afternoon,False,4.158333333333333,GLG,51,0.9803921568627451,1,0.0,6.757291666666666,0.0
12919,GLG,51,0.0,97.5,361,1280,upcoming,upcoming,False,4,13,54,8,afternoon,False,4.158333333333333,PAI,52,0.9807692307692307,1,0.0,6.757291666666666,0.0
12919,PAI,52,0.0,97.5,370,1271,upcoming,upcoming,False,4,13,54,8,afternoon,False,4.158333333333333,BAQ,53,0.9811320754716981,1,0.0,6.757291666666666,119.0
12919,BAQ,53,114.0,48.4,379,1262,upcoming,upcoming,True,4,13,54,8,afternoon,False,4.158333333333333,BET,54,0.9814814814814815,1,474.05,3.354388888888889,0.0
12919,BET,54,0.0,48.4,389,1252,upcoming,upcoming,False,4,13,54,8,afternoon,False,4.158333333333333,CLHT,55,0.9818181818181818,1,0.0,3.354388888888889,0.0
12919,CLHT,55,0.0,48.4,394,1247,upcoming,upcoming,False,4,13,54,8,afternoon,False,4.158333333333333,KAH,56,0.9821428571428571,1,0.0,3.354388888888889,0.0
12919,KAH,56,0.0,48.4,399,1242,upcoming,upcoming,False,4,13,54,8,afternoon,False,4.158333333333333,MABA,57,0.9824561403508771,1,0.0,3.354388888888889,0.0
12919,MABA,57,0.0,48.4,407,1234,upcoming,upcoming,False,4,13,54,8,afternoon,False,4.158333333333333,KIKA,58,0.9827586206896551,1,0.0,3.354388888888889,0.0
12919,KIKA,58,0.0,48.4,415,1226,upcoming,upcoming,False,4,13,54,8,afternoon,False,4.158333333333333,BINA,59,0.9830508474576272,1,0.0,3.354388888888889,119.0
12919,BINA,59,114.0,95.4,425,1216,upcoming,upcoming,True,4,13,54,8,afternoon,False,4.158333333333333,AGD,60,0.9833333333333333,1,474.05,6.61175,0.0
12919,AGD,60,0.0,95.4,433,1208,upcoming,upcoming,False,4,13,54,8,afternoon,False,4.158333333333333,KOA,61,0.9836065573770492,1,0.0,6.61175,0.0
12919,KOA,61,0.0,95.4,444,1197,upcoming,upcoming,False,4,13,54,8,afternoon,False,4.158333333333333,MXS,62,0.9838709677419355,1,0.0,6.61175,0.0
12919,MXS,62,0.0,95.4,451,1190,upcoming,upcoming,False,4,13,54,8,afternoon,False,4.158333333333333,DUA,63,0.9841269841269841,1,0.0,6.61175,0.0
12919,DUA,63,0.0,95.4,459,1182,upcoming,upcoming,False,4,13,54,8,afternoon,False,4.158333333333333,JLN,64,0.984375,1,0.0,6.61175,0.0
12919,JLN,64,0.0,95.4,471,1170,upcoming,upcoming,False,4,13,54,8,afternoon,False,4.158333333333333,JRO,65,0.9846153846153847,1,0.0,6.61175,0.0
12919,JRO,65,0.0,95.4,478,1163,upcoming,upcoming,False,4,13,54,8,afternoon,False,4.158333333333333,LAR,66,0.9848484848484849,1,0.0,6.61175,119.0
12919,LAR,66,114.0,102.6,487,1154,upcoming,upcoming,True,4,13,54,8,afternoon,False,4.158333333333333,DWA,67,0.9850746268656716,1,474.05,7.1107499999999995,0.0
12919,DWA,67,0.0,102.6,498,1143,upcoming,upcoming,False,4,13,54,8,afternoon,False,4.158333333333333,JHA,68,0.9852941176470589,1,0.0,7.1107499999999995,0.0
12919,JHA,68,0.0,102.6,508,1133,upcoming,upcoming,False,4,13,54,8,afternoon,False,4.158333333333333,BJA,69,0.9855072463768116,1,0.0,7.1107499999999995,0.0
12919,BJA,69,0.0,102.6,516,1125,upcoming,upcoming,False,4,13,54,8,afternoon,False,4.158333333333333,TBT,70,0.9857142857142858,1,0.0,7.1107499999999995,0.0
12919,TBT,70,0.0,102.6,527,1114,upcoming,upcoming,False,4,13,54,8,afternoon,False,4.158333333333333,MZX,71,0.9859154929577465,1,0.0,7.1107499999999995,0.0
12919,MZX,71,0.0,102.6,532,1109,upcoming,upcoming,False,4,13,54,8,afternoon,False,4.158333333333333,BZY,72,0.9861111111111112,1,0.0,7.1107499999999995,0.0
12919,BZY,72,0.0,102.6,540,1101,upcoming,upcoming,False,4,13,54,8,afternoon,False,4.158333333333333,BPW,73,0.9863013698630136,1,0.0,7.1107499999999995,0.0
12919,BPW,73,0.0,102.6,548,1093,upcoming,upcoming,False,4,13,54,8,afternoon,False,4.158333333333333,BAB,74,0.9864864864864865,1,0.0,7.1107499999999995,119.0
12919,BAB,74,114.0,42.4,552,1089,upcoming,upcoming,True,4,13,54,8,afternoon,False,4.158333333333333,KHJ,75,0.9866666666666667,1,474.05,2.9385555555555554,0.0
12919,KHJ,75,0.0,42.4,560,1081,upcoming,upcoming,False,4,13,54,8,afternoon,False,4.158333333333333,BJI,76,0.9868421052631579,1,0.0,2.9385555555555554,0.0
12919,BJI,76,0.0,42.4,569,1072,upcoming,upcoming,False,4,13,54,8,afternoon,False,4.158333333333333,VGLJ,77,0.987012987012987,1,0.0,2.9385555555555554,119.0
12919,VGLJ,77,114.0,71.4,576,1065,upcoming,upcoming,True,4,13,54,8,afternoon,False,4.158333333333333,KRQ,78,0.9871794871794872,1,474.05,4.948416666666668,0.0
12919,KRQ,78,0.0,71.4,587,1054,upcoming,upcoming,False,4,13,54,8,afternoon,False,4.158333333333333,CIRL,79,0.9873417721518988,1,0.0,4.948416666666668,0.0
12919,CIRL,79,0.0,71.4,594,1047,upcoming,upcoming,False,4,13,54,8,afternoon,False,4.158333333333333,DAA,80,0.9875,1,0.0,4.948416666666668,119.0
12919,DAA,80,114.0,85.7,601,1040,upcoming,upcoming,True,4,13,54,8,afternoon,False,4.158333333333333,SOR,81,0.9876543209876543,1,474.05,5.939486111111111,0.0
12919,SOR,81,0.0,85.7,612,1029,upcoming,upcoming,False,4,13,54,8,afternoon,False,4.158333333333333,KTRA,82,0.9878048780487805,1,0.0,5.939486111111111,0.0
12919,KTRA,82,0.0,85.7,621,1020,upcoming,upcoming,False,4,13,54,8,afternoon,False,4.158333333333333,DBA,83,0.9879518072289156,1,0.0,5.939486111111111,119.0
12919,DBA,83,114.0,86.0,631,1010,upcoming,upcoming,True,4,13,54,8,afternoon,False,4.158333333333333,SMTL,84,0.9880952380952381,1,474.05,5.960277777777778,0.0
12919,SMTL,84,0.0,86.0,636,1005,upcoming,upcoming,False,4,13,54,8,afternoon,False,4.158333333333333,AEH,85,0.9882352941176471,1,0.0,5.960277777777778,0.0
12919,AEH,85,0.0,86.0,641,1000,upcoming,upcoming,False,4,13,54,8,afternoon,False,4.158333333333333,ARI,86,0.9883720930232558,1,0.0,5.960277777777778,0.0
12919,ARI,86,0.0,86.0,651,990,upcoming,upcoming,False,4,13,54,8,afternoon,False,4.158333333333333,SLV,87,0.9885057471264368,1,0.0,5.960277777777778,0.0
12919,SLV,87,0.0,86.0,658,983,upcoming,upcoming,False,4,13,54,8,afternoon,False,4.158333333333333,STLI,88,0.9886363636363636,1,0.0,5.960277777777778,0.0
12919,STLI,88,0.0,86.0,666,975,upcoming,upcoming,False,4,13,54,8,afternoon,False,4.158333333333333,GWL,89,0.9887640449438202,1,0.0,5.960277777777778,119.0
12919,GWL,89,114.0,80.7,674,967,upcoming,upcoming,True,4,13,54,8,afternoon,False,4.158333333333333,BLNR,90,0.9888888888888889,1,474.05,5.592958333333333,0.0
12919,BLNR,90,0.0,80.7,677,964,upcoming,upcoming,False,4,13,54,8,afternoon,False,4.158333333333333,RRU,91,0.989010989010989,1,0.0,5.592958333333333,0.0
12919,RRU,91,0.0,80.7,688,953,upcoming,upcoming,False,4,13,54,8,afternoon,False,4.158333333333333,BAO,92,0.9891304347826086,1,0.0,5.592958333333333,0.0
12919,BAO,92,0.0,80.7,694,947,upcoming,upcoming,False,4,13,54,8,afternoon,False,4.158333333333333,NUB,93,0.989247311827957,1,0.0,5.592958333333333,0.0
12919,NUB,93,0.0,80.7,700,941,upcoming,upcoming,False,4,13,54,8,afternoon,False,4.158333333333333,SANK,94,0.9893617021276596,1,0.0,5.592958333333333,0.0
12919,SANK,94,0.0,80.7,703,938,upcoming,upcoming,False,4,13,54,8,afternoon,False,4.158333333333333,MRA,95,0.9894736842105263,1,0.0,5.592958333333333,119.0
12919,MRA,95,114.0,39.5,713,928,upcoming,upcoming,True,4,13,54,8,afternoon,False,4.158333333333333,SIKD,96,0.9895833333333334,1,474.05,2.7375694444444445,0.0
12919,SIKD,96,0.0,39.5,721,920,upcoming,upcoming,False,4,13,54,8,afternoon,False,4.158333333333333,HET,97,0.9896907216494846,1,0.0,2.7375694444444445,0.0
12919,HET,97,0.0,39.5,727,914,upcoming,upcoming,False,4,13,54,8,afternoon,False,4.158333333333333,DHO,98,0.9897959183673469,1,0.0,2.7375694444444445,119.0
12919,DHO,98,114.0,106.0,740,901,upcoming,upcoming,True,4,13,54,8,afternoon,False,4.158333333333333,MIA,99,0.98989898989899,1,474.05,7.346388888888888,0.0
12919,MIA,99,0.0,106.0,753,888,upcoming,upcoming,False,4,13,54,8,afternoon,False,4.158333333333333,JJ,100,0.99,1,0.0,7.346388888888888,0.0
12919,JJ,100,0.0,106.0,767,874,upcoming,upcoming,False,4,13,54,8,afternoon,False,4.158333333333333,BHA,101,0.9900990099009901,1,0.0,7.346388888888888,0.0
12919,BHA,101,0.0,106.0,783,858,upcoming,upcoming,False,4,13,54,8,afternoon,False,4.158333333333333,AGC,102,0.9901960784313726,1,0.0,7.346388888888888,119.0
12919,AGC,102,114.0,83.7,793,848,upcoming,upcoming,True,4,13,54,8,afternoon,False,4.158333333333333,RKM,103,0.9902912621359223,1,474.05,5.8008750000000004,0.0
12919,RKM,103,0.0,83.7,797,844,upcoming,upcoming,False,4,13,54,8,afternoon,False,4.158333333333333,BFP,104,0.9903846153846154,1,0.0,5.8008750000000004,0.0
12919,BFP,104,0.0,83.7,798,843,upcoming,upcoming,False,4,13,54,8,afternoon,False,4.158333333333333,RNKA,105,0.9904761904761905,1,0.0,5.8008750000000004,0.0
12919,RNKA,105,0.0,83.7,807,834,upcoming,upcoming,False,4,13,54,8,afternoon,False,4.158333333333333,KXM,106,0.9905660377358491,1,0.0,5.8008750000000004,0.0
12919,KXM,106,0.0,83.7,816,825,upcoming,upcoming,False,4,13,54,8,afternoon,False,4.158333333333333,DDDM,107,0.9906542056074766,1,0.0,5.8008750000000004,0.0
12919,DDDM,107,0.0,83.7,824,817,upcoming,upcoming,False,4,13,54,8,afternoon,False,4.158333333333333,FAR,108,0.9907407407407407,1,0.0,5.8008750000000004,0.0
12919,FAR,108,0.0,83.7,827,814,upcoming,upcoming,False,4,13,54,8,afternoon,False,4.158333333333333,BAD,109,0.9908256880733946,1,0.0,5.8008750000000004,0.0
12919,BAD,109,0.0,83.7,836,805,upcoming,upcoming,False,4,13,54,8,afternoon,False,4.158333333333333,MTJ,110,0.990909090909091,1,0.0,5.8008750000000004,119.0
12919,MTJ,110,114.0,91.1,846,795,upcoming,upcoming,True,4,13,54,8,afternoon,False,4.158333333333333,BTSR,111,0.990990990990991,1,474.05,6.313736111111111,0.0
12919,BTSR,111,0.0,91.1,849,792,upcoming,upcoming,False,4,13,54,8,afternoon,False,4.158333333333333,VRBD,112,0.9910714285714286,1,0.0,6.313736111111111,0.0
12919,VRBD,112,0.0,91.1,856,785,upcoming,upcoming,False,4,13,54,8,afternoon,False,4.158333333333333,AJH,113,0.9911504424778761,1,0.0,6.313736111111111,0.0
12919,AJH,113,0.0,91.1,867,774,upcoming,upcoming,False,4,13,54,8,afternoon,False,4.158333333333333,CHJ,114,0.9912280701754386,1,0.0,6.313736111111111,0.0
12919,CHJ,114,0.0,91.1,877,764,upcoming,upcoming,False,4,13,54,8,afternoon,False,4.158333333333333,KSV,115,0.991304347826087,1,0.0,6.313736111111111,119.0
12919,KSV,115,114.0,40.3,887,754,upcoming,upcoming,True,4,13,54,8,afternoon,False,4.158333333333333,HDL,116,0.9913793103448276,1,474.05,2.7930138888888885,0.0
12919,HDL,116,0.0,40.3,900,741,upcoming,upcoming,False,4,13,54,8,afternoon,False,4.158333333333333,BNCR,117,0.9914529914529915,1,0.0,2.7930138888888885,0.0
12919,BNCR,117,0.0,40.3,906,735,upcoming,upcoming,False,4,13,54,8,afternoon,False,4.158333333333333,SHLK,118,0.9915254237288136,1,0.0,2.7930138888888885,0.0
12919,SHLK,118,0.0,40.3,910,731,upcoming,upcoming,False,4,13,54,8,afternoon,False,4.158333333333333,RDE,119,0.9915966386554622,1,0.0,2.7930138888888885,0.0
12919,RDE,119,0.0,40.3,920,721,upcoming,upcoming,False,4,13,54,8,afternoon,False,4.158333333333333,PWL,120,0.9916666666666667,1,0.0,2.7930138888888885,119.0
12919,PWL,120,114.0,78.8,930,711,upcoming,upcoming,True,4,13,54,8,afternoon,False,4.158333333333333,AST,121,0.9917355371900827,1,474.05,5.461277777777777,0.0
12919,AST,121,0.0,78.8,941,700,upcoming,upcoming,False,4,13,54,8,afternoon,False,4.158333333333333,BVH,122,0.9918032786885246,1,0.0,5.461277777777777,119.0
12919,BVH,122,114.0,53.3,951,690,upcoming,upcoming,True,4,13,54,8,afternoon,False,4.158333333333333,FDN,123,0.991869918699187,1,474.05,3.6939861111111107,0.0
12919,FDN,123,0.0,53.3,955,686,upcoming,upcoming,False,4,13,54,8,afternoon,False,4.158333333333333,FDB,124,0.9919354838709677,1,0.0,3.6939861111111107,119.0
12919,FDB,124,114.0,66.3,959,682,upcoming,upcoming,True,4,13,54,8,afternoon,False,4.158333333333333,TKDC,125,0.992,1,474.05,4.5949583333333335,0.0
12919,TKDC,125,0.0,66.3,963,678,upcoming,upcoming,False,4,13,54,8,afternoon,False,4.158333333333333,TKD,126,0.9920634920634921,1,0.0,4.5949583333333335,0.0
12919,TKD,126,0.0,66.3,969,672,upcoming,upcoming,False,4,13,54,8,afternoon,False,4.158333333333333,OKA,127,0.9921259842519685,1,0.0,4.5949583333333335,0.0
12919,OKA,127,0.0,66.3,976,665,upcoming,upcoming,False,4,13,54,8,afternoon,False,4.158333333333333,NZM,128,0.9921875,1,0.0,4.5949583333333335,119.0
12919,NZM,128,114.0,16.8,980,661,upcoming,upcoming,True,4,13,54,8,afternoon,False,4.158333333333333,TKJ,129,0.9922480620155039,1,474.05,1.1643333333333332,0.0
12919,TKJ,129,0.0,16.8,984,657,upcoming,upcoming,False,4,13,54,8,afternoon,False,4.158333333333333,CSB,130,0.9923076923076923,1,0.0,1.1643333333333332,0.0
12919,CSB,130,0.0,16.8,986,655,upcoming,upcoming,False,4,13,54,8,afternoon,False,4.158333333333333,NDLS,131,0.9923664122137404,1,0.0,1.1643333333333332,119.0
12919,NDLS,131,114.0,66.0,987,654,upcoming,upcoming,True,4,13,54,8,afternoon,False,4.158333333333333,DSB,132,0.9924242424242424,1,474.05,4.574166666666667,0.0
12919,DSB,132,0.0,66.0,988,653,upcoming,upcoming,False,4,13,54,8,afternoon,False,4.158333333333333,SZM,133,0.9924812030075187,1,0.0,4.574166666666667,0.0
12919,SZM,133,0.0,66.0,991,650,upcoming,upcoming,False,4,13,54,8,afternoon,False,4.158333333333333,DAZ,134,0.9925373134328358,1,0.0,4.574166666666667,0.0
12919,DAZ,134,0.0,66.0,995,646,upcoming,upcoming,False,4,13,54,8,afternoon,False,4.158333333333333,ANDI,135,0.9925925925925926,1,0.0,4.574166666666667,0.0
12919,ANDI,135,0.0,66.0,997,644,upcoming,upcoming,False,4,13,54,8,afternoon,False,4.158333333333333,BHD,136,0.9926470588235294,1,0.0,4.574166666666667,0.0
12919,BHD,136,0.0,66.0,1001,640,upcoming,upcoming,False,4,13,54,8,afternoon,False,4.158333333333333,KHKN,137,0.9927007299270073,1,0.0,4.574166666666667,0.0
12919,KHKN,137,0.0,66.0,1005,636,upcoming,upcoming,False,4,13,54,8,afternoon,False,4.158333333333333,HUK,138,0.9927536231884058,1,0.0,4.574166666666667,0.0
12919,HUK,138,0.0,66.0,1009,632,upcoming,upcoming,False,4,13,54,8,afternoon,False,4.158333333333333,NUR,139,0.9928057553956835,1,0.0,4.574166666666667,0.0
12919,NUR,139,0.0,66.0,1014,627,upcoming,upcoming,False,4,13,54,8,afternoon,False,4.158333333333333,RDDE,140,0.9928571428571429,1,0.0,4.574166666666667,0.0
12919,RDDE,140,0.0,66.0,1021,620,upcoming,upcoming,False,4,13,54,8,afternoon,False,4.158333333333333,HNN,141,0.9929078014184397,1,0.0,4.574166666666667,0.0
12919,HNN,141,0.0,66.0,1026,615,upcoming,upcoming,False,4,13,54,8,afternoon,False,4.158333333333333,SNP,142,0.9929577464788732,1,0.0,4.574166666666667,119.0
12919,SNP,142,114.0,96.4,1031,610,upcoming,upcoming,True,4,13,54,8,afternoon,False,4.158333333333333,SLKN,143,0.993006993006993,1,474.05,6.681055555555556,0.0
12919,SLKN,143,0.0,96.4,1040,601,upcoming,upcoming,False,4,13,54,8,afternoon,False,4.158333333333333,RUG,144,0.9930555555555556,1,0.0,6.681055555555556,0.0
12919,RUG,144,0.0,96.4,1043,598,upcoming,upcoming,False,4,13,54,8,afternoon,False,4.158333333333333,GNU,145,0.993103448275862,1,0.0,6.681055555555556,0.0
12919,GNU,145,0.0,96.4,1047,594,upcoming,upcoming,False,4,13,54,8,afternoon,False,4.158333333333333,BDMJ,146,0.9931506849315068,1,0.0,6.681055555555556,0.0
12919,BDMJ,146,0.0,96.4,1053,588,upcoming,upcoming,False,4,13,54,8,afternoon,False,4.158333333333333,SMK,147,0.9931972789115646,1,0.0,6.681055555555556,0.0
12919,SMK,147,0.0,96.4,1059,582,upcoming,upcoming,False,4,13,54,8,afternoon,False,4.158333333333333,DWNA,148,0.9932432432432432,1,0.0,6.681055555555556,0.0
12919,DWNA,148,0.0,96.4,1068,573,upcoming,upcoming,False,4,13,54,8,afternoon,False,4.158333333333333,PNP,149,0.9932885906040269,1,0.0,6.681055555555556,119.0
12919,PNP,149,114.0,95.5,1076,565,upcoming,upcoming,True,4,13,54,8,afternoon,False,4.158333333333333,BBDE,150,0.9933333333333333,1,474.05,6.618680555555556,0.0
12919,BBDE,150,0.0,95.5,1083,558,upcoming,upcoming,False,4,13,54,8,afternoon,False,4.158333333333333,KFU,151,0.9933774834437086,1,0.0,6.618680555555556,0.0
12919,KFU,151,0.0,95.5,1088,553,upcoming,upcoming,False,4,13,54,8,afternoon,False,4.158333333333333,GRA,152,0.993421052631579,1,0.0,6.618680555555556,0.0
12919,GRA,152,0.0,95.5,1093,548,upcoming,upcoming,False,4,13,54,8,afternoon,False,4.158333333333333,BZJT,153,0.9934640522875817,1,0.0,6.618680555555556,0.0
12919,BZJT,153,0.0,95.5,1101,540,upcoming,upcoming,False,4,13,54,8,afternoon,False,4.158333333333333,KUN,154,0.9935064935064936,1,0.0,6.618680555555556,119.0
12919,KUN,154,114.0,82.5,1111,530,upcoming,upcoming,True,4,13,54,8,afternoon,False,4.158333333333333,BZK,155,0.9935483870967742,1,474.05,5.717708333333333,0.0
12919,BZK,155,0.0,82.5,1117,524,upcoming,upcoming,False,4,13,54,8,afternoon,False,4.158333333333333,TRR,156,0.9935897435897436,1,0.0,5.717708333333333,0.0
12919,TRR,156,0.0,82.5,1123,518,upcoming,upcoming,False,4,13,54,8,afternoon,False,4.158333333333333,NLKR,157,0.9936305732484076,1,0.0,5.717708333333333,0.0
12919,NLKR,157,0.0,82.5,1127,514,upcoming,upcoming,False,4,13,54,8,afternoon,False,4.158333333333333,AMIN,158,0.9936708860759493,1,0.0,5.717708333333333,0.0
12919,AMIN,158,0.0,82.5,1135,506,upcoming,upcoming,False,4,13,54,8,afternoon,False,4.158333333333333,KKDE,159,0.9937106918238994,1,0.0,5.717708333333333,119.0
12919,KKDE,159,114.0,42.4,1144,497,upcoming,upcoming,True,4,13,54,8,afternoon,False,4.158333333333333,DHKR,160,0.99375,1,474.05,2.9385555555555554,0.0
12919,DHKR,160,0.0,42.4,1149,492,upcoming,upcoming,False,4,13,54,8,afternoon,False,4.158333333333333,DPP,161,0.9937888198757764,1,0.0,2.9385555555555554,0.0
12919,DPP,161,0.0,42.4,1155,486,upcoming,upcoming,False,4,13,54,8,afternoon,False,4.158333333333333,DHMZ,162,0.9938271604938271,1,0.0,2.9385555555555554,0.0
12919,DHMZ,162,0.0,42.4,1160,481,upcoming,upcoming,False,4,13,54,8,afternoon,False,4.158333333333333,SHDM,163,0.9938650306748467,1,0.0,2.9385555555555554,0.0
12919,SHDM,163,0.0,42.4,1166,475,upcoming,upcoming,False,4,13,54,8,afternoon,False,4.158333333333333,MOY,164,0.9939024390243902,1,0.0,2.9385555555555554,0.0
12919,MOY,164,0.0,42.4,1176,465,upcoming,upcoming,False,4,13,54,8,afternoon,False,4.158333333333333,UMB,165,0.9939393939393939,1,0.0,2.9385555555555554,119.0
12919,UMB,165,114.0,96.4,1185,456,upcoming,upcoming,True,4,13,54,8,afternoon,False,4.158333333333333,UBC,166,0.9939759036144579,1,474.05,6.681055555555556,0.0
12919,UBC,166,0.0,96.4,1193,448,upcoming,upcoming,False,4,13,54,8,afternoon,False,4.158333333333333,SMU,167,0.9940119760479041,1,0.0,6.681055555555556,0.0
12919,SMU,167,0.0,96.4,1202,439,upcoming,upcoming,False,4,13,54,8,afternoon,False,4.158333333333333,RPJ,168,0.9940476190476191,1,0.0,6.681055555555556,0.0
12919,RPJ,168,0.0,96.4,1213,428,upcoming,upcoming,False,4,13,54,8,afternoon,False,4.158333333333333,SBJ,169,0.9940828402366864,1,0.0,6.681055555555556,0.0
12919,SBJ,169,0.0,96.4,1222,419,upcoming,upcoming,False,4,13,54,8,afternoon,False,4.158333333333333,SDY,170,0.9941176470588236,1,0.0,6.681055555555556,0.0
12919,SDY,170,0.0,96.4,1231,410,upcoming,upcoming,False,4,13,54,8,afternoon,False,4.158333333333333,SIR,171,0.9941520467836257,1,0.0,6.681055555555556,119.0
12919,SIR,171,114.0,72.0,1238,403,upcoming,upcoming,True,4,13,54,8,afternoon,False,4.158333333333333,GVG,172,0.9941860465116279,1,474.05,4.989999999999999,0.0
12919,GVG,172,0.0,72.0,1248,393,upcoming,upcoming,False,4,13,54,8,afternoon,False,4.158333333333333,KNN,173,0.9942196531791907,1,0.0,4.989999999999999,119.0
12919,KNN,173,114.0,35.3,1256,385,upcoming,upcoming,True,4,13,54,8,afternoon,False,4.158333333333333,CHA,174,0.9942528735632183,1,474.05,2.446486111111111,0.0
12919,CHA,174,0.0,35.3,1267,374,upcoming,upcoming,False,4,13,54,8,afternoon,False,4.158333333333333,DOA,175,0.9942857142857143,1,0.0,2.446486111111111,0.0
12919,DOA,175,0.0,35.3,1276,365,upcoming,upcoming,False,4,13,54,8,afternoon,False,4.158333333333333,SNL,176,0.9943181818181818,1,0.0,2.446486111111111,0.0
12919,SNL,176,0.0,35.3,1284,357,upcoming,upcoming,False,4,13,54,8,afternoon,False,4.158333333333333,DDL,177,0.9943502824858758,1,0.0,2.446486111111111,0.0
12919,DDL,177,0.0,35.3,1292,349,upcoming,upcoming,False,4,13,54,8,afternoon,False,4.158333333333333,BHOI,178,0.9943820224719101,1,0.0,2.446486111111111,0.0
12919,BHOI,178,0.0,35.3,1296,345,upcoming,upcoming,False,4,13,54,8,afternoon,False,4.158333333333333,LDH,179,0.994413407821229,1,0.0,2.446486111111111,119.0
12919,LDH,179,114.0,72.6,1299,342,upcoming,upcoming,True,4,13,54,8,afternoon,False,4.158333333333333,LDW,180,0.9944444444444445,1,474.05,5.031583333333333,0.0
12919,LDW,180,0.0,72.6,1308,333,upcoming,upcoming,False,4,13,54,8,afternoon,False,4.158333333333333,PHR,181,0.994475138121547,1,0.0,5.031583333333333,0.0
12919,PHR,181,0.0,72.6,1312,329,upcoming,upcoming,False,4,13,54,8,afternoon,False,4.158333333333333,BTTN,182,0.9945054945054945,1,0.0,5.031583333333333,0.0
12919,BTTN,182,0.0,72.6,1319,322,upcoming,upcoming,False,4,13,54,8,afternoon,False,4.158333333333333,GRY,183,0.994535519125683,1,0.0,5.031583333333333,0.0
12919,GRY,183,0.0,72.6,1325,316,upcoming,upcoming,False,4,13,54,8,afternoon,False,4.158333333333333,MAUL,184,0.9945652173913043,1,0.0,5.031583333333333,0.0
12919,MAUL,184,0.0,72.6,1329,312,upcoming,upcoming,False,4,13,54,8,afternoon,False,4.158333333333333,PGW,185,0.9945945945945946,1,0.0,5.031583333333333,0.0
12919,PGW,185,0.0,72.6,1334,307,upcoming,upcoming,False,4,13,54,8,afternoon,False,4.158333333333333,CEU,186,0.9946236559139785,1,0.0,5.031583333333333,0.0
12919,CEU,186,0.0,72.6,1342,299,upcoming,upcoming,False,4,13,54,8,afternoon,False,4.158333333333333,JRC,187,0.9946524064171123,1,0.0,5.031583333333333,119.0
12919,JRC,187,114.0,53.5,1351,290,upcoming,upcoming,True,4,13,54,8,afternoon,False,4.158333333333333,SCPD,188,0.9946808510638298,1,474.05,3.707847222222222,0.0
12919,SCPD,188,0.0,53.5,1355,286,upcoming,upcoming,False,4,13,54,8,afternoon,False,4.158333333333333,AWL,189,0.9947089947089947,1,0.0,3.707847222222222,0.0
12919,AWL,189,0.0,53.5,1366,275,upcoming,upcoming,False,4,13,54,8,afternoon,False,4.158333333333333,KKL,190,0.9947368421052631,1,0.0,3.707847222222222,0.0
12919,KKL,190,0.0,53.5,1371,270,upcoming,upcoming,False,4,13,54,8,afternoon,False,4.158333333333333,BPRS,191,0.9947643979057592,1,0.0,3.707847222222222,0.0
12919,BPRS,191,0.0,53.5,1380,261,upcoming,upcoming,False,4,13,54,8,afternoon,False,4.158333333333333,CGH,192,0.9947916666666666,1,0.0,3.707847222222222,0.0
12919,CGH,192,0.0,53.5,1387,254,upcoming,upcoming,False,4,13,54,8,afternoon,False,4.158333333333333,TDO,193,0.9948186528497409,1,0.0,3.707847222222222,0.0
12919,TDO,193,0.0,53.5,1393,248,upcoming,upcoming,False,4,13,54,8,afternoon,False,4.158333333333333,KZX,194,0.9948453608247423,1,0.0,3.707847222222222,0.0
12919,KZX,194,0.0,53.5,1401,240,upcoming,upcoming,False,4,13,54,8,afternoon,False,4.158333333333333,GSB,195,0.9948717948717949,1,0.0,3.707847222222222,0.0
12919,GSB,195,0.0,53.5,1406,235,upcoming,upcoming,False,4,13,54,8,afternoon,False,4.158333333333333,DZA,196,0.9948979591836735,1,0.0,3.707847222222222,119.0
12919,DZA,196,114.0,60.0,1409,232,upcoming,upcoming,True,4,13,54,8,afternoon,False,4.158333333333333,UCB,197,0.9949238578680203,1,474.05,4.158333333333333,0.0
12919,UCB,197,0.0,60.0,1415,226,upcoming,upcoming,False,4,13,54,8,afternoon,False,4.158333333333333,MEX,198,0.9949494949494949,1,0.0,4.158333333333333,119.0
12919,MEX,198,114.0,88.9,1424,217,upcoming,upcoming,True,4,13,54,8,afternoon,False,4.158333333333333,BNGL,199,0.9949748743718593,1,474.05,6.161263888888889,0.0
12919,BNGL,199,0.0,88.9,1434,207,upcoming,upcoming,False,4,13,54,8,afternoon,False,4.158333333333333,MRTL,200,0.995,1,0.0,6.161263888888889,0.0
12919,MRTL,200,0.0,88.9,1444,197,upcoming,upcoming,False,4,13,54,8,afternoon,False,4.158333333333333,GILA,201,0.9950248756218906,1,0.0,6.161263888888889,0.0
12919,GILA,201,0.0,88.9,1450,191,upcoming,upcoming,False,4,13,54,8,afternoon,False,4.158333333333333,KNDI,202,0.995049504950495,1,0.0,6.161263888888889,0.0
12919,KNDI,202,0.0,88.9,1455,186,upcoming,upcoming,False,4,13,54,8,afternoon,False,4.158333333333333,PTKC,203,0.9950738916256158,1,0.0,6.161263888888889,119.0
12919,PTKC,203,114.0,36.3,1464,177,upcoming,upcoming,True,4,13,54,8,afternoon,False,4.158333333333333,BHRL,204,0.9950980392156863,1,474.05,2.5157916666666664,0.0
12919,BHRL,204,0.0,36.3,1467,174,upcoming,upcoming,False,4,13,54,8,afternoon,False,4.158333333333333,SJNP,205,0.9951219512195122,1,0.0,2.5157916666666664,0.0
12919,SJNP,205,0.0,36.3,1472,169,upcoming,upcoming,False,4,13,54,8,afternoon,False,4.158333333333333,MDPB,206,0.9951456310679612,1,0.0,2.5157916666666664,0.0
12919,MDPB,206,0.0,36.3,1479,162,upcoming,upcoming,False,4,13,54,8,afternoon,False,4.158333333333333,MSKT,207,0.9951690821256038,1,0.0,2.5157916666666664,119.0
12919,MSKT,207,114.0,57.0,1487,154,upcoming,upcoming,True,4,13,54,8,afternoon,False,4.158333333333333,BDHY,208,0.9951923076923077,1,474.05,3.950416666666667,0.0
12919,BDHY,208,0.0,57.0,1500,141,upcoming,upcoming,False,4,13,54,8,afternoon,False,4.158333333333333,CHNR,209,0.9952153110047847,1,0.0,3.950416666666667,0.0
12919,CHNR,209,0.0,57.0,1507,134,upcoming,upcoming,False,4,13,54,8,afternoon,False,4.158333333333333,CKDL,210,0.9952380952380953,1,0.0,3.950416666666667,0.0
12919,CKDL,210,0.0,57.0,1513,128,upcoming,upcoming,False,4,13,54,8,afternoon,False,4.158333333333333,HRNR,211,0.995260663507109,1,0.0,3.950416666666667,0.0
12919,HRNR,211,0.0,57.0,1516,125,upcoming,upcoming,False,4,13,54,8,afternoon,False,4.158333333333333,GHGL,212,0.9952830188679245,1,0.0,3.950416666666667,0.0
12919,GHGL,212,0.0,57.0,1522,119,upcoming,upcoming,False,4,13,54,8,afternoon,False,4.158333333333333,SMBX,213,0.9953051643192489,1,0.0,3.950416666666667,0.0
12919,SMBX,213,0.0,57.0,1531,110,upcoming,upcoming,False,4,13,54,8,afternoon,False,4.158333333333333,VJPJ,214,0.9953271028037384,1,0.0,3.950416666666667,0.0
12919,VJPJ,214,0.0,57.0,1542,99,upcoming,upcoming,False,4,13,54,8,afternoon,False,4.158333333333333,BBMN,215,0.9953488372093023,1,0.0,3.950416666666667,0.0
12919,BBMN,215,0.0,57.0,1555,86,upcoming,upcoming,False,4,13,54,8,afternoon,False,4.158333333333333,JAT,216,0.9953703703703703,1,0.0,3.950416666666667,119.0
12919,JAT,216,114.0,60.0,1563,78,upcoming,upcoming,True,4,13,54,8,afternoon,False,4.158333333333333,BLA,217,0.9953917050691244,1,474.05,4.158333333333333,0.0
12919,BLA,217,0.0,60.0,1574,67,upcoming,upcoming,False,4,13,54,8,afternoon,False,4.158333333333333,SGRR,218,0.9954128440366973,1,0.0,4.158333333333333,0.0
12919,SGRR,218,0.0,60.0,1585,56,upcoming,upcoming,False,4,13,54,8,afternoon,False,4.158333333333333,MNWL,219,0.9954337899543378,1,0.0,4.158333333333333,0.0
12919,MNWL,219,0.0,60.0,1595,46,upcoming,upcoming,False,4,13,54,8,afternoon,False,4.158333333333333,RMJK,220,0.9954545454545455,1,0.0,4.158333333333333,119.0
12919,RMJK,220,114.0,27.3,1607,34,upcoming,upcoming,True,4,13,54,8,afternoon,False,4.158333333333333,MCTM,221,0.995475113122172,1,474.05,1.8920416666666666,119.0
12919,MCTM,221,114.0,41.5,1617,24,upcoming,upcoming,True,4,13,54,8,afternoon,False,4.158333333333333,CRWL,222,0.9954954954954955,1,474.05,2.8761805555555555,119.0
12919,CRWL,222,114.0,30.0,1626,15,upcoming,upcoming,True,4,13,54,8,afternoon,False,4.158333333333333,SVDK,223,0.9955156950672646,1,474.05,2.0791666666666666,119.0
12919,DADN,1,4.0,84.0,0,1641,departed,departed,True,4,13,59,8,afternoon,False,41.92550000000001,INDB,7,0.14285714285714285,6,167.70200000000003,58.69570000000001,10.0
12919,HKH,2,0.0,84.0,3,1638,departed,departed,False,4,13,59,8,afternoon,False,41.92550000000001,INDB,7,0.2857142857142857,5,0.0,58.69570000000001,10.0
12919,RAU,3,0.0,84.0,10,1631,departed,departed,False,4,13,59,8,afternoon,False,41.92550000000001,INDB,7,0.42857142857142855,4,0.0,58.69570000000001,10.0
12919,RJQ,4,0.0,84.0,14,1627,departed,departed,False,4,13,59,8,afternoon,False,41.92550000000001,INDB,7,0.5714285714285714,3,0.0,58.69570000000001,10.0
12919,LKMN,5,0.0,84.0,17,1624,departed,departed,False,4,13,59,8,afternoon,False,41.92550000000001,INDB,7,0.7142857142857143,2,0.0,58.69570000000001,10.0
12919,SFNR,6,0.0,84.0,19,1622,departed,departed,False,4,13,59,8,afternoon,False,41.92550000000001,INDB,7,0.8571428571428571,1,0.0,58.69570000000001,10.0
12919,INDB,7,10.0,70.0,21,1620,departed,departed,True,4,13,59,8,afternoon,False,41.92550000000001,BNJN,11,0.6363636363636364,4,419.25500000000005,48.91308333333334,5.0
12919,LMNR,8,0.0,70.0,24,1617,departed,departed,False,4,13,59,8,afternoon,False,41.92550000000001,BNJN,11,0.7272727272727273,3,0.0,48.91308333333334,5.0
12919,MGG,9,0.0,70.0,35,1606,departed,departed,False,4,13,59,8,afternoon,False,41.92550000000001,BNJN,11,0.8181818181818182,2,0.0,48.91308333333334,5.0
12919,BLAX,10,0.0,70.0,46,1595,departed,departed,False,4,13,59,8,afternoon,False,41.92550000000001,BNJN,11,0.9090909090909091,1,0.0,48.91308333333334,5.0
12919,BNJN,11,0.0,70.0,57,1584,departed,departed,False,4,13,59,8,afternoon,False,41.92550000000001,DWX,12,0.9166666666666666,1,0.0,48.91308333333334,6.0
12919,DWX,12,6.0,46.2,63,1578,departed,departed,True,4,13,59,8,afternoon,False,41.92550000000001,UJN,17,0.7058823529411765,5,251.55300000000005,32.282635000000006,6.0
12919,NRGR,13,0.0,46.2,72,1569,departed,departed,False,4,13,59,8,afternoon,False,41.92550000000001,UJN,17,0.7647058823529411,4,0.0,32.282635000000006,6.0
12919,UDM,14,0.0,46.2,79,1562,departed,departed,False,4,13,59,8,afternoon,False,41.92550000000001,UJN,17,0.8235294117647058,3,0.0,32.282635000000006,6.0
12919,KDHA,15,0.0,46.2,85,1556,departed,departed,False,4,13,59,8,afternoon,False,41.92550000000001,UJN,17,0.8823529411764706,2,0.0,32.282635000000006,6.0
12919,VRG,16,0.0,46.2,98,1543,departed,departed,False,4,13,59,8,afternoon,False,41.92550000000001,UJN,17,0.9411764705882353,1,0.0,32.282635000000006,6.0
12919,UJN,17,6.0,70.3,103,1538,departed,departed,True,4,13,59,8,afternoon,False,41.92550000000001,MKC,22,0.7727272727272727,5,251.55300000000005,49.12271083333334,5.0
12919,PLW,18,0.0,70.3,112,1529,departed,departed,False,4,13,59,8,afternoon,False,41.92550000000001,MKC,22,0.8181818181818182,4,0.0,49.12271083333334,5.0
12919,TJP,19,0.0,70.3,118,1523,departed,departed,False,4,13,59,8,afternoon,False,41.92550000000001,MKC,22,0.8636363636363636,3,0.0,49.12271083333334,5.0
12919,SVT,20,0.0,70.3,128,1513,departed,departed,False,4,13,59,8,afternoon,False,41.92550000000001,MKC,22,0.9090909090909091,2,0.0,49.12271083333334,5.0
12919,TAN,21,0.0,70.3,134,1507,departed,departed,False,4,13,59,8,afternoon,False,41.92550000000001,MKC,22,0.9545454545454546,1,0.0,49.12271083333334,5.0
12919,MKC,22,5.0,76.0,144,1497,departed,departed,True,4,13,59,8,afternoon,False,41.92550000000001,BCH,24,0.9166666666666666,2,209.62750000000003,53.105633333333344,8.0
12919,PUO,23,0.0,76.0,151,1490,departed,departed,False,4,13,59,8,afternoon,False,41.92550000000001,BCH,24,0.9583333333333334,1,0.0,53.105633333333344,8.0
12919,BCH,24,8.0,69.2,163,1478,departed,departed,True,4,13,59,8,afternoon,False,41.92550000000001,AKD,28,0.8571428571428571,4,335.40400000000005,48.35407666666667,6.0
12919,KONY,25,0.0,69.2,168,1473,departed,departed,False,4,13,59,8,afternoon,False,41.92550000000001,AKD,28,0.8928571428571429,3,0.0,48.35407666666667,6.0
12919,KSH,26,0.0,69.2,175,1466,departed,departed,False,4,13,59,8,afternoon,False,41.92550000000001,AKD,28,0.9285714285714286,2,0.0,48.35407666666667,6.0
12919,BLX,27,0.0,69.2,181,1460,departed,departed,False,4,13,59,8,afternoon,False,41.92550000000001,AKD,28,0.9642857142857143,1,0.0,48.35407666666667,6.0
12919,AKD,28,6.0,65.0,193,1448,departed,departed,True,4,13,59,8,afternoon,False,41.92550000000001,MQE,29,0.9655172413793104,1,251.55300000000005,45.41929166666667,10.0
12919,MQE,29,0.0,65.0,200,1441,departed,departed,False,4,13,59,8,afternoon,False,41.92550000000001,SJP,30,0.9666666666666667,1,0.0,45.41929166666667,8.0
12919,SJP,30,8.0,60.0,206,1435,departed,departed,True,4,13,59,8,afternoon,False,41.92550000000001,CKOD,31,0.967741935483871,1,335.40400000000005,41.92550000000001,10.0
12919,CKOD,31,0.0,60.0,213,1428,departed,departed,False,4,13,59,8,afternoon,False,41.92550000000001,KPP,32,0.96875,1,0.0,41.92550000000001,10.0
12919,KPP,32,10.0,79.1,219,1422,departed,departed,True,4,13,59,8,afternoon,False,41.92550000000001,SEH,36,0.8888888888888888,4,419.25500000000005,55.27178416666667,11.0
12919,JBX,33,0.0,79.1,226,1415,departed,departed,False,4,13,59,8,afternoon,False,41.92550000000001,SEH,36,0.9166666666666666,3,0.0,55.27178416666667,11.0
12919,PRB,34,0.0,79.1,234,1407,departed,departed,False,4,13,59,8,afternoon,False,41.92550000000001,SEH,36,0.9444444444444444,2,0.0,55.27178416666667,11.0
12919,BKTL,35,0.0,79.1,240,1401,departed,departed,False,4,13,59,8,afternoon,False,41.92550000000001,SEH,36,0.9722222222222222,1,0.0,55.27178416666667,11.0
12919,SEH,36,11.0,40.0,248,1393,departed,departed,True,4,13,59,8,afternoon,False,41.92550000000001,SHRN,40,0.9,4,461.18050000000005,27.950333333333337,2.0
12919,PNWN,37,0.0,40.0,253,1388,departed,departed,False,4,13,59,8,afternoon,False,41.92550000000001,SHRN,40,0.925,3,0.0,27.950333333333337,2.0
12919,PUD,38,0.0,40.0,260,1381,departed,departed,False,4,13,59,8,afternoon,False,41.92550000000001,SHRN,40,0.95,2,0.0,27.950333333333337,2.0
12919,BQE,39,0.0,40.0,268,1373,departed,departed,False,4,13,59,8,afternoon,False,41.92550000000001,SHRN,40,0.975,1,0.0,27.950333333333337,2.0
12919,SHRN,40,2.0,24.0,276,1365,departed,departed,True,4,13,59,8,afternoon,False,41.92550000000001,BPL,41,0.975609756097561,1,83.85100000000001,16.770200000000003,81.0
12919,BPL,41,81.0,10.0,286,1355,at-station,at-station,True,4,13,59,8,afternoon,False,41.92550000000001,NSZ,42,0.9761904761904762,1,3395.9655000000007,6.987583333333334,160.0
12919,NSZ,42,119.0,148.6,288,1353,upcoming,upcoming,True,4,13,59,8,afternoon,False,41.92550000000001,BHS,48,0.875,6,4989.134500000001,103.83548833333334,160.0
12919,SUW,43,0.0,148.6,297,1344,upcoming,upcoming,False,4,13,59,8,afternoon,False,41.92550000000001,BHS,48,0.8958333333333334,5,0.0,103.83548833333334,160.0
12919,BVB,44,0.0,148.6,305,1336,upcoming,upcoming,False,4,13,59,8,afternoon,False,41.92550000000001,BHS,48,0.9166666666666666,4,0.0,103.83548833333334,160.0
12919,DWG,45,0.0,148.6,314,1327,upcoming,upcoming,False,4,13,59,8,afternoon,False,41.92550000000001,BHS,48,0.9375,3,0.0,103.83548833333334,160.0
12919,SMT,46,0.0,148.6,323,1318,upcoming,upcoming,False,4,13,59,8,afternoon,False,41.92550000000001,BHS,48,0.9583333333333334,2,0.0,103.83548833333334,160.0
12919,SCI,47,0.0,148.6,330,1311,upcoming,upcoming,False,4,13,59,8,afternoon,False,41.92550000000001,BHS,48,0.9791666666666666,1,0.0,103.83548833333334,160.0
12919,BHS,48,119.0,97.5,340,1301,upcoming,upcoming,True,4,13,59,8,afternoon,False,41.92550000000001,BAQ,53,0.9056603773584906,5,4989.134500000001,68.12893750000002,160.0
12919,SORI,49,0.0,97.5,345,1296,upcoming,upcoming,False,4,13,59,8,afternoon,False,41.92550000000001,BAQ,53,0.9245283018867925,4,0.0,68.12893750000002,160.0
12919,SUMR,50,0.0,97.5,353,1288,upcoming,upcoming,False,4,13,59,8,afternoon,False,41.92550000000001,BAQ,53,0.9433962264150944,3,0.0,68.12893750000002,160.0
12919,GLG,51,0.0,97.5,361,1280,upcoming,upcoming,False,4,13,59,8,afternoon,False,41.92550000000001,BAQ,53,0.9622641509433962,2,0.0,68.12893750000002,160.0
12919,PAI,52,0.0,97.5,370,1271,upcoming,upcoming,False,4,13,59,8,afternoon,False,41.92550000000001,BAQ,53,0.9811320754716981,1,0.0,68.12893750000002,160.0
12919,BAQ,53,119.0,48.4,379,1262,upcoming,upcoming,True,4,13,59,8,afternoon,False,41.92550000000001,BINA,59,0.8983050847457628,6,4989.134500000001,33.819903333333336,160.0
12919,BET,54,0.0,48.4,389,1252,upcoming,upcoming,False,4,13,59,8,afternoon,False,41.92550000000001,BINA,59,0.9152542372881356,5,0.0,33.819903333333336,160.0
12919,CLHT,55,0.0,48.4,394,1247,upcoming,upcoming,False,4,13,59,8,afternoon,False,41.92550000000001,BINA,59,0.9322033898305084,4,0.0,33.819903333333336,160.0
12919,KAH,56,0.0,48.4,399,1242,upcoming,upcoming,False,4,13,59,8,afternoon,False,41.92550000000001,BINA,59,0.9491525423728814,3,0.0,33.819903333333336,160.0
12919,MABA,57,0.0,48.4,407,1234,upcoming,upcoming,False,4,13,59,8,afternoon,False,41.92550000000001,BINA,59,0.9661016949152542,2,0.0,33.819903333333336,160.0
12919,KIKA,58,0.0,48.4,415,1226,upcoming,upcoming,False,4,13,59,8,afternoon,False,41.92550000000001,BINA,59,0.9830508474576272,1,0.0,33.819903333333336,160.0
12919,BINA,59,119.0,95.4,425,1216,upcoming,upcoming,True,4,13,59,8,afternoon,False,41.92550000000001,LAR,66,0.8939393939393939,7,4989.134500000001,66.66154500000002,160.0
12919,AGD,60,0.0,95.4,433,1208,upcoming,upcoming,False,4,13,59,8,afternoon,False,41.92550000000001,LAR,66,0.9090909090909091,6,0.0,66.66154500000002,160.0
12919,KOA,61,0.0,95.4,444,1197,upcoming,upcoming,False,4,13,59,8,afternoon,False,41.92550000000001,LAR,66,0.9242424242424242,5,0.0,66.66154500000002,160.0
12919,MXS,62,0.0,95.4,451,1190,upcoming,upcoming,False,4,13,59,8,afternoon,False,41.92550000000001,LAR,66,0.9393939393939394,4,0.0,66.66154500000002,160.0
12919,DUA,63,0.0,95.4,459,1182,upcoming,upcoming,False,4,13,59,8,afternoon,False,41.92550000000001,LAR,66,0.9545454545454546,3,0.0,66.66154500000002,160.0
12919,JLN,64,0.0,95.4,471,1170,upcoming,upcoming,False,4,13,59,8,afternoon,False,41.92550000000001,LAR,66,0.9696969696969697,2,0.0,66.66154500000002,160.0
12919,JRO,65,0.0,95.4,478,1163,upcoming,upcoming,False,4,13,59,8,afternoon,False,41.92550000000001,LAR,66,0.9848484848484849,1,0.0,66.66154500000002,160.0
12919,LAR,66,119.0,102.6,487,1154,upcoming,upcoming,True,4,13,59,8,afternoon,False,41.92550000000001,BAB,74,0.8918918918918919,8,4989.134500000001,71.692605,160.0
12919,DWA,67,0.0,102.6,498,1143,upcoming,upcoming,False,4,13,59,8,afternoon,False,41.92550000000001,BAB,74,0.9054054054054054,7,0.0,71.692605,160.0
12919,JHA,68,0.0,102.6,508,1133,upcoming,upcoming,False,4,13,59,8,afternoon,False,41.92550000000001,BAB,74,0.918918918918919,6,0.0,71.692605,160.0
12919,BJA,69,0.0,102.6,516,1125,upcoming,upcoming,False,4,13,59,8,afternoon,False,41.92550000000001,BAB,74,0.9324324324324325,5,0.0,71.692605,160.0
12919,TBT,70,0.0,102.6,527,1114,upcoming,upcoming,False,4,13,59,8,afternoon,False,41.92550000000001,BAB,74,0.9459459459459459,4,0.0,71.692605,160.0
12919,MZX,71,0.0,102.6,532,1109,upcoming,upcoming,False,4,13,59,8,afternoon,False,41.92550000000001,BAB,74,0.9594594594594594,3,0.0,71.692605,160.0
12919,BZY,72,0.0,102.6,540,1101,upcoming,upcoming,False,4,13,59,8,afternoon,False,41.92550000000001,BAB,74,0.972972972972973,2,0.0,71.692605,160.0
12919,BPW,73,0.0,102.6,548,1093,upcoming,upcoming,False,4,13,59,8,afternoon,False,41.92550000000001,BAB,74,0.9864864864864865,1,0.0,71.692605,160.0
12919,BAB,74,119.0,42.4,552,1089,upcoming,upcoming,True,4,13,59,8,afternoon,False,41.92550000000001,VGLJ,77,0.961038961038961,3,4989.134500000001,29.62735333333334,160.0
12919,KHJ,75,0.0,42.4,560,1081,upcoming,upcoming,False,4,13,59,8,afternoon,False,41.92550000000001,VGLJ,77,0.974025974025974,2,0.0,29.62735333333334,160.0
12919,BJI,76,0.0,42.4,569,1072,upcoming,upcoming,False,4,13,59,8,afternoon,False,41.92550000000001,VGLJ,77,0.987012987012987,1,0.0,29.62735333333334,160.0
12919,VGLJ,77,119.0,71.4,576,1065,upcoming,upcoming,True,4,13,59,8,afternoon,False,41.92550000000001,DAA,80,0.9625,3,4989.134500000001,49.89134500000001,160.0
12919,KRQ,78,0.0,71.4,587,1054,upcoming,upcoming,False,4,13,59,8,afternoon,False,41.92550000000001,DAA,80,0.975,2,0.0,49.89134500000001,160.0
12919,CIRL,79,0.0,71.4,594,1047,upcoming,upcoming,False,4,13,59,8,afternoon,False,41.92550000000001,DAA,80,0.9875,1,0.0,49.89134500000001,160.0
12919,DAA,80,119.0,85.7,601,1040,upcoming,upcoming,True,4,13,59,8,afternoon,False,41.92550000000001,DBA,83,0.963855421686747,3,4989.134500000001,59.883589166666674,160.0
12919,SOR,81,0.0,85.7,612,1029,upcoming,upcoming,False,4,13,59,8,afternoon,False,41.92550000000001,DBA,83,0.9759036144578314,2,0.0,59.883589166666674,160.0
12919,KTRA,82,0.0,85.7,621,1020,upcoming,upcoming,False,4,13,59,8,afternoon,False,41.92550000000001,DBA,83,0.9879518072289156,1,0.0,59.883589166666674,160.0
12919,DBA,83,119.0,86.0,631,1010,upcoming,upcoming,True,4,13,59,8,afternoon,False,41.92550000000001,GWL,89,0.9325842696629213,6,4989.134500000001,60.09321666666668,160.0
12919,SMTL,84,0.0,86.0,636,1005,upcoming,upcoming,False,4,13,59,8,afternoon,False,41.92550000000001,GWL,89,0.9438202247191011,5,0.0,60.09321666666668,160.0
12919,AEH,85,0.0,86.0,641,1000,upcoming,upcoming,False,4,13,59,8,afternoon,False,41.92550000000001,GWL,89,0.9550561797752809,4,0.0,60.09321666666668,160.0
12919,ARI,86,0.0,86.0,651,990,upcoming,upcoming,False,4,13,59,8,afternoon,False,41.92550000000001,GWL,89,0.9662921348314607,3,0.0,60.09321666666668,160.0
12919,SLV,87,0.0,86.0,658,983,upcoming,upcoming,False,4,13,59,8,afternoon,False,41.92550000000001,GWL,89,0.9775280898876404,2,0.0,60.09321666666668,160.0
12919,STLI,88,0.0,86.0,666,975,upcoming,upcoming,False,4,13,59,8,afternoon,False,41.92550000000001,GWL,89,0.9887640449438202,1,0.0,60.09321666666668,160.0
12919,GWL,89,119.0,80.7,674,967,upcoming,upcoming,True,4,13,59,8,afternoon,False,41.92550000000001,MRA,95,0.9368421052631579,6,4989.134500000001,56.38979750000001,160.0
12919,BLNR,90,0.0,80.7,677,964,upcoming,upcoming,False,4,13,59,8,afternoon,False,41.92550000000001,MRA,95,0.9473684210526315,5,0.0,56.38979750000001,160.0
12919,RRU,91,0.0,80.7,688,953,upcoming,upcoming,False,4,13,59,8,afternoon,False,41.92550000000001,MRA,95,0.9578947368421052,4,0.0,56.38979750000001,160.0
12919,BAO,92,0.0,80.7,694,947,upcoming,upcoming,False,4,13,59,8,afternoon,False,41.92550000000001,MRA,95,0.968421052631579,3,0.0,56.38979750000001,160.0
12919,NUB,93,0.0,80.7,700,941,upcoming,upcoming,False,4,13,59,8,afternoon,False,41.92550000000001,MRA,95,0.9789473684210527,2,0.0,56.38979750000001,160.0
12919,SANK,94,0.0,80.7,703,938,upcoming,upcoming,False,4,13,59,8,afternoon,False,41.92550000000001,MRA,95,0.9894736842105263,1,0.0,56.38979750000001,160.0
12919,MRA,95,119.0,39.5,713,928,upcoming,upcoming,True,4,13,59,8,afternoon,False,41.92550000000001,DHO,98,0.9693877551020408,3,4989.134500000001,27.60095416666667,160.0
12919,SIKD,96,0.0,39.5,721,920,upcoming,upcoming,False,4,13,59,8,afternoon,False,41.92550000000001,DHO,98,0.9795918367346939,2,0.0,27.60095416666667,160.0
12919,HET,97,0.0,39.5,727,914,upcoming,upcoming,False,4,13,59,8,afternoon,False,41.92550000000001,DHO,98,0.9897959183673469,1,0.0,27.60095416666667,160.0
12919,DHO,98,119.0,106.0,740,901,upcoming,upcoming,True,4,13,59,8,afternoon,False,41.92550000000001,AGC,102,0.9607843137254902,4,4989.134500000001,74.06838333333334,160.0
12919,MIA,99,0.0,106.0,753,888,upcoming,upcoming,False,4,13,59,8,afternoon,False,41.92550000000001,AGC,102,0.9705882352941176,3,0.0,74.06838333333334,160.0
12919,JJ,100,0.0,106.0,767,874,upcoming,upcoming,False,4,13,59,8,afternoon,False,41.92550000000001,AGC,102,0.9803921568627451,2,0.0,74.06838333333334,160.0
12919,BHA,101,0.0,106.0,783,858,upcoming,upcoming,False,4,13,59,8,afternoon,False,41.92550000000001,AGC,102,0.9901960784313726,1,0.0,74.06838333333334,160.0
12919,AGC,102,119.0,83.7,793,848,upcoming,upcoming,True,4,13,59,8,afternoon,False,41.92550000000001,MTJ,110,0.9272727272727272,8,4989.134500000001,58.486072500000006,160.0
12919,RKM,103,0.0,83.7,797,844,upcoming,upcoming,False,4,13,59,8,afternoon,False,41.92550000000001,MTJ,110,0.9363636363636364,7,0.0,58.486072500000006,160.0
12919,BFP,104,0.0,83.7,798,843,upcoming,upcoming,False,4,13,59,8,afternoon,False,41.92550000000001,MTJ,110,0.9454545454545454,6,0.0,58.486072500000006,160.0
12919,RNKA,105,0.0,83.7,807,834,upcoming,upcoming,False,4,13,59,8,afternoon,False,41.92550000000001,MTJ,110,0.9545454545454546,5,0.0,58.486072500000006,160.0
12919,KXM,106,0.0,83.7,816,825,upcoming,upcoming,False,4,13,59,8,afternoon,False,41.92550000000001,MTJ,110,0.9636363636363636,4,0.0,58.486072500000006,160.0
12919,DDDM,107,0.0,83.7,824,817,upcoming,upcoming,False,4,13,59,8,afternoon,False,41.92550000000001,MTJ,110,0.9727272727272728,3,0.0,58.486072500000006,160.0
12919,FAR,108,0.0,83.7,827,814,upcoming,upcoming,False,4,13,59,8,afternoon,False,41.92550000000001,MTJ,110,0.9818181818181818,2,0.0,58.486072500000006,160.0
12919,BAD,109,0.0,83.7,836,805,upcoming,upcoming,False,4,13,59,8,afternoon,False,41.92550000000001,MTJ,110,0.990909090909091,1,0.0,58.486072500000006,160.0
12919,MTJ,110,119.0,91.1,846,795,upcoming,upcoming,True,4,13,59,8,afternoon,False,41.92550000000001,KSV,115,0.9565217391304348,5,4989.134500000001,63.65688416666668,160.0
12919,BTSR,111,0.0,91.1,849,792,upcoming,upcoming,False,4,13,59,8,afternoon,False,41.92550000000001,KSV,115,0.9652173913043478,4,0.0,63.65688416666668,160.0
12919,VRBD,112,0.0,91.1,856,785,upcoming,upcoming,False,4,13,59,8,afternoon,False,41.92550000000001,KSV,115,0.9739130434782609,3,0.0,63.65688416666668,160.0
12919,AJH,113,0.0,91.1,867,774,upcoming,upcoming,False,4,13,59,8,afternoon,False,41.92550000000001,KSV,115,0.9826086956521739,2,0.0,63.65688416666668,160.0
12919,CHJ,114,0.0,91.1,877,764,upcoming,upcoming,False,4,13,59,8,afternoon,False,41.92550000000001,KSV,115,0.991304347826087,1,0.0,63.65688416666668,160.0
12919,KSV,115,119.0,40.3,887,754,upcoming,upcoming,True,4,13,59,8,afternoon,False,41.92550000000001,PWL,120,0.9583333333333334,5,4989.134500000001,28.159960833333336,160.0
12919,HDL,116,0.0,40.3,900,741,upcoming,upcoming,False,4,13,59,8,afternoon,False,41.92550000000001,PWL,120,0.9666666666666667,4,0.0,28.159960833333336,160.0
12919,BNCR,117,0.0,40.3,906,735,upcoming,upcoming,False,4,13,59,8,afternoon,False,41.92550000000001,PWL,120,0.975,3,0.0,28.159960833333336,160.0
12919,SHLK,118,0.0,40.3,910,731,upcoming,upcoming,False,4,13,59,8,afternoon,False,41.92550000000001,PWL,120,0.9833333333333333,2,0.0,28.159960833333336,160.0
12919,RDE,119,0.0,40.3,920,721,upcoming,upcoming,False,4,13,59,8,afternoon,False,41.92550000000001,PWL,120,0.9916666666666667,1,0.0,28.159960833333336,160.0
12919,PWL,120,119.0,78.8,930,711,upcoming,upcoming,True,4,13,59,8,afternoon,False,41.92550000000001,BVH,122,0.9836065573770492,2,4989.134500000001,55.062156666666674,160.0
12919,AST,121,0.0,78.8,941,700,upcoming,upcoming,False,4,13,59,8,afternoon,False,41.92550000000001,BVH,122,0.9918032786885246,1,0.0,55.062156666666674,160.0
12919,BVH,122,119.0,53.3,951,690,upcoming,upcoming,True,4,13,59,8,afternoon,False,41.92550000000001,FDB,124,0.9838709677419355,2,4989.134500000001,37.24381916666667,160.0
12919,FDN,123,0.0,53.3,955,686,upcoming,upcoming,False,4,13,59,8,afternoon,False,41.92550000000001,FDB,124,0.9919354838709677,1,0.0,37.24381916666667,160.0
12919,FDB,124,119.0,66.3,959,682,upcoming,upcoming,True,4,13,59,8,afternoon,False,41.92550000000001,NZM,128,0.96875,4,4989.134500000001,46.32767750000001,160.0
12919,TKDC,125,0.0,66.3,963,678,upcoming,upcoming,False,4,13,59,8,afternoon,False,41.92550000000001,NZM,128,0.9765625,3,0.0,46.32767750000001,160.0
12919,TKD,126,0.0,66.3,969,672,upcoming,upcoming,False,4,13,59,8,afternoon,False,41.92550000000001,NZM,128,0.984375,2,0.0,46.32767750000001,160.0
12919,OKA,127,0.0,66.3,976,665,upcoming,upcoming,False,4,13,59,8,afternoon,False,41.92550000000001,NZM,128,0.9921875,1,0.0,46.32767750000001,160.0
12919,NZM,128,119.0,16.8,980,661,upcoming,upcoming,True,4,13,59,8,afternoon,False,41.92550000000001,NDLS,131,0.9770992366412213,3,4989.134500000001,11.739140000000003,160.0
12919,TKJ,129,0.0,16.8,984,657,upcoming,upcoming,False,4,13,59,8,afternoon,False,41.92550000000001,NDLS,131,0.9847328244274809,2,0.0,11.739140000000003,160.0
12919,CSB,130,0.0,16.8,986,655,upcoming,upcoming,False,4,13,59,8,afternoon,False,41.92550000000001,NDLS,131,0.9923664122137404,1,0.0,11.739140000000003,160.0
12919,NDLS,131,119.0,66.0,987,654,upcoming,upcoming,True,4,13,59,8,afternoon,False,41.92550000000001,SNP,142,0.9225352112676056,11,4989.134500000001,46.11805000000001,160.0
12919,DSB,132,0.0,66.0,988,653,upcoming,upcoming,False,4,13,59,8,afternoon,False,41.92550000000001,SNP,142,0.9295774647887324,10,0.0,46.11805000000001,160.0
12919,SZM,133,0.0,66.0,991,650,upcoming,upcoming,False,4,13,59,8,afternoon,False,41.92550000000001,SNP,142,0.9366197183098591,9,0.0,46.11805000000001,160.0
12919,DAZ,134,0.0,66.0,995,646,upcoming,upcoming,False,4,13,59,8,afternoon,False,41.92550000000001,SNP,142,0.9436619718309859,8,0.0,46.11805000000001,160.0
12919,ANDI,135,0.0,66.0,997,644,upcoming,upcoming,False,4,13,59,8,afternoon,False,41.92550000000001,SNP,142,0.9507042253521126,7,0.0,46.11805000000001,160.0
12919,BHD,136,0.0,66.0,1001,640,upcoming,upcoming,False,4,13,59,8,afternoon,False,41.92550000000001,SNP,142,0.9577464788732394,6,0.0,46.11805000000001,160.0
12919,KHKN,137,0.0,66.0,1005,636,upcoming,upcoming,False,4,13,59,8,afternoon,False,41.92550000000001,SNP,142,0.9647887323943662,5,0.0,46.11805000000001,160.0
12919,HUK,138,0.0,66.0,1009,632,upcoming,upcoming,False,4,13,59,8,afternoon,False,41.92550000000001,SNP,142,0.971830985915493,4,0.0,46.11805000000001,160.0
12919,NUR,139,0.0,66.0,1014,627,upcoming,upcoming,False,4,13,59,8,afternoon,False,41.92550000000001,SNP,142,0.9788732394366197,3,0.0,46.11805000000001,160.0
12919,RDDE,140,0.0,66.0,1021,620,upcoming,upcoming,False,4,13,59,8,afternoon,False,41.92550000000001,SNP,142,0.9859154929577465,2,0.0,46.11805000000001,160.0
12919,HNN,141,0.0,66.0,1026,615,upcoming,upcoming,False,4,13,59,8,afternoon,False,41.92550000000001,SNP,142,0.9929577464788732,1,0.0,46.11805000000001,160.0
12919,SNP,142,119.0,96.4,1031,610,upcoming,upcoming,True,4,13,59,8,afternoon,False,41.92550000000001,PNP,149,0.9530201342281879,7,4989.134500000001,67.36030333333335,160.0
12919,SLKN,143,0.0,96.4,1040,601,upcoming,upcoming,False,4,13,59,8,afternoon,False,41.92550000000001,PNP,149,0.959731543624161,6,0.0,67.36030333333335,160.0
12919,RUG,144,0.0,96.4,1043,598,upcoming,upcoming,False,4,13,59,8,afternoon,False,41.92550000000001,PNP,149,0.9664429530201343,5,0.0,67.36030333333335,160.0
12919,GNU,145,0.0,96.4,1047,594,upcoming,upcoming,False,4,13,59,8,afternoon,False,41.92550000000001,PNP,149,0.9731543624161074,4,0.0,67.36030333333335,160.0
12919,BDMJ,146,0.0,96.4,1053,588,upcoming,upcoming,False,4,13,59,8,afternoon,False,41.92550000000001,PNP,149,0.9798657718120806,3,0.0,67.36030333333335,160.0
12919,SMK,147,0.0,96.4,1059,582,upcoming,upcoming,False,4,13,59,8,afternoon,False,41.92550000000001,PNP,149,0.9865771812080537,2,0.0,67.36030333333335,160.0
12919,DWNA,148,0.0,96.4,1068,573,upcoming,upcoming,False,4,13,59,8,afternoon,False,41.92550000000001,PNP,149,0.9932885906040269,1,0.0,67.36030333333335,160.0
12919,PNP,149,119.0,95.5,1076,565,upcoming,upcoming,True,4,13,59,8,afternoon,False,41.92550000000001,KUN,154,0.9675324675324676,5,4989.134500000001,66.73142083333335,160.0
12919,BBDE,150,0.0,95.5,1083,558,upcoming,upcoming,False,4,13,59,8,afternoon,False,41.92550000000001,KUN,154,0.974025974025974,4,0.0,66.73142083333335,160.0
12919,KFU,151,0.0,95.5,1088,553,upcoming,upcoming,False,4,13,59,8,afternoon,False,41.92550000000001,KUN,154,0.9805194805194806,3,0.0,66.73142083333335,160.0
12919,GRA,152,0.0,95.5,1093,548,upcoming,upcoming,False,4,13,59,8,afternoon,False,41.92550000000001,KUN,154,0.987012987012987,2,0.0,66.73142083333335,160.0
12919,BZJT,153,0.0,95.5,1101,540,upcoming,upcoming,False,4,13,59,8,afternoon,False,41.92550000000001,KUN,154,0.9935064935064936,1,0.0,66.73142083333335,160.0
12919,KUN,154,119.0,82.5,1111,530,upcoming,upcoming,True,4,13,59,8,afternoon,False,41.92550000000001,KKDE,159,0.9685534591194969,5,4989.134500000001,57.647562500000014,160.0
12919,BZK,155,0.0,82.5,1117,524,upcoming,upcoming,False,4,13,59,8,afternoon,False,41.92550000000001,KKDE,159,0.9748427672955975,4,0.0,57.647562500000014,160.0
12919,TRR,156,0.0,82.5,1123,518,upcoming,upcoming,False,4,13,59,8,afternoon,False,41.92550000000001,KKDE,159,0.9811320754716981,3,0.0,57.647562500000014,160.0
12919,NLKR,157,0.0,82.5,1127,514,upcoming,upcoming,False,4,13,59,8,afternoon,False,41.92550000000001,KKDE,159,0.9874213836477987,2,0.0,57.647562500000014,160.0
12919,AMIN,158,0.0,82.5,1135,506,upcoming,upcoming,False,4,13,59,8,afternoon,False,41.92550000000001,KKDE,159,0.9937106918238994,1,0.0,57.647562500000014,160.0
12919,KKDE,159,119.0,42.4,1144,497,upcoming,upcoming,True,4,13,59,8,afternoon,False,41.92550000000001,UMB,165,0.9636363636363636,6,4989.134500000001,29.62735333333334,160.0
12919,DHKR,160,0.0,42.4,1149,492,upcoming,upcoming,False,4,13,59,8,afternoon,False,41.92550000000001,UMB,165,0.9696969696969697,5,0.0,29.62735333333334,160.0
12919,DPP,161,0.0,42.4,1155,486,upcoming,upcoming,False,4,13,59,8,afternoon,False,41.92550000000001,UMB,165,0.9757575757575757,4,0.0,29.62735333333334,160.0
12919,DHMZ,162,0.0,42.4,1160,481,upcoming,upcoming,False,4,13,59,8,afternoon,False,41.92550000000001,UMB,165,0.9818181818181818,3,0.0,29.62735333333334,160.0
12919,SHDM,163,0.0,42.4,1166,475,upcoming,upcoming,False,4,13,59,8,afternoon,False,41.92550000000001,UMB,165,0.9878787878787879,2,0.0,29.62735333333334,160.0
12919,MOY,164,0.0,42.4,1176,465,upcoming,upcoming,False,4,13,59,8,afternoon,False,41.92550000000001,UMB,165,0.9939393939393939,1,0.0,29.62735333333334,160.0
12919,UMB,165,119.0,96.4,1185,456,upcoming,upcoming,True,4,13,59,8,afternoon,False,41.92550000000001,SIR,171,0.9649122807017544,6,4989.134500000001,67.36030333333335,160.0
12919,UBC,166,0.0,96.4,1193,448,upcoming,upcoming,False,4,13,59,8,afternoon,False,41.92550000000001,SIR,171,0.9707602339181286,5,0.0,67.36030333333335,160.0
12919,SMU,167,0.0,96.4,1202,439,upcoming,upcoming,False,4,13,59,8,afternoon,False,41.92550000000001,SIR,171,0.9766081871345029,4,0.0,67.36030333333335,160.0
12919,RPJ,168,0.0,96.4,1213,428,upcoming,upcoming,False,4,13,59,8,afternoon,False,41.92550000000001,SIR,171,0.9824561403508771,3,0.0,67.36030333333335,160.0
12919,SBJ,169,0.0,96.4,1222,419,upcoming,upcoming,False,4,13,59,8,afternoon,False,41.92550000000001,SIR,171,0.9883040935672515,2,0.0,67.36030333333335,160.0
12919,SDY,170,0.0,96.4,1231,410,upcoming,upcoming,False,4,13,59,8,afternoon,False,41.92550000000001,SIR,171,0.9941520467836257,1,0.0,67.36030333333335,160.0
12919,SIR,171,119.0,72.0,1238,403,upcoming,upcoming,True,4,13,59,8,afternoon,False,41.92550000000001,KNN,173,0.9884393063583815,2,4989.134500000001,50.31060000000001,160.0
12919,GVG,172,0.0,72.0,1248,393,upcoming,upcoming,False,4,13,59,8,afternoon,False,41.92550000000001,KNN,173,0.9942196531791907,1,0.0,50.31060000000001,160.0
12919,KNN,173,119.0,35.3,1256,385,upcoming,upcoming,True,4,13,59,8,afternoon,False,41.92550000000001,LDH,179,0.9664804469273743,6,4989.134500000001,24.66616916666667,160.0
12919,CHA,174,0.0,35.3,1267,374,upcoming,upcoming,False,4,13,59,8,afternoon,False,41.92550000000001,LDH,179,0.9720670391061452,5,0.0,24.66616916666667,160.0
12919,DOA,175,0.0,35.3,1276,365,upcoming,upcoming,False,4,13,59,8,afternoon,False,41.92550000000001,LDH,179,0.9776536312849162,4,0.0,24.66616916666667,160.0
12919,SNL,176,0.0,35.3,1284,357,upcoming,upcoming,False,4,13,59,8,afternoon,False,41.92550000000001,LDH,179,0.9832402234636871,3,0.0,24.66616916666667,160.0
12919,DDL,177,0.0,35.3,1292,349,upcoming,upcoming,False,4,13,59,8,afternoon,False,41.92550000000001,LDH,179,0.9888268156424581,2,0.0,24.66616916666667,160.0
12919,BHOI,178,0.0,35.3,1296,345,upcoming,upcoming,False,4,13,59,8,afternoon,False,41.92550000000001,LDH,179,0.994413407821229,1,0.0,24.66616916666667,160.0
12919,LDH,179,119.0,72.6,1299,342,upcoming,upcoming,True,4,13,59,8,afternoon,False,41.92550000000001,JRC,187,0.9572192513368984,8,4989.134500000001,50.72985500000001,160.0
12919,LDW,180,0.0,72.6,1308,333,upcoming,upcoming,False,4,13,59,8,afternoon,False,41.92550000000001,JRC,187,0.9625668449197861,7,0.0,50.72985500000001,160.0
12919,PHR,181,0.0,72.6,1312,329,upcoming,upcoming,False,4,13,59,8,afternoon,False,41.92550000000001,JRC,187,0.9679144385026738,6,0.0,50.72985500000001,160.0
12919,BTTN,182,0.0,72.6,1319,322,upcoming,upcoming,False,4,13,59,8,afternoon,False,41.92550000000001,JRC,187,0.9732620320855615,5,0.0,50.72985500000001,160.0
12919,GRY,183,0.0,72.6,1325,316,upcoming,upcoming,False,4,13,59,8,afternoon,False,41.92550000000001,JRC,187,0.9786096256684492,4,0.0,50.72985500000001,160.0
12919,MAUL,184,0.0,72.6,1329,312,upcoming,upcoming,False,4,13,59,8,afternoon,False,41.92550000000001,JRC,187,0.983957219251337,3,0.0,50.72985500000001,160.0
12919,PGW,185,0.0,72.6,1334,307,upcoming,upcoming,False,4,13,59,8,afternoon,False,41.92550000000001,JRC,187,0.9893048128342246,2,0.0,50.72985500000001,160.0
12919,CEU,186,0.0,72.6,1342,299,upcoming,upcoming,False,4,13,59,8,afternoon,False,41.92550000000001,JRC,187,0.9946524064171123,1,0.0,50.72985500000001,160.0
12919,JRC,187,119.0,53.5,1351,290,upcoming,upcoming,True,4,13,59,8,afternoon,False,41.92550000000001,DZA,196,0.9540816326530612,9,4989.134500000001,37.38357083333334,160.0
12919,SCPD,188,0.0,53.5,1355,286,upcoming,upcoming,False,4,13,59,8,afternoon,False,41.92550000000001,DZA,196,0.9591836734693877,8,0.0,37.38357083333334,160.0
12919,AWL,189,0.0,53.5,1366,275,upcoming,upcoming,False,4,13,59,8,afternoon,False,41.92550000000001,DZA,196,0.9642857142857143,7,0.0,37.38357083333334,160.0
12919,KKL,190,0.0,53.5,1371,270,upcoming,upcoming,False,4,13,59,8,afternoon,False,41.92550000000001,DZA,196,0.9693877551020408,6,0.0,37.38357083333334,160.0
12919,BPRS,191,0.0,53.5,1380,261,upcoming,upcoming,False,4,13,59,8,afternoon,False,41.92550000000001,DZA,196,0.9744897959183674,5,0.0,37.38357083333334,160.0
12919,CGH,192,0.0,53.5,1387,254,upcoming,upcoming,False,4,13,59,8,afternoon,False,41.92550000000001,DZA,196,0.9795918367346939,4,0.0,37.38357083333334,160.0
12919,TDO,193,0.0,53.5,1393,248,upcoming,upcoming,False,4,13,59,8,afternoon,False,41.92550000000001,DZA,196,0.9846938775510204,3,0.0,37.38357083333334,160.0
12919,KZX,194,0.0,53.5,1401,240,upcoming,upcoming,False,4,13,59,8,afternoon,False,41.92550000000001,DZA,196,0.9897959183673469,2,0.0,37.38357083333334,160.0
12919,GSB,195,0.0,53.5,1406,235,upcoming,upcoming,False,4,13,59,8,afternoon,False,41.92550000000001,DZA,196,0.9948979591836735,1,0.0,37.38357083333334,160.0
12919,DZA,196,119.0,60.0,1409,232,upcoming,upcoming,True,4,13,59,8,afternoon,False,41.92550000000001,MEX,198,0.98989898989899,2,4989.134500000001,41.92550000000001,160.0
12919,UCB,197,0.0,60.0,1415,226,upcoming,upcoming,False,4,13,59,8,afternoon,False,41.92550000000001,MEX,198,0.9949494949494949,1,0.0,41.92550000000001,160.0
12919,MEX,198,119.0,88.9,1424,217,upcoming,upcoming,True,4,13,59,8,afternoon,False,41.92550000000001,PTKC,203,0.9753694581280788,5,4989.134500000001,62.11961583333335,160.0
12919,BNGL,199,0.0,88.9,1434,207,upcoming,upcoming,False,4,13,59,8,afternoon,False,41.92550000000001,PTKC,203,0.9802955665024631,4,0.0,62.11961583333335,160.0
12919,MRTL,200,0.0,88.9,1444,197,upcoming,upcoming,False,4,13,59,8,afternoon,False,41.92550000000001,PTKC,203,0.9852216748768473,3,0.0,62.11961583333335,160.0
12919,GILA,201,0.0,88.9,1450,191,upcoming,upcoming,False,4,13,59,8,afternoon,False,41.92550000000001,PTKC,203,0.9901477832512315,2,0.0,62.11961583333335,160.0
12919,KNDI,202,0.0,88.9,1455,186,upcoming,upcoming,False,4,13,59,8,afternoon,False,41.92550000000001,PTKC,203,0.9950738916256158,1,0.0,62.11961583333335,160.0
12919,PTKC,203,119.0,36.3,1464,177,upcoming,upcoming,True,4,13,59,8,afternoon,False,41.92550000000001,MSKT,207,0.9806763285024155,4,4989.134500000001,25.364927500000004,160.0
12919,BHRL,204,0.0,36.3,1467,174,upcoming,upcoming,False,4,13,59,8,afternoon,False,41.92550000000001,MSKT,207,0.9855072463768116,3,0.0,25.364927500000004,160.0
12919,SJNP,205,0.0,36.3,1472,169,upcoming,upcoming,False,4,13,59,8,afternoon,False,41.92550000000001,MSKT,207,0.9903381642512077,2,0.0,25.364927500000004,160.0
12919,MDPB,206,0.0,36.3,1479,162,upcoming,upcoming,False,4,13,59,8,afternoon,False,41.92550000000001,MSKT,207,0.9951690821256038,1,0.0,25.364927500000004,160.0
12919,MSKT,207,119.0,57.0,1487,154,upcoming,upcoming,True,4,13,59,8,afternoon,False,41.92550000000001,JAT,216,0.9583333333333334,9,4989.134500000001,39.829225,160.0
12919,BDHY,208,0.0,57.0,1500,141,upcoming,upcoming,False,4,13,59,8,afternoon,False,41.92550000000001,JAT,216,0.9629629629629629,8,0.0,39.829225,160.0
12919,CHNR,209,0.0,57.0,1507,134,upcoming,upcoming,False,4,13,59,8,afternoon,False,41.92550000000001,JAT,216,0.9675925925925926,7,0.0,39.829225,160.0
12919,CKDL,210,0.0,57.0,1513,128,upcoming,upcoming,False,4,13,59,8,afternoon,False,41.92550000000001,JAT,216,0.9722222222222222,6,0.0,39.829225,160.0
12919,HRNR,211,0.0,57.0,1516,125,upcoming,upcoming,False,4,13,59,8,afternoon,False,41.92550000000001,JAT,216,0.9768518518518519,5,0.0,39.829225,160.0
12919,GHGL,212,0.0,57.0,1522,119,upcoming,upcoming,False,4,13,59,8,afternoon,False,41.92550000000001,JAT,216,0.9814814814814815,4,0.0,39.829225,160.0
12919,SMBX,213,0.0,57.0,1531,110,upcoming,upcoming,False,4,13,59,8,afternoon,False,41.92550000000001,JAT,216,0.9861111111111112,3,0.0,39.829225,160.0
12919,VJPJ,214,0.0,57.0,1542,99,upcoming,upcoming,False,4,13,59,8,afternoon,False,41.92550000000001,JAT,216,0.9907407407407407,2,0.0,39.829225,160.0
12919,BBMN,215,0.0,57.0,1555,86,upcoming,upcoming,False,4,13,59,8,afternoon,False,41.92550000000001,JAT,216,0.9953703703703703,1,0.0,39.829225,160.0
12919,JAT,216,119.0,60.0,1563,78,upcoming,upcoming,True,4,13,59,8,afternoon,False,41.92550000000001,RMJK,220,0.9818181818181818,4,4989.134500000001,41.92550000000001,160.0
12919,BLA,217,0.0,60.0,1574,67,upcoming,upcoming,False,4,13,59,8,afternoon,False,41.92550000000001,RMJK,220,0.9863636363636363,3,0.0,41.92550000000001,160.0
12919,SGRR,218,0.0,60.0,1585,56,upcoming,upcoming,False,4,13,59,8,afternoon,False,41.92550000000001,RMJK,220,0.990909090909091,2,0.0,41.92550000000001,160.0
12919,MNWL,219,0.0,60.0,1595,46,upcoming,upcoming,False,4,13,59,8,afternoon,False,41.92550000000001,RMJK,220,0.9954545454545455,1,0.0,41.92550000000001,160.0
12919,RMJK,220,119.0,27.3,1607,34,upcoming,upcoming,True,4,13,59,8,afternoon,False,41.92550000000001,MCTM,221,0.995475113122172,1,4989.134500000001,19.0761025,160.0
12919,MCTM,221,119.0,41.5,1617,24,upcoming,upcoming,True,4,13,59,8,afternoon,False,41.92550000000001,CRWL,222,0.9954954954954955,1,4989.134500000001,28.998470833333336,160.0
12919,CRWL,222,119.0,30.0,1626,15,upcoming,upcoming,True,4,13,59,8,afternoon,False,41.92550000000001,SVDK,223,0.9955156950672646,1,4989.134500000001,20.962750000000003,160.0
12920,SVDK,1,10.0,68.6,0,1641,departed,departed,True,4,13,54,8,afternoon,False,4.11655,CRWL,2,0.5,1,41.1655,4.706588833333333,10.0
12920,CRWL,2,10.0,31.8,16,1625,departed,departed,True,4,13,54,8,afternoon,False,4.11655,MCTM,3,0.6666666666666666,1,41.1655,2.1817715000000004,4.0
12920,MCTM,3,4.0,38.6,25,1616,departed,departed,True,4,13,54,8,afternoon,False,4.11655,RMJK,4,0.75,1,16.4662,2.6483138333333334,13.0
12920,RMJK,4,13.0,48.9,34,1607,departed,departed,True,4,13,54,8,afternoon,False,4.11655,MNWL,5,0.8,1,53.515150000000006,3.35498825,0.0
12920,MNWL,5,0.0,48.9,46,1595,departed,departed,False,4,13,54,8,afternoon,False,4.11655,SGRR,6,0.8333333333333334,1,0.0,3.35498825,0.0
12920,SGRR,6,0.0,48.9,56,1585,departed,departed,False,4,13,54,8,afternoon,False,4.11655,BLA,7,0.8571428571428571,1,0.0,3.35498825,0.0
12920,BLA,7,0.0,48.9,67,1574,departed,departed,False,4,13,54,8,afternoon,False,4.11655,JAT,8,0.875,1,0.0,3.35498825,3.0
12920,JAT,8,3.0,70.2,78,1563,departed,departed,True,4,13,54,8,afternoon,False,4.11655,BBMN,9,0.8888888888888888,1,12.34965,4.8163635,0.0
12920,BBMN,9,0.0,70.2,86,1555,departed,departed,False,4,13,54,8,afternoon,False,4.11655,VJPJ,10,0.9,1,0.0,4.8163635,0.0
12920,VJPJ,10,0.0,70.2,99,1542,departed,departed,False,4,13,54,8,afternoon,False,4.11655,SMBX,11,0.9090909090909091,1,0.0,4.8163635,0.0
12920,SMBX,11,0.0,70.2,110,1531,departed,departed,False,4,13,54,8,afternoon,False,4.11655,GHGL,12,0.9166666666666666,1,0.0,4.8163635,0.0
12920,GHGL,12,0.0,70.2,120,1521,departed,departed,False,4,13,54,8,afternoon,False,4.11655,HRNR,13,0.9230769230769231,1,0.0,4.8163635,0.0
12920,HRNR,13,0.0,70.2,125,1516,departed,departed,False,4,13,54,8,afternoon,False,4.11655,CKDL,14,0.9285714285714286,1,0.0,4.8163635,0.0
12920,CKDL,14,0.0,70.2,129,1512,departed,departed,False,4,13,54,8,afternoon,False,4.11655,CHNR,15,0.9333333333333333,1,0.0,4.8163635,0.0
12920,CHNR,15,0.0,70.2,134,1507,departed,departed,False,4,13,54,8,afternoon,False,4.11655,BDHY,16,0.9375,1,0.0,4.8163635,0.0
12920,BDHY,16,0.0,70.2,142,1499,departed,departed,False,4,13,54,8,afternoon,False,4.11655,MDPB,18,0.8888888888888888,2,0.0,4.8163635,0.0
12920,MSKT,17,0.0,37.9,154,1487,departed,departed,True,4,13,54,8,afternoon,False,4.11655,MDPB,18,0.9444444444444444,1,0.0,2.6002874166666667,0.0
12920,MDPB,18,0.0,37.9,162,1479,departed,departed,False,4,13,54,8,afternoon,False,4.11655,SJNP,19,0.9473684210526315,1,0.0,2.6002874166666667,0.0
12920,SJNP,19,0.0,37.9,169,1472,departed,departed,False,4,13,54,8,afternoon,False,4.11655,BHRL,20,0.95,1,0.0,2.6002874166666667,0.0
12920,BHRL,20,0.0,37.9,175,1466,departed,departed,False,4,13,54,8,afternoon,False,4.11655,PTKC,21,0.9523809523809523,1,0.0,2.6002874166666667,2.0
12920,PTKC,21,2.0,70.9,178,1463,departed,departed,True,4,13,54,8,afternoon,False,4.11655,KNDI,22,0.9545454545454546,1,8.2331,4.864389916666667,0.0
12920,KNDI,22,6.0,70.9,187,1454,departed,departed,False,4,13,54,8,afternoon,False,4.11655,GILA,23,0.9565217391304348,1,24.6993,4.864389916666667,0.0
12920,GILA,23,0.0,70.9,191,1450,departed,departed,False,4,13,54,8,afternoon,False,4.11655,MRTL,24,0.9583333333333334,1,0.0,4.864389916666667,0.0
12920,MRTL,24,2.0,70.9,197,1444,departed,departed,False,4,13,54,8,afternoon,False,4.11655,BNGL,25,0.96,1,8.2331,4.864389916666667,0.0
12920,BNGL,25,0.0,70.9,208,1433,departed,departed,False,4,13,54,8,afternoon,False,4.11655,MEX,26,0.9615384615384616,1,0.0,4.864389916666667,4.0
12920,MEX,26,4.0,64.0,217,1424,departed,departed,True,4,13,54,8,afternoon,False,4.11655,UCB,27,0.9629629629629629,1,16.4662,4.390986666666667,0.0
12920,UCB,27,3.0,64.0,227,1414,departed,departed,False,4,13,54,8,afternoon,False,4.11655,DZA,28,0.9642857142857143,1,12.34965,4.390986666666667,2.0
12920,DZA,28,2.0,52.6,233,1408,departed,departed,True,4,13,54,8,afternoon,False,4.11655,GSB,29,0.9655172413793104,1,8.2331,3.6088421666666672,0.0
12920,GSB,29,0.0,52.6,236,1405,departed,departed,False,4,13,54,8,afternoon,False,4.11655,KZX,30,0.9666666666666667,1,0.0,3.6088421666666672,0.0
12920,KZX,30,0.0,52.6,240,1401,departed,departed,False,4,13,54,8,afternoon,False,4.11655,TDO,31,0.967741935483871,1,0.0,3.6088421666666672,0.0
12920,TDO,31,0.0,52.6,248,1393,departed,departed,False,4,13,54,8,afternoon,False,4.11655,CGH,32,0.96875,1,0.0,3.6088421666666672,0.0
12920,CGH,32,0.0,52.6,254,1387,departed,departed,False,4,13,54,8,afternoon,False,4.11655,BPRS,33,0.9696969696969697,1,0.0,3.6088421666666672,0.0
12920,BPRS,33,0.0,52.6,261,1380,departed,departed,False,4,13,54,8,afternoon,False,4.11655,KKL,34,0.9705882352941176,1,0.0,3.6088421666666672,0.0
12920,KKL,34,0.0,52.6,270,1371,departed,departed,False,4,13,54,8,afternoon,False,4.11655,AWL,35,0.9714285714285714,1,0.0,3.6088421666666672,0.0
12920,AWL,35,0.0,52.6,276,1365,departed,departed,False,4,13,54,8,afternoon,False,4.11655,SCPD,36,0.9722222222222222,1,0.0,3.6088421666666672,0.0
12920,SCPD,36,0.0,52.6,286,1355,departed,departed,False,4,13,54,8,afternoon,False,4.11655,JRC,37,0.972972972972973,1,0.0,3.6088421666666672,13.0
12920,JRC,37,13.0,67.7,290,1351,departed,departed,True,4,13,54,8,afternoon,False,4.11655,CEU,38,0.9736842105263158,1,53.515150000000006,4.644840583333334,0.0
12920,CEU,38,0.0,67.7,299,1342,departed,departed,False,4,13,54,8,afternoon,False,4.11655,PGW,39,0.9743589743589743,1,0.0,4.644840583333334,0.0
12920,PGW,39,0.0,67.7,307,1334,departed,departed,False,4,13,54,8,afternoon,False,4.11655,MAUL,40,0.975,1,0.0,4.644840583333334,0.0
12920,MAUL,40,0.0,67.7,312,1329,departed,departed,False,4,13,54,8,afternoon,False,4.11655,GRY,41,0.975609756097561,1,0.0,4.644840583333334,0.0
12920,GRY,41,0.0,67.7,317,1324,departed,departed,False,4,13,54,8,afternoon,False,4.11655,BTTN,42,0.9761904761904762,1,0.0,4.644840583333334,0.0
12920,BTTN,42,0.0,67.7,322,1319,departed,departed,False,4,13,54,8,afternoon,False,4.11655,PHR,43,0.9767441860465116,1,0.0,4.644840583333334,0.0
12920,PHR,43,0.0,67.7,329,1312,departed,departed,False,4,13,54,8,afternoon,False,4.11655,LDW,44,0.9772727272727273,1,0.0,4.644840583333334,0.0
12920,LDW,44,0.0,67.7,334,1307,departed,departed,False,4,13,54,8,afternoon,False,4.11655,LDH,45,0.9777777777777777,1,0.0,4.644840583333334,2.0
12920,LDH,45,2.0,58.6,343,1298,departed,departed,True,4,13,54,8,afternoon,False,4.11655,BHOI,46,0.9782608695652174,1,8.2331,4.020497166666667,0.0
12920,BHOI,46,0.0,58.6,346,1295,departed,departed,False,4,13,54,8,afternoon,False,4.11655,DDL,47,0.9787234042553191,1,0.0,4.020497166666667,0.0
12920,DDL,47,9.0,58.6,350,1291,departed,departed,False,4,13,54,8,afternoon,False,4.11655,SNL,48,0.9791666666666666,1,37.048950000000005,4.020497166666667,0.0
12920,SNL,48,7.0,58.6,358,1283,departed,departed,False,4,13,54,8,afternoon,False,4.11655,DOA,49,0.9795918367346939,1,28.81585,4.020497166666667,0.0
12920,DOA,49,0.0,58.6,365,1276,departed,departed,False,4,13,54,8,afternoon,False,4.11655,CHA,50,0.98,1,0.0,4.020497166666667,0.0
12920,CHA,50,0.0,58.6,374,1267,departed,departed,False,4,13,54,8,afternoon,False,4.11655,GVG,52,0.9615384615384616,2,0.0,4.020497166666667,0.0
12920,KNN,51,0.0,77.1,385,1256,departed,departed,True,4,13,54,8,afternoon,False,4.11655,GVG,52,0.9807692307692307,1,0.0,5.28976675,0.0
12920,GVG,52,0.0,77.1,393,1248,departed,departed,False,4,13,54,8,afternoon,False,4.11655,SIR,53,0.9811320754716981,1,0.0,5.28976675,0.0
12920,SIR,53,0.0,72.3,403,1238,departed,departed,True,4,13,54,8,afternoon,False,4.11655,SDY,54,0.9814814814814815,1,0.0,4.96044275,0.0
12920,SDY,54,0.0,72.3,411,1230,departed,departed,False,4,13,54,8,afternoon,False,4.11655,SBJ,55,0.9818181818181818,1,0.0,4.96044275,0.0
12920,SBJ,55,0.0,72.3,419,1222,departed,departed,False,4,13,54,8,afternoon,False,4.11655,RPJ,56,0.9821428571428571,1,0.0,4.96044275,0.0
12920,RPJ,56,0.0,72.3,428,1213,departed,departed,False,4,13,54,8,afternoon,False,4.11655,SMU,57,0.9824561403508771,1,0.0,4.96044275,0.0
12920,SMU,57,0.0,72.3,439,1202,departed,departed,False,4,13,54,8,afternoon,False,4.11655,UBC,58,0.9827586206896551,1,0.0,4.96044275,0.0
12920,UBC,58,0.0,72.3,449,1192,departed,departed,False,4,13,54,8,afternoon,False,4.11655,UMB,59,0.9830508474576272,1,0.0,4.96044275,1.0
12920,UMB,59,1.0,84.0,456,1185,departed,departed,True,4,13,54,8,afternoon,False,4.11655,MOY,60,0.9833333333333333,1,4.11655,5.763170000000001,0.0
12920,MOY,60,0.0,84.0,465,1176,departed,departed,False,4,13,54,8,afternoon,False,4.11655,SHDM,61,0.9836065573770492,1,0.0,5.763170000000001,0.0
12920,SHDM,61,0.0,84.0,476,1165,departed,departed,False,4,13,54,8,afternoon,False,4.11655,DHMZ,62,0.9838709677419355,1,0.0,5.763170000000001,0.0
12920,DHMZ,62,4.0,84.0,481,1160,departed,departed,False,4,13,54,8,afternoon,False,4.11655,DPP,63,0.9841269841269841,1,16.4662,5.763170000000001,0.0
12920,DPP,63,0.0,84.0,487,1154,departed,departed,False,4,13,54,8,afternoon,False,4.11655,DHKR,64,0.984375,1,0.0,5.763170000000001,0.0
12920,DHKR,64,0.0,84.0,492,1149,departed,departed,False,4,13,54,8,afternoon,False,4.11655,KKDE,65,0.9846153846153847,1,0.0,5.763170000000001,5.0
12920,KKDE,65,5.0,86.1,498,1143,departed,departed,True,4,13,54,8,afternoon,False,4.11655,AMIN,66,0.9848484848484849,1,20.58275,5.9072492500000005,0.0
12920,AMIN,66,0.0,86.1,506,1135,departed,departed,False,4,13,54,8,afternoon,False,4.11655,NLKR,67,0.9850746268656716,1,0.0,5.9072492500000005,0.0
12920,NLKR,67,0.0,86.1,515,1126,departed,departed,False,4,13,54,8,afternoon,False,4.11655,TRR,68,0.9852941176470589,1,0.0,5.9072492500000005,0.0
12920,TRR,68,0.0,86.1,519,1122,departed,departed,False,4,13,54,8,afternoon,False,4.11655,BZK,69,0.9855072463768116,1,0.0,5.9072492500000005,0.0
12920,BZK,69,0.0,86.1,524,1117,departed,departed,False,4,13,54,8,afternoon,False,4.11655,KUN,70,0.9857142857142858,1,0.0,5.9072492500000005,3.0
12920,KUN,70,3.0,92.7,531,1110,departed,departed,True,4,13,54,8,afternoon,False,4.11655,BZJT,71,0.9859154929577465,1,12.34965,6.36006975,0.0
12920,BZJT,71,0.0,92.7,540,1101,departed,departed,False,4,13,54,8,afternoon,False,4.11655,GRA,72,0.9861111111111112,1,0.0,6.36006975,0.0
12920,GRA,72,0.0,92.7,548,1093,departed,departed,False,4,13,54,8,afternoon,False,4.11655,KFU,73,0.9863013698630136,1,0.0,6.36006975,0.0
12920,KFU,73,0.0,92.7,554,1087,departed,departed,False,4,13,54,8,afternoon,False,4.11655,BBDE,74,0.9864864864864865,1,0.0,6.36006975,0.0
12920,BBDE,74,0.0,92.7,559,1082,departed,departed,False,4,13,54,8,afternoon,False,4.11655,PNP,75,0.9866666666666667,1,0.0,6.36006975,10.0
12920,PNP,75,10.0,96.4,565,1076,departed,departed,True,4,13,54,8,afternoon,False,4.11655,DWNA,76,0.9868421052631579,1,41.1655,6.613923666666667,0.0
12920,DWNA,76,0.0,96.4,573,1068,departed,departed,False,4,13,54,8,afternoon,False,4.11655,SMK,77,0.987012987012987,1,0.0,6.613923666666667,0.0
12920,SMK,77,0.0,96.4,582,1059,departed,departed,False,4,13,54,8,afternoon,False,4.11655,BDMJ,78,0.9871794871794872,1,0.0,6.613923666666667,0.0
12920,BDMJ,78,0.0,96.4,589,1052,departed,departed,False,4,13,54,8,afternoon,False,4.11655,GNU,79,0.9873417721518988,1,0.0,6.613923666666667,0.0
12920,GNU,79,0.0,96.4,594,1047,departed,departed,False,4,13,54,8,afternoon,False,4.11655,RUG,80,0.9875,1,0.0,6.613923666666667,0.0
12920,RUG,80,0.0,96.4,599,1042,departed,departed,False,4,13,54,8,afternoon,False,4.11655,SLKN,81,0.9876543209876543,1,0.0,6.613923666666667,0.0
12920,SLKN,81,12.0,96.4,602,1039,departed,departed,False,4,13,54,8,afternoon,False,4.11655,SNP,82,0.9878048780487805,1,49.3986,6.613923666666667,19.0
12920,SNP,82,17.0,61.5,610,1031,departed,departed,True,4,13,54,8,afternoon,False,4.11655,HNN,83,0.9879518072289156,1,69.98135,4.21946375,0.0
12920,HNN,83,0.0,61.5,616,1025,departed,departed,False,4,13,54,8,afternoon,False,4.11655,RDDE,84,0.9880952380952381,1,0.0,4.21946375,0.0
12920,RDDE,84,17.0,61.5,621,1020,departed,departed,False,4,13,54,8,afternoon,False,4.11655,NUR,85,0.9882352941176471,1,69.98135,4.21946375,14.0
12920,NUR,85,0.0,61.5,627,1014,upcoming,upcoming,False,4,13,54,8,afternoon,False,4.11655,HUK,86,0.9883720930232558,1,0.0,4.21946375,0.0
12920,HUK,86,0.0,61.5,633,1008,upcoming,upcoming,False,4,13,54,8,afternoon,False,4.11655,KHKN,87,0.9885057471264368,1,0.0,4.21946375,0.0
12920,KHKN,87,0.0,61.5,636,1005,upcoming,upcoming,False,4,13,54,8,afternoon,False,4.11655,BHD,88,0.9886363636363636,1,0.0,4.21946375,0.0
12920,BHD,88,0.0,61.5,640,1001,upcoming,upcoming,False,4,13,54,8,afternoon,False,4.11655,ANDI,89,0.9887640449438202,1,0.0,4.21946375,0.0
12920,ANDI,89,0.0,61.5,644,997,upcoming,upcoming,False,4,13,54,8,afternoon,False,4.11655,DAZ,90,0.9888888888888889,1,0.0,4.21946375,0.0
12920,DAZ,90,0.0,61.5,646,995,upcoming,upcoming,False,4,13,54,8,afternoon,False,4.11655,SZM,91,0.989010989010989,1,0.0,4.21946375,16.0
12920,SZM,91,19.0,6.5,651,990,upcoming,upcoming,True,4,13,54,8,afternoon,False,4.11655,DSB,92,0.9891304347826086,1,78.21445,0.44595958333333335,0.0
12920,DSB,92,0.0,6.5,653,988,upcoming,upcoming,False,4,13,54,8,afternoon,False,4.11655,NDLS,93,0.989247311827957,1,0.0,0.44595958333333335,16.0
12920,NDLS,93,19.0,54.2,655,986,upcoming,upcoming,True,4,13,54,8,afternoon,False,4.11655,CSB,94,0.9893617021276596,1,78.21445,3.718616833333334,0.0
12920,CSB,94,0.0,54.2,656,985,upcoming,upcoming,False,4,13,54,8,afternoon,False,4.11655,TKJ,95,0.9894736842105263,1,0.0,3.718616833333334,0.0
12920,TKJ,95,0.0,54.2,657,984,upcoming,upcoming,False,4,13,54,8,afternoon,False,4.11655,NZM,96,0.9895833333333334,1,0.0,3.718616833333334,0.0
12920,NZM,96,0.0,54.2,662,979,upcoming,upcoming,False,4,13,54,8,afternoon,False,4.11655,OKA,97,0.9896907216494846,1,0.0,3.718616833333334,0.0
12920,OKA,97,0.0,54.2,665,976,upcoming,upcoming,False,4,13,54,8,afternoon,False,4.11655,TKD,98,0.9897959183673469,1,0.0,3.718616833333334,0.0
12920,TKD,98,0.0,54.2,672,969,upcoming,upcoming,False,4,13,54,8,afternoon,False,4.11655,TKDC,99,0.98989898989899,1,0.0,3.718616833333334,0.0
12920,TKDC,99,0.0,54.2,678,963,upcoming,upcoming,False,4,13,54,8,afternoon,False,4.11655,FDB,100,0.99,1,0.0,3.718616833333334,16.0
12920,FDB,100,19.0,53.3,683,958,upcoming,upcoming,True,4,13,54,8,afternoon,False,4.11655,FDN,101,0.9900990099009901,1,78.21445,3.6568685833333334,0.0
12920,FDN,101,0.0,53.3,687,954,upcoming,upcoming,False,4,13,54,8,afternoon,False,4.11655,BVH,102,0.9901960784313726,1,0.0,3.6568685833333334,16.0
12920,BVH,102,19.0,48.5,691,950,upcoming,upcoming,True,4,13,54,8,afternoon,False,4.11655,AST,103,0.9902912621359223,1,78.21445,3.3275445833333337,0.0
12920,AST,103,0.0,48.5,701,940,upcoming,upcoming,False,4,13,54,8,afternoon,False,4.11655,PWL,104,0.9903846153846154,1,0.0,3.3275445833333337,16.0
12920,PWL,104,19.0,96.9,712,929,upcoming,upcoming,True,4,13,54,8,afternoon,False,4.11655,RDE,105,0.9904761904761905,1,78.21445,6.648228250000001,0.0
12920,RDE,105,0.0,96.9,721,920,upcoming,upcoming,False,4,13,54,8,afternoon,False,4.11655,SHLK,106,0.9905660377358491,1,0.0,6.648228250000001,0.0
12920,SHLK,106,0.0,96.9,731,910,upcoming,upcoming,False,4,13,54,8,afternoon,False,4.11655,BNCR,107,0.9906542056074766,1,0.0,6.648228250000001,0.0
12920,BNCR,107,0.0,96.9,735,906,upcoming,upcoming,False,4,13,54,8,afternoon,False,4.11655,HDL,108,0.9907407407407407,1,0.0,6.648228250000001,0.0
12920,HDL,108,0.0,96.9,742,899,upcoming,upcoming,False,4,13,54,8,afternoon,False,4.11655,KSV,109,0.9908256880733946,1,0.0,6.648228250000001,16.0
12920,KSV,109,19.0,87.9,754,887,upcoming,upcoming,True,4,13,54,8,afternoon,False,4.11655,CHJ,110,0.990909090909091,1,78.21445,6.03074575,0.0
12920,CHJ,110,0.0,87.9,764,877,upcoming,upcoming,False,4,13,54,8,afternoon,False,4.11655,AJH,111,0.990990990990991,1,0.0,6.03074575,0.0
12920,AJH,111,0.0,87.9,774,867,upcoming,upcoming,False,4,13,54,8,afternoon,False,4.11655,VRBD,112,0.9910714285714286,1,0.0,6.03074575,0.0
12920,VRBD,112,0.0,87.9,785,856,upcoming,upcoming,False,4,13,54,8,afternoon,False,4.11655,BTSR,113,0.9911504424778761,1,0.0,6.03074575,0.0
12920,BTSR,113,0.0,87.9,793,848,upcoming,upcoming,False,4,13,54,8,afternoon,False,4.11655,MTJ,114,0.9912280701754386,1,0.0,6.03074575,16.0
12920,MTJ,114,19.0,90.9,795,846,upcoming,upcoming,True,4,13,54,8,afternoon,False,4.11655,BAD,115,0.991304347826087,1,78.21445,6.236573250000001,0.0
12920,BAD,115,0.0,90.9,805,836,upcoming,upcoming,False,4,13,54,8,afternoon,False,4.11655,FAR,116,0.9913793103448276,1,0.0,6.236573250000001,0.0
12920,FAR,116,0.0,90.9,814,827,upcoming,upcoming,False,4,13,54,8,afternoon,False,4.11655,DDDM,117,0.9914529914529915,1,0.0,6.236573250000001,0.0
12920,DDDM,117,0.0,90.9,817,824,upcoming,upcoming,False,4,13,54,8,afternoon,False,4.11655,KXM,118,0.9915254237288136,1,0.0,6.236573250000001,0.0
12920,KXM,118,0.0,90.9,825,816,upcoming,upcoming,False,4,13,54,8,afternoon,False,4.11655,RNKA,119,0.9915966386554622,1,0.0,6.236573250000001,0.0
12920,RNKA,119,0.0,90.9,834,807,upcoming,upcoming,False,4,13,54,8,afternoon,False,4.11655,BFP,120,0.9916666666666667,1,0.0,6.236573250000001,0.0
12920,BFP,120,0.0,90.9,843,798,upcoming,upcoming,False,4,13,54,8,afternoon,False,4.11655,RKM,121,0.9917355371900827,1,0.0,6.236573250000001,0.0
12920,RKM,121,0.0,90.9,845,796,upcoming,upcoming,False,4,13,54,8,afternoon,False,4.11655,AGC,122,0.9918032786885246,1,0.0,6.236573250000001,16.0
12920,AGC,122,19.0,60.0,848,793,upcoming,upcoming,True,4,13,54,8,afternoon,False,4.11655,BHA,123,0.991869918699187,1,78.21445,4.11655,0.0
12920,BHA,123,0.0,60.0,859,782,upcoming,upcoming,False,4,13,54,8,afternoon,False,4.11655,JJ,124,0.9919354838709677,1,0.0,4.11655,0.0
12920,JJ,124,0.0,60.0,874,767,upcoming,upcoming,False,4,13,54,8,afternoon,False,4.11655,MIA,125,0.992,1,0.0,4.11655,0.0
12920,MIA,125,0.0,60.0,888,753,upcoming,upcoming,False,4,13,54,8,afternoon,False,4.11655,DHO,126,0.9920634920634921,1,0.0,4.11655,16.0
12920,DHO,126,19.0,46.3,901,740,upcoming,upcoming,True,4,13,54,8,afternoon,False,4.11655,HET,127,0.9921259842519685,1,78.21445,3.1766044166666663,0.0
12920,HET,127,0.0,46.3,914,727,upcoming,upcoming,False,4,13,54,8,afternoon,False,4.11655,SIKD,128,0.9921875,1,0.0,3.1766044166666663,0.0
12920,SIKD,128,0.0,46.3,920,721,upcoming,upcoming,False,4,13,54,8,afternoon,False,4.11655,MRA,129,0.9922480620155039,1,0.0,3.1766044166666663,16.0
12920,MRA,129,19.0,83.6,928,713,upcoming,upcoming,True,4,13,54,8,afternoon,False,4.11655,SANK,130,0.9923076923076923,1,78.21445,5.735726333333333,0.0
12920,SANK,130,0.0,83.6,938,703,upcoming,upcoming,False,4,13,54,8,afternoon,False,4.11655,NUB,131,0.9923664122137404,1,0.0,5.735726333333333,0.0
12920,NUB,131,0.0,83.6,942,699,upcoming,upcoming,False,4,13,54,8,afternoon,False,4.11655,BAO,132,0.9924242424242424,1,0.0,5.735726333333333,0.0
12920,BAO,132,0.0,83.6,948,693,upcoming,upcoming,False,4,13,54,8,afternoon,False,4.11655,RRU,133,0.9924812030075187,1,0.0,5.735726333333333,0.0
12920,RRU,133,0.0,83.6,954,687,upcoming,upcoming,False,4,13,54,8,afternoon,False,4.11655,BLNR,134,0.9925373134328358,1,0.0,5.735726333333333,0.0
12920,BLNR,134,0.0,83.6,964,677,upcoming,upcoming,False,4,13,54,8,afternoon,False,4.11655,GWL,135,0.9925925925925926,1,0.0,5.735726333333333,16.0
12920,GWL,135,19.0,64.5,967,674,upcoming,upcoming,True,4,13,54,8,afternoon,False,4.11655,STLI,136,0.9926470588235294,1,78.21445,4.42529125,0.0
12920,STLI,136,0.0,64.5,975,666,upcoming,upcoming,False,4,13,54,8,afternoon,False,4.11655,SLV,137,0.9927007299270073,1,0.0,4.42529125,0.0
12920,SLV,137,0.0,64.5,983,658,upcoming,upcoming,False,4,13,54,8,afternoon,False,4.11655,ARI,138,0.9927536231884058,1,0.0,4.42529125,0.0
12920,ARI,138,0.0,64.5,990,651,upcoming,upcoming,False,4,13,54,8,afternoon,False,4.11655,AEH,139,0.9928057553956835,1,0.0,4.42529125,0.0
12920,AEH,139,0.0,64.5,1001,640,upcoming,upcoming,False,4,13,54,8,afternoon,False,4.11655,SMTL,140,0.9928571428571429,1,0.0,4.42529125,0.0
12920,SMTL,140,0.0,64.5,1005,636,upcoming,upcoming,False,4,13,54,8,afternoon,False,4.11655,DBA,141,0.9929078014184397,1,0.0,4.42529125,16.0
12920,DBA,141,19.0,77.5,1010,631,upcoming,upcoming,True,4,13,54,8,afternoon,False,4.11655,KTRA,142,0.9929577464788732,1,78.21445,5.317210416666667,0.0
12920,KTRA,142,0.0,77.5,1020,621,upcoming,upcoming,False,4,13,54,8,afternoon,False,4.11655,SOR,143,0.993006993006993,1,0.0,5.317210416666667,0.0
12920,SOR,143,0.0,77.5,1029,612,upcoming,upcoming,False,4,13,54,8,afternoon,False,4.11655,DAA,144,0.9930555555555556,1,0.0,5.317210416666667,16.0
12920,DAA,144,19.0,41.1,1041,600,upcoming,upcoming,True,4,13,54,8,afternoon,False,4.11655,CIRL,145,0.993103448275862,1,78.21445,2.8198367500000003,0.0
12920,CIRL,145,0.0,41.1,1048,593,upcoming,upcoming,False,4,13,54,8,afternoon,False,4.11655,KRQ,146,0.9931506849315068,1,0.0,2.8198367500000003,0.0
12920,KRQ,146,0.0,41.1,1054,587,upcoming,upcoming,False,4,13,54,8,afternoon,False,4.11655,VGLJ,147,0.9931972789115646,1,0.0,2.8198367500000003,16.0
12920,VGLJ,147,19.0,60.0,1065,576,upcoming,upcoming,True,4,13,54,8,afternoon,False,4.11655,BJI,148,0.9932432432432432,1,78.21445,4.11655,0.0
12920,BJI,148,0.0,60.0,1073,568,upcoming,upcoming,False,4,13,54,8,afternoon,False,4.11655,KHJ,149,0.9932885906040269,1,0.0,4.11655,0.0
12920,KHJ,149,0.0,60.0,1081,560,upcoming,upcoming,False,4,13,54,8,afternoon,False,4.11655,BAB,150,0.9933333333333333,1,0.0,4.11655,16.0
12920,BAB,150,19.0,92.9,1089,552,upcoming,upcoming,True,4,13,54,8,afternoon,False,4.11655,BPW,151,0.9933774834437086,1,78.21445,6.373791583333333,0.0
12920,BPW,151,0.0,92.9,1094,547,upcoming,upcoming,False,4,13,54,8,afternoon,False,4.11655,BZY,152,0.993421052631579,1,0.0,6.373791583333333,0.0
12920,BZY,152,0.0,92.9,1101,540,upcoming,upcoming,False,4,13,54,8,afternoon,False,4.11655,MZX,153,0.9934640522875817,1,0.0,6.373791583333333,0.0
12920,MZX,153,0.0,92.9,1109,532,upcoming,upcoming,False,4,13,54,8,afternoon,False,4.11655,TBT,154,0.9935064935064936,1,0.0,6.373791583333333,0.0
12920,TBT,154,0.0,92.9,1114,527,upcoming,upcoming,False,4,13,54,8,afternoon,False,4.11655,BJA,155,0.9935483870967742,1,0.0,6.373791583333333,0.0
12920,BJA,155,0.0,92.9,1125,516,upcoming,upcoming,False,4,13,54,8,afternoon,False,4.11655,JHA,156,0.9935897435897436,1,0.0,6.373791583333333,0.0
12920,JHA,156,0.0,92.9,1134,507,upcoming,upcoming,False,4,13,54,8,afternoon,False,4.11655,DWA,157,0.9936305732484076,1,0.0,6.373791583333333,0.0
12920,DWA,157,0.0,92.9,1144,497,upcoming,upcoming,False,4,13,54,8,afternoon,False,4.11655,LAR,158,0.9936708860759493,1,0.0,6.373791583333333,16.0
12920,LAR,158,19.0,56.4,1154,487,upcoming,upcoming,True,4,13,54,8,afternoon,False,4.11655,JRO,159,0.9937106918238994,1,78.21445,3.869557,0.0
12920,JRO,159,0.0,56.4,1164,477,upcoming,upcoming,False,4,13,54,8,afternoon,False,4.11655,JLN,160,0.99375,1,0.0,3.869557,0.0
12920,JLN,160,0.0,56.4,1171,470,upcoming,upcoming,False,4,13,54,8,afternoon,False,4.11655,DUA,161,0.9937888198757764,1,0.0,3.869557,0.0
12920,DUA,161,0.0,56.4,1182,459,upcoming,upcoming,False,4,13,54,8,afternoon,False,4.11655,MXS,162,0.9938271604938271,1,0.0,3.869557,0.0
12920,MXS,162,0.0,56.4,1191,450,upcoming,upcoming,False,4,13,54,8,afternoon,False,4.11655,KOA,163,0.9938650306748467,1,0.0,3.869557,0.0
12920,KOA,163,0.0,56.4,1197,444,upcoming,upcoming,False,4,13,54,8,afternoon,False,4.11655,AGD,164,0.9939024390243902,1,0.0,3.869557,0.0
12920,AGD,164,0.0,56.4,1209,432,upcoming,upcoming,False,4,13,54,8,afternoon,False,4.11655,BINA,165,0.9939393939393939,1,0.0,3.869557,16.0
12920,BINA,165,19.0,87.1,1217,424,upcoming,upcoming,True,4,13,54,8,afternoon,False,4.11655,KIKA,166,0.9939759036144579,1,78.21445,5.975858416666666,0.0
12920,KIKA,166,0.0,87.1,1226,415,upcoming,upcoming,False,4,13,54,8,afternoon,False,4.11655,MABA,167,0.9940119760479041,1,0.0,5.975858416666666,0.0
12920,MABA,167,0.0,87.1,1234,407,upcoming,upcoming,False,4,13,54,8,afternoon,False,4.11655,KAH,168,0.9940476190476191,1,0.0,5.975858416666666,0.0
12920,KAH,168,0.0,87.1,1243,398,upcoming,upcoming,False,4,13,54,8,afternoon,False,4.11655,CLHT,169,0.9940828402366864,1,0.0,5.975858416666666,0.0
12920,CLHT,169,0.0,87.1,1248,393,upcoming,upcoming,False,4,13,54,8,afternoon,False,4.11655,BET,170,0.9941176470588236,1,0.0,5.975858416666666,0.0
12920,BET,170,0.0,87.1,1252,389,upcoming,upcoming,False,4,13,54,8,afternoon,False,4.11655,BAQ,171,0.9941520467836257,1,0.0,5.975858416666666,16.0
12920,BAQ,171,19.0,96.0,1262,379,upcoming,upcoming,True,4,13,54,8,afternoon,False,4.11655,PAI,172,0.9941860465116279,1,78.21445,6.58648,0.0
12920,PAI,172,0.0,96.0,1271,370,upcoming,upcoming,False,4,13,54,8,afternoon,False,4.11655,GLG,173,0.9942196531791907,1,0.0,6.58648,0.0
12920,GLG,173,0.0,96.0,1281,360,upcoming,upcoming,False,4,13,54,8,afternoon,False,4.11655,SUMR,174,0.9942528735632183,1,0.0,6.58648,0.0
12920,SUMR,174,0.0,96.0,1288,353,upcoming,upcoming,False,4,13,54,8,afternoon,False,4.11655,SORI,175,0.9942857142857143,1,0.0,6.58648,0.0
12920,SORI,175,0.0,96.0,1296,345,upcoming,upcoming,False,4,13,54,8,afternoon,False,4.11655,BHS,176,0.9943181818181818,1,0.0,6.58648,16.0
12920,BHS,176,19.0,56.7,1302,339,upcoming,upcoming,True,4,13,54,8,afternoon,False,4.11655,SCI,177,0.9943502824858758,1,78.21445,3.8901397500000003,0.0
12920,SCI,177,0.0,56.7,1311,330,upcoming,upcoming,False,4,13,54,8,afternoon,False,4.11655,SMT,178,0.9943820224719101,1,0.0,3.8901397500000003,0.0
12920,SMT,178,0.0,56.7,1318,323,upcoming,upcoming,False,4,13,54,8,afternoon,False,4.11655,DWG,179,0.994413407821229,1,0.0,3.8901397500000003,0.0
12920,DWG,179,0.0,56.7,1328,313,upcoming,upcoming,False,4,13,54,8,afternoon,False,4.11655,BVB,180,0.9944444444444445,1,0.0,3.8901397500000003,0.0
12920,BVB,180,0.0,56.7,1336,305,upcoming,upcoming,False,4,13,54,8,afternoon,False,4.11655,SUW,181,0.994475138121547,1,0.0,3.8901397500000003,0.0
12920,SUW,181,0.0,56.7,1344,297,upcoming,upcoming,False,4,13,54,8,afternoon,False,4.11655,NSZ,182,0.9945054945054945,1,0.0,3.8901397500000003,16.0
12920,NSZ,182,19.0,4.6,1354,287,upcoming,upcoming,True,4,13,54,8,afternoon,False,4.11655,BPL,183,0.994535519125683,1,78.21445,0.31560216666666663,16.0
12920,BPL,183,19.0,28.6,1355,286,upcoming,upcoming,True,4,13,54,8,afternoon,False,4.11655,SHRN,184,0.9945652173913043,1,78.21445,1.9622221666666668,16.0
12920,SHRN,184,19.0,174.0,1365,276,upcoming,upcoming,True,4,13,54,8,afternoon,False,4.11655,BQE,185,0.9945945945945946,1,78.21445,11.937995,0.0
12920,BQE,185,0.0,174.0,1373,268,upcoming,upcoming,False,4,13,54,8,afternoon,False,4.11655,PUD,186,0.9946236559139785,1,0.0,11.937995,0.0
12920,PUD,186,0.0,174.0,1381,260,upcoming,upcoming,False,4,13,54,8,afternoon,False,4.11655,PNWN,187,0.9946524064171123,1,0.0,11.937995,0.0
12920,PNWN,187,0.0,174.0,1388,253,upcoming,upcoming,False,4,13,54,8,afternoon,False,4.11655,SEH,188,0.9946808510638298,1,0.0,11.937995,16.0
12920,SEH,188,19.0,66.9,1394,247,upcoming,upcoming,True,4,13,54,8,afternoon,False,4.11655,BKTL,189,0.9947089947089947,1,78.21445,4.58995325,0.0
12920,BKTL,189,0.0,66.9,1402,239,upcoming,upcoming,False,4,13,54,8,afternoon,False,4.11655,PRB,190,0.9947368421052631,1,0.0,4.58995325,0.0
12920,PRB,190,0.0,66.9,1408,233,upcoming,upcoming,False,4,13,54,8,afternoon,False,4.11655,JBX,191,0.9947643979057592,1,0.0,4.58995325,0.0
12920,JBX,191,0.0,66.9,1415,226,upcoming,upcoming,False,4,13,54,8,afternoon,False,4.11655,KPP,192,0.9947916666666666,1,0.0,4.58995325,16.0
12920,KPP,192,19.0,60.0,1423,218,upcoming,upcoming,True,4,13,54,8,afternoon,False,4.11655,CKOD,193,0.9948186528497409,1,78.21445,4.11655,0.0
12920,CKOD,193,0.0,60.0,1429,212,upcoming,upcoming,False,4,13,54,8,afternoon,False,4.11655,SJP,194,0.9948453608247423,1,0.0,4.11655,16.0
12920,SJP,194,19.0,60.0,1435,206,upcoming,upcoming,True,4,13,54,8,afternoon,False,4.11655,MQE,195,0.9948717948717949,1,78.21445,4.11655,0.0
12920,MQE,195,0.0,60.0,1442,199,upcoming,upcoming,False,4,13,54,8,afternoon,False,4.11655,AKD,196,0.9948979591836735,1,0.0,4.11655,16.0
12920,AKD,196,19.0,69.2,1448,193,upcoming,upcoming,True,4,13,54,8,afternoon,False,4.11655,BLX,197,0.9949238578680203,1,78.21445,4.747754333333334,0.0
12920,BLX,197,0.0,69.2,1460,181,upcoming,upcoming,False,4,13,54,8,afternoon,False,4.11655,KSH,198,0.9949494949494949,1,0.0,4.747754333333334,0.0
12920,KSH,198,0.0,69.2,1466,175,upcoming,upcoming,False,4,13,54,8,afternoon,False,4.11655,KONY,199,0.9949748743718593,1,0.0,4.747754333333334,0.0
12920,KONY,199,0.0,69.2,1473,168,upcoming,upcoming,False,4,13,54,8,afternoon,False,4.11655,BCH,200,0.995,1,0.0,4.747754333333334,16.0
12920,BCH,200,19.0,42.2,1478,163,upcoming,upcoming,True,4,13,54,8,afternoon,False,4.11655,PUO,201,0.9950248756218906,1,78.21445,2.8953068333333336,0.0
12920,PUO,201,0.0,42.2,1490,151,upcoming,upcoming,False,4,13,54,8,afternoon,False,4.11655,MKC,202,0.995049504950495,1,0.0,2.8953068333333336,16.0
12920,MKC,202,19.0,49.2,1497,144,upcoming,upcoming,True,4,13,54,8,afternoon,False,4.11655,TAN,203,0.9950738916256158,1,78.21445,3.3755710000000003,0.0
12920,TAN,203,0.0,49.2,1507,134,upcoming,upcoming,False,4,13,54,8,afternoon,False,4.11655,SVT,204,0.9950980392156863,1,0.0,3.3755710000000003,0.0
12920,SVT,204,0.0,49.2,1513,128,upcoming,upcoming,False,4,13,54,8,afternoon,False,4.11655,TJP,205,0.9951219512195122,1,0.0,3.3755710000000003,0.0
12920,TJP,205,0.0,49.2,1523,118,upcoming,upcoming,False,4,13,54,8,afternoon,False,4.11655,PLW,206,0.9951456310679612,1,0.0,3.3755710000000003,0.0
12920,PLW,206,0.0,49.2,1529,112,upcoming,upcoming,False,4,13,54,8,afternoon,False,4.11655,UJN,207,0.9951690821256038,1,0.0,3.3755710000000003,16.0
12920,UJN,207,19.0,44.7,1538,103,upcoming,upcoming,True,4,13,54,8,afternoon,False,4.11655,VRG,208,0.9951923076923077,1,78.21445,3.0668297500000006,0.0
12920,VRG,208,0.0,44.7,1544,97,upcoming,upcoming,False,4,13,54,8,afternoon,False,4.11655,KDHA,209,0.9952153110047847,1,0.0,3.0668297500000006,0.0
12920,KDHA,209,0.0,44.7,1556,85,upcoming,upcoming,False,4,13,54,8,afternoon,False,4.11655,UDM,210,0.9952380952380953,1,0.0,3.0668297500000006,0.0
12920,UDM,210,0.0,44.7,1563,78,upcoming,upcoming,False,4,13,54,8,afternoon,False,4.11655,NRGR,211,0.995260663507109,1,0.0,3.0668297500000006,0.0
12920,NRGR,211,0.0,44.7,1569,72,upcoming,upcoming,False,4,13,54,8,afternoon,False,4.11655,DWX,212,0.9952830188679245,1,0.0,3.0668297500000006,16.0
12920,DWX,212,19.0,39.0,1579,62,upcoming,upcoming,True,4,13,54,8,afternoon,False,4.11655,BNJN,213,0.9953051643192489,1,78.21445,2.6757575000000005,0.0
12920,BNJN,213,0.0,39.0,1585,56,upcoming,upcoming,False,4,13,54,8,afternoon,False,4.11655,BLAX,214,0.9953271028037384,1,0.0,2.6757575000000005,0.0
12920,BLAX,214,0.0,39.0,1595,46,upcoming,upcoming,False,4,13,54,8,afternoon,False,4.11655,MGG,215,0.9953488372093023,1,0.0,2.6757575000000005,0.0
12920,MGG,215,0.0,39.0,1606,35,upcoming,upcoming,False,4,13,54,8,afternoon,False,4.11655,LMNR,216,0.9953703703703703,1,0.0,2.6757575000000005,0.0
12920,LMNR,216,0.0,39.0,1617,24,upcoming,upcoming,False,4,13,54,8,afternoon,False,4.11655,INDB,217,0.9953917050691244,1,0.0,2.6757575000000005,16.0
12920,INDB,217,19.0,31.5,1620,21,upcoming,upcoming,True,4,13,54,8,afternoon,False,4.11655,SFNR,218,0.9954128440366973,1,78.21445,2.16118875,0.0
12920,SFNR,218,0.0,31.5,1622,19,upcoming,upcoming,False,4,13,54,8,afternoon,False,4.11655,LKMN,219,0.9954337899543378,1,0.0,2.16118875,0.0
12920,LKMN,219,0.0,31.5,1624,17,upcoming,upcoming,False,4,13,54,8,afternoon,False,4.11655,RJQ,220,0.9954545454545455,1,0.0,2.16118875,0.0
12920,RJQ,220,0.0,31.5,1627,14,upcoming,upcoming,False,4,13,54,8,afternoon,False,4.11655,RAU,221,0.995475113122172,1,0.0,2.16118875,0.0
12920,RAU,221,0.0,31.5,1632,9,upcoming,upcoming,False,4,13,54,8,afternoon,False,4.11655,HKH,222,0.9954954954954955,1,0.0,2.16118875,0.0
12920,HKH,222,0.0,31.5,1638,3,upcoming,upcoming,False,4,13,54,8,afternoon,False,4.11655,DADN,223,0.9955156950672646,1,0.0,2.16118875,16.0
12920,SVDK,1,10.0,68.6,0,1641,departed,departed,True,4,13,59,8,afternoon,False,41.97753333333333,CRWL,2,0.5,1,419.77533333333326,47.9943131111111,10.0
12920,CRWL,2,10.0,31.8,16,1625,departed,departed,True,4,13,59,8,afternoon,False,41.97753333333333,MCTM,3,0.6666666666666666,1,419.77533333333326,22.24809266666666,4.0
12920,MCTM,3,4.0,38.6,25,1616,departed,departed,True,4,13,59,8,afternoon,False,41.97753333333333,RMJK,4,0.75,1,167.9101333333333,27.00554644444444,13.0
12920,RMJK,4,13.0,48.9,34,1607,departed,departed,True,4,13,59,8,afternoon,False,41.97753333333333,JAT,8,0.5,4,545.7079333333332,34.21168966666666,3.0
12920,MNWL,5,0.0,48.9,46,1595,departed,departed,False,4,13,59,8,afternoon,False,41.97753333333333,JAT,8,0.625,3,0.0,34.21168966666666,3.0
12920,SGRR,6,0.0,48.9,56,1585,departed,departed,False,4,13,59,8,afternoon,False,41.97753333333333,JAT,8,0.75,2,0.0,34.21168966666666,3.0
12920,BLA,7,0.0,48.9,67,1574,departed,departed,False,4,13,59,8,afternoon,False,41.97753333333333,JAT,8,0.875,1,0.0,34.21168966666666,3.0
12920,JAT,8,3.0,70.2,78,1563,departed,departed,True,4,13,59,8,afternoon,False,41.97753333333333,MSKT,17,0.47058823529411764,9,125.93259999999998,49.113713999999995,0.0
12920,BBMN,9,0.0,70.2,86,1555,departed,departed,False,4,13,59,8,afternoon,False,41.97753333333333,MSKT,17,0.5294117647058824,8,0.0,49.113713999999995,0.0
12920,VJPJ,10,0.0,70.2,99,1542,departed,departed,False,4,13,59,8,afternoon,False,41.97753333333333,MSKT,17,0.5882352941176471,7,0.0,49.113713999999995,0.0
12920,SMBX,11,0.0,70.2,110,1531,departed,departed,False,4,13,59,8,afternoon,False,41.97753333333333,MSKT,17,0.6470588235294118,6,0.0,49.113713999999995,0.0
12920,GHGL,12,0.0,70.2,120,1521,departed,departed,False,4,13,59,8,afternoon,False,41.97753333333333,MSKT,17,0.7058823529411765,5,0.0,49.113713999999995,0.0
12920,HRNR,13,0.0,70.2,125,1516,departed,departed,False,4,13,59,8,afternoon,False,41.97753333333333,MSKT,17,0.7647058823529411,4,0.0,49.113713999999995,0.0
12920,CKDL,14,0.0,70.2,129,1512,departed,departed,False,4,13,59,8,afternoon,False,41.97753333333333,MSKT,17,0.8235294117647058,3,0.0,49.113713999999995,0.0
12920,CHNR,15,0.0,70.2,134,1507,departed,departed,False,4,13,59,8,afternoon,False,41.97753333333333,MSKT,17,0.8823529411764706,2,0.0,49.113713999999995,0.0
12920,BDHY,16,0.0,70.2,142,1499,departed,departed,False,4,13,59,8,afternoon,False,41.97753333333333,MSKT,17,0.9411764705882353,1,0.0,49.113713999999995,0.0
12920,MDPB,18,0.0,37.9,162,1479,departed,departed,False,4,13,59,8,afternoon,False,41.97753333333333,BHRL,20,0.9,2,0.0,26.51580855555555,0.0
12920,SJNP,19,0.0,37.9,169,1472,departed,departed,False,4,13,59,8,afternoon,False,41.97753333333333,BHRL,20,0.95,1,0.0,26.51580855555555,0.0
12920,BHRL,20,0.0,37.9,175,1466,departed,departed,False,4,13,59,8,afternoon,False,41.97753333333333,PTKC,21,0.9523809523809523,1,0.0,26.51580855555555,2.0
12920,PTKC,21,2.0,70.9,178,1463,departed,departed,True,4,13,59,8,afternoon,False,41.97753333333333,KNDI,22,0.9545454545454546,1,83.95506666666665,49.603451888888884,6.0
12920,KNDI,22,0.0,70.9,187,1454,departed,departed,False,4,13,59,8,afternoon,False,41.97753333333333,MRTL,24,0.9166666666666666,2,0.0,49.603451888888884,2.0
12920,GILA,23,0.0,70.9,191,1450,departed,departed,False,4,13,59,8,afternoon,False,41.97753333333333,MRTL,24,0.9583333333333334,1,0.0,49.603451888888884,2.0
12920,MRTL,24,0.0,70.9,197,1444,departed,departed,False,4,13,59,8,afternoon,False,41.97753333333333,MEX,26,0.9230769230769231,2,0.0,49.603451888888884,4.0
12920,BNGL,25,0.0,70.9,208,1433,departed,departed,False,4,13,59,8,afternoon,False,41.97753333333333,MEX,26,0.9615384615384616,1,0.0,49.603451888888884,4.0
12920,MEX,26,4.0,64.0,217,1424,departed,departed,True,4,13,59,8,afternoon,False,41.97753333333333,UCB,27,0.9629629629629629,1,167.9101333333333,44.776035555555545,3.0
12920,UCB,27,0.0,64.0,227,1414,departed,departed,False,4,13,59,8,afternoon,False,41.97753333333333,DZA,28,0.9642857142857143,1,0.0,44.776035555555545,2.0
12920,DZA,28,2.0,52.6,233,1408,departed,departed,True,4,13,59,8,afternoon,False,41.97753333333333,JRC,37,0.7567567567567568,9,83.95506666666665,36.800304222222216,13.0
12920,GSB,29,0.0,52.6,236,1405,departed,departed,False,4,13,59,8,afternoon,False,41.97753333333333,JRC,37,0.7837837837837838,8,0.0,36.800304222222216,13.0
12920,KZX,30,0.0,52.6,240,1401,departed,departed,False,4,13,59,8,afternoon,False,41.97753333333333,JRC,37,0.8108108108108109,7,0.0,36.800304222222216,13.0
12920,TDO,31,0.0,52.6,248,1393,departed,departed,False,4,13,59,8,afternoon,False,41.97753333333333,JRC,37,0.8378378378378378,6,0.0,36.800304222222216,13.0
12920,CGH,32,0.0,52.6,254,1387,departed,departed,False,4,13,59,8,afternoon,False,41.97753333333333,JRC,37,0.8648648648648649,5,0.0,36.800304222222216,13.0
12920,BPRS,33,0.0,52.6,261,1380,departed,departed,False,4,13,59,8,afternoon,False,41.97753333333333,JRC,37,0.8918918918918919,4,0.0,36.800304222222216,13.0
12920,KKL,34,0.0,52.6,270,1371,departed,departed,False,4,13,59,8,afternoon,False,41.97753333333333,JRC,37,0.918918918918919,3,0.0,36.800304222222216,13.0
12920,AWL,35,0.0,52.6,276,1365,departed,departed,False,4,13,59,8,afternoon,False,41.97753333333333,JRC,37,0.9459459459459459,2,0.0,36.800304222222216,13.0
12920,SCPD,36,0.0,52.6,286,1355,departed,departed,False,4,13,59,8,afternoon,False,41.97753333333333,JRC,37,0.972972972972973,1,0.0,36.800304222222216,13.0
12920,JRC,37,13.0,67.7,290,1351,departed,departed,True,4,13,59,8,afternoon,False,41.97753333333333,LDH,45,0.8222222222222222,8,545.7079333333332,47.364650111111104,2.0
12920,CEU,38,0.0,67.7,299,1342,departed,departed,False,4,13,59,8,afternoon,False,41.97753333333333,LDH,45,0.8444444444444444,7,0.0,47.364650111111104,2.0
12920,PGW,39,0.0,67.7,307,1334,departed,departed,False,4,13,59,8,afternoon,False,41.97753333333333,LDH,45,0.8666666666666667,6,0.0,47.364650111111104,2.0
12920,MAUL,40,0.0,67.7,312,1329,departed,departed,False,4,13,59,8,afternoon,False,41.97753333333333,LDH,45,0.8888888888888888,5,0.0,47.364650111111104,2.0
12920,GRY,41,0.0,67.7,317,1324,departed,departed,False,4,13,59,8,afternoon,False,41.97753333333333,LDH,45,0.9111111111111111,4,0.0,47.364650111111104,2.0
12920,BTTN,42,0.0,67.7,322,1319,departed,departed,False,4,13,59,8,afternoon,False,41.97753333333333,LDH,45,0.9333333333333333,3,0.0,47.364650111111104,2.0
12920,PHR,43,0.0,67.7,329,1312,departed,departed,False,4,13,59,8,afternoon,False,41.97753333333333,LDH,45,0.9555555555555556,2,0.0,47.364650111111104,2.0
12920,LDW,44,0.0,67.7,334,1307,departed,departed,False,4,13,59,8,afternoon,False,41.97753333333333,LDH,45,0.9777777777777777,1,0.0,47.364650111111104,2.0
12920,LDH,45,2.0,58.6,343,1298,departed,departed,True,4,13,59,8,afternoon,False,41.97753333333333,DDL,47,0.9574468085106383,2,83.95506666666665,40.99805755555555,9.0
12920,BHOI,46,0.0,58.6,346,1295,departed,departed,False,4,13,59,8,afternoon,False,41.97753333333333,DDL,47,0.9787234042553191,1,0.0,40.99805755555555,9.0
12920,DDL,47,0.0,58.6,350,1291,departed,departed,False,4,13,59,8,afternoon,False,41.97753333333333,SNL,48,0.9791666666666666,1,0.0,40.99805755555555,7.0
12920,SNL,48,0.0,58.6,358,1283,departed,departed,False,4,13,59,8,afternoon,False,41.97753333333333,CHA,50,0.96,2,0.0,40.99805755555555,0.0
12920,DOA,49,0.0,58.6,365,1276,departed,departed,False,4,13,59,8,afternoon,False,41.97753333333333,CHA,50,0.98,1,0.0,40.99805755555555,0.0
12920,CHA,50,0.0,58.6,374,1267,departed,departed,False,4,13,59,8,afternoon,False,41.97753333333333,KNN,51,0.9803921568627451,1,0.0,40.99805755555555,0.0
12920,GVG,52,0.0,77.1,393,1248,departed,departed,False,4,13,59,8,afternoon,False,41.97753333333333,SIR,53,0.9811320754716981,1,0.0,53.94113033333333,0.0
12920,SIR,53,0.0,72.3,403,1238,departed,departed,True,4,13,59,8,afternoon,False,41.97753333333333,SBJ,55,0.9636363636363636,2,0.0,50.58292766666666,0.0
12920,SDY,54,0.0,72.3,411,1230,departed,departed,False,4,13,59,8,afternoon,False,41.97753333333333,SBJ,55,0.9818181818181818,1,0.0,50.58292766666666,0.0
12920,SBJ,55,0.0,72.3,419,1222,departed,departed,False,4,13,59,8,afternoon,False,41.97753333333333,UBC,58,0.9482758620689655,3,0.0,50.58292766666666,0.0
12920,RPJ,56,0.0,72.3,428,1213,departed,departed,False,4,13,59,8,afternoon,False,41.97753333333333,UBC,58,0.9655172413793104,2,0.0,50.58292766666666,0.0
12920,SMU,57,0.0,72.3,439,1202,departed,departed,False,4,13,59,8,afternoon,False,41.97753333333333,UBC,58,0.9827586206896551,1,0.0,50.58292766666666,0.0
12920,UBC,58,0.0,72.3,449,1192,departed,departed,False,4,13,59,8,afternoon,False,41.97753333333333,UMB,59,0.9830508474576272,1,0.0,50.58292766666666,1.0
12920,UMB,59,1.0,84.0,456,1185,departed,departed,True,4,13,59,8,afternoon,False,41.97753333333333,DHMZ,62,0.9516129032258065,3,41.97753333333333,58.76854666666666,4.0
12920,MOY,60,0.0,84.0,465,1176,departed,departed,False,4,13,59,8,afternoon,False,41.97753333333333,DHMZ,62,0.967741935483871,2,0.0,58.76854666666666,4.0
12920,SHDM,61,0.0,84.0,476,1165,departed,departed,False,4,13,59,8,afternoon,False,41.97753333333333,DHMZ,62,0.9838709677419355,1,0.0,58.76854666666666,4.0
12920,DHMZ,62,0.0,84.0,481,1160,departed,departed,False,4,13,59,8,afternoon,False,41.97753333333333,KKDE,65,0.9538461538461539,3,0.0,58.76854666666666,5.0
12920,DPP,63,0.0,84.0,487,1154,departed,departed,False,4,13,59,8,afternoon,False,41.97753333333333,KKDE,65,0.9692307692307692,2,0.0,58.76854666666666,5.0
12920,DHKR,64,0.0,84.0,492,1149,departed,departed,False,4,13,59,8,afternoon,False,41.97753333333333,KKDE,65,0.9846153846153847,1,0.0,58.76854666666666,5.0
12920,KKDE,65,5.0,86.1,498,1143,departed,departed,True,4,13,59,8,afternoon,False,41.97753333333333,KUN,70,0.9285714285714286,5,209.88766666666663,60.23776033333332,3.0
12920,AMIN,66,0.0,86.1,506,1135,departed,departed,False,4,13,59,8,afternoon,False,41.97753333333333,KUN,70,0.9428571428571428,4,0.0,60.23776033333332,3.0
12920,NLKR,67,0.0,86.1,515,1126,departed,departed,False,4,13,59,8,afternoon,False,41.97753333333333,KUN,70,0.9571428571428572,3,0.0,60.23776033333332,3.0
12920,TRR,68,0.0,86.1,519,1122,departed,departed,False,4,13,59,8,afternoon,False,41.97753333333333,KUN,70,0.9714285714285714,2,0.0,60.23776033333332,3.0
12920,BZK,69,0.0,86.1,524,1117,departed,departed,False,4,13,59,8,afternoon,False,41.97753333333333,KUN,70,0.9857142857142858,1,0.0,60.23776033333332,3.0
12920,KUN,70,3.0,92.7,531,1110,departed,departed,True,4,13,59,8,afternoon,False,41.97753333333333,PNP,75,0.9333333333333333,5,125.93259999999998,64.855289,10.0
12920,BZJT,71,0.0,92.7,540,1101,departed,departed,False,4,13,59,8,afternoon,False,41.97753333333333,PNP,75,0.9466666666666667,4,0.0,64.855289,10.0
12920,GRA,72,0.0,92.7,548,1093,departed,departed,False,4,13,59,8,afternoon,False,41.97753333333333,PNP,75,0.96,3,0.0,64.855289,10.0
12920,KFU,73,0.0,92.7,554,1087,departed,departed,False,4,13,59,8,afternoon,False,41.97753333333333,PNP,75,0.9733333333333334,2,0.0,64.855289,10.0
12920,BBDE,74,0.0,92.7,559,1082,departed,departed,False,4,13,59,8,afternoon,False,41.97753333333333,PNP,75,0.9866666666666667,1,0.0,64.855289,10.0
12920,PNP,75,10.0,96.4,565,1076,departed,departed,True,4,13,59,8,afternoon,False,41.97753333333333,SLKN,81,0.9259259259259259,6,419.77533333333326,67.44390355555555,12.0
12920,DWNA,76,0.0,96.4,573,1068,departed,departed,False,4,13,59,8,afternoon,False,41.97753333333333,SLKN,81,0.9382716049382716,5,0.0,67.44390355555555,12.0
12920,SMK,77,0.0,96.4,582,1059,departed,departed,False,4,13,59,8,afternoon,False,41.97753333333333,SLKN,81,0.9506172839506173,4,0.0,67.44390355555555,12.0
12920,BDMJ,78,0.0,96.4,589,1052,departed,departed,False,4,13,59,8,afternoon,False,41.97753333333333,SLKN,81,0.9629629629629629,3,0.0,67.44390355555555,12.0
12920,GNU,79,0.0,96.4,594,1047,departed,departed,False,4,13,59,8,afternoon,False,41.97753333333333,SLKN,81,0.9753086419753086,2,0.0,67.44390355555555,12.0
12920,RUG,80,0.0,96.4,599,1042,departed,departed,False,4,13,59,8,afternoon,False,41.97753333333333,SLKN,81,0.9876543209876543,1,0.0,67.44390355555555,12.0
12920,SLKN,81,0.0,96.4,602,1039,departed,departed,False,4,13,59,8,afternoon,False,41.97753333333333,SNP,82,0.9878048780487805,1,0.0,67.44390355555555,19.0
12920,SNP,82,19.0,61.5,610,1031,departed,departed,True,4,13,59,8,afternoon,False,41.97753333333333,RDDE,84,0.9761904761904762,2,797.5731333333332,43.02697166666666,17.0
12920,HNN,83,0.0,61.5,616,1025,departed,departed,False,4,13,59,8,afternoon,False,41.97753333333333,RDDE,84,0.9880952380952381,1,0.0,43.02697166666666,17.0
12920,RDDE,84,0.0,61.5,621,1020,departed,departed,False,4,13,59,8,afternoon,False,41.97753333333333,NUR,85,0.9882352941176471,1,0.0,43.02697166666666,14.0
12920,NUR,85,14.0,61.5,627,1014,at-station,at-station,False,4,13,59,8,afternoon,False,41.97753333333333,ANDI,89,0.9550561797752809,4,587.6854666666666,43.02697166666666,10.0
12920,HUK,86,0.0,61.5,633,1008,upcoming,upcoming,False,4,13,59,8,afternoon,False,41.97753333333333,ANDI,89,0.9662921348314607,3,0.0,43.02697166666666,10.0
12920,KHKN,87,0.0,61.5,636,1005,upcoming,upcoming,False,4,13,59,8,afternoon,False,41.97753333333333,ANDI,89,0.9775280898876404,2,0.0,43.02697166666666,10.0
12920,BHD,88,0.0,61.5,640,1001,upcoming,upcoming,False,4,13,59,8,afternoon,False,41.97753333333333,ANDI,89,0.9887640449438202,1,0.0,43.02697166666666,10.0
12920,ANDI,89,0.0,61.5,644,997,upcoming,upcoming,False,4,13,59,8,afternoon,False,41.97753333333333,SZM,91,0.978021978021978,2,0.0,43.02697166666666,10.0
12920,DAZ,90,0.0,61.5,646,995,upcoming,upcoming,False,4,13,59,8,afternoon,False,41.97753333333333,SZM,91,0.989010989010989,1,0.0,43.02697166666666,10.0
12920,SZM,91,16.0,6.5,651,990,upcoming,upcoming,True,4,13,59,8,afternoon,False,41.97753333333333,DSB,92,0.9891304347826086,1,671.6405333333332,4.54756611111111,3.0
12920,DSB,92,0.0,6.5,653,988,upcoming,upcoming,False,4,13,59,8,afternoon,False,41.97753333333333,NDLS,93,0.989247311827957,1,0.0,4.54756611111111,14.0
12920,NDLS,93,16.0,54.2,655,986,upcoming,upcoming,True,4,13,59,8,afternoon,False,41.97753333333333,FDB,100,0.93,7,671.6405333333332,37.91970511111111,14.0
12920,CSB,94,0.0,54.2,656,985,upcoming,upcoming,False,4,13,59,8,afternoon,False,41.97753333333333,FDB,100,0.94,6,0.0,37.91970511111111,14.0
12920,TKJ,95,0.0,54.2,657,984,upcoming,upcoming,False,4,13,59,8,afternoon,False,41.97753333333333,FDB,100,0.95,5,0.0,37.91970511111111,14.0
12920,NZM,96,0.0,54.2,662,979,upcoming,upcoming,False,4,13,59,8,afternoon,False,41.97753333333333,FDB,100,0.96,4,0.0,37.91970511111111,14.0
12920,OKA,97,0.0,54.2,665,976,upcoming,upcoming,False,4,13,59,8,afternoon,False,41.97753333333333,FDB,100,0.97,3,0.0,37.91970511111111,14.0
12920,TKD,98,0.0,54.2,672,969,upcoming,upcoming,False,4,13,59,8,afternoon,False,41.97753333333333,FDB,100,0.98,2,0.0,37.91970511111111,14.0
12920,TKDC,99,0.0,54.2,678,963,upcoming,upcoming,False,4,13,59,8,afternoon,False,41.97753333333333,FDB,100,0.99,1,0.0,37.91970511111111,14.0
12920,FDB,100,16.0,53.3,683,958,upcoming,upcoming,True,4,13,59,8,afternoon,False,41.97753333333333,BVH,102,0.9803921568627451,2,671.6405333333332,37.290042111111106,14.0
12920,FDN,101,0.0,53.3,687,954,upcoming,upcoming,False,4,13,59,8,afternoon,False,41.97753333333333,BVH,102,0.9901960784313726,1,0.0,37.290042111111106,14.0
12920,BVH,102,16.0,48.5,691,950,upcoming,upcoming,True,4,13,59,8,afternoon,False,41.97753333333333,PWL,104,0.9807692307692307,2,671.6405333333332,33.931839444444435,14.0
12920,AST,103,0.0,48.5,701,940,upcoming,upcoming,False,4,13,59,8,afternoon,False,41.97753333333333,PWL,104,0.9903846153846154,1,0.0,33.931839444444435,14.0
12920,PWL,104,16.0,96.9,712,929,upcoming,upcoming,True,4,13,59,8,afternoon,False,41.97753333333333,KSV,109,0.9541284403669725,5,671.6405333333332,67.79371633333332,14.0
12920,RDE,105,0.0,96.9,721,920,upcoming,upcoming,False,4,13,59,8,afternoon,False,41.97753333333333,KSV,109,0.963302752293578,4,0.0,67.79371633333332,14.0
12920,SHLK,106,0.0,96.9,731,910,upcoming,upcoming,False,4,13,59,8,afternoon,False,41.97753333333333,KSV,109,0.9724770642201835,3,0.0,67.79371633333332,14.0
12920,BNCR,107,0.0,96.9,735,906,upcoming,upcoming,False,4,13,59,8,afternoon,False,41.97753333333333,KSV,109,0.981651376146789,2,0.0,67.79371633333332,14.0
12920,HDL,108,0.0,96.9,742,899,upcoming,upcoming,False,4,13,59,8,afternoon,False,41.97753333333333,KSV,109,0.9908256880733946,1,0.0,67.79371633333332,14.0
12920,KSV,109,16.0,87.9,754,887,upcoming,upcoming,True,4,13,59,8,afternoon,False,41.97753333333333,MTJ,114,0.956140350877193,5,671.6405333333332,61.49708633333333,14.0
12920,CHJ,110,0.0,87.9,764,877,upcoming,upcoming,False,4,13,59,8,afternoon,False,41.97753333333333,MTJ,114,0.9649122807017544,4,0.0,61.49708633333333,14.0
12920,AJH,111,0.0,87.9,774,867,upcoming,upcoming,False,4,13,59,8,afternoon,False,41.97753333333333,MTJ,114,0.9736842105263158,3,0.0,61.49708633333333,14.0
12920,VRBD,112,0.0,87.9,785,856,upcoming,upcoming,False,4,13,59,8,afternoon,False,41.97753333333333,MTJ,114,0.9824561403508771,2,0.0,61.49708633333333,14.0
12920,BTSR,113,0.0,87.9,793,848,upcoming,upcoming,False,4,13,59,8,afternoon,False,41.97753333333333,MTJ,114,0.9912280701754386,1,0.0,61.49708633333333,14.0
12920,MTJ,114,16.0,90.9,795,846,upcoming,upcoming,True,4,13,59,8,afternoon,False,41.97753333333333,AGC,122,0.9344262295081968,8,671.6405333333332,63.59596299999999,14.0
12920,BAD,115,0.0,90.9,805,836,upcoming,upcoming,False,4,13,59,8,afternoon,False,41.97753333333333,AGC,122,0.9426229508196722,7,0.0,63.59596299999999,14.0
12920,FAR,116,0.0,90.9,814,827,upcoming,upcoming,False,4,13,59,8,afternoon,False,41.97753333333333,AGC,122,0.9508196721311475,6,0.0,63.59596299999999,14.0
12920,DDDM,117,0.0,90.9,817,824,upcoming,upcoming,False,4,13,59,8,afternoon,False,41.97753333333333,AGC,122,0.9590163934426229,5,0.0,63.59596299999999,14.0
12920,KXM,118,0.0,90.9,825,816,upcoming,upcoming,False,4,13,59,8,afternoon,False,41.97753333333333,AGC,122,0.9672131147540983,4,0.0,63.59596299999999,14.0
12920,RNKA,119,0.0,90.9,834,807,upcoming,upcoming,False,4,13,59,8,afternoon,False,41.97753333333333,AGC,122,0.9754098360655737,3,0.0,63.59596299999999,14.0
12920,BFP,120,0.0,90.9,843,798,upcoming,upcoming,False,4,13,59,8,afternoon,False,41.97753333333333,AGC,122,0.9836065573770492,2,0.0,63.59596299999999,14.0
12920,RKM,121,0.0,90.9,845,796,upcoming,upcoming,False,4,13,59,8,afternoon,False,41.97753333333333,AGC,122,0.9918032786885246,1,0.0,63.59596299999999,14.0
12920,AGC,122,16.0,60.0,848,793,upcoming,upcoming,True,4,13,59,8,afternoon,False,41.97753333333333,DHO,126,0.9682539682539683,4,671.6405333333332,41.97753333333333,14.0
12920,BHA,123,0.0,60.0,859,782,upcoming,upcoming,False,4,13,59,8,afternoon,False,41.97753333333333,DHO,126,0.9761904761904762,3,0.0,41.97753333333333,14.0
12920,JJ,124,0.0,60.0,874,767,upcoming,upcoming,False,4,13,59,8,afternoon,False,41.97753333333333,DHO,126,0.9841269841269841,2,0.0,41.97753333333333,14.0
12920,MIA,125,0.0,60.0,888,753,upcoming,upcoming,False,4,13,59,8,afternoon,False,41.97753333333333,DHO,126,0.9920634920634921,1,0.0,41.97753333333333,14.0
12920,DHO,126,16.0,46.3,901,740,upcoming,upcoming,True,4,13,59,8,afternoon,False,41.97753333333333,MRA,129,0.9767441860465116,3,671.6405333333332,32.39266322222222,14.0
12920,HET,127,0.0,46.3,914,727,upcoming,upcoming,False,4,13,59,8,afternoon,False,41.97753333333333,MRA,129,0.9844961240310077,2,0.0,32.39266322222222,14.0
12920,SIKD,128,0.0,46.3,920,721,upcoming,upcoming,False,4,13,59,8,afternoon,False,41.97753333333333,MRA,129,0.9922480620155039,1,0.0,32.39266322222222,14.0
12920,MRA,129,16.0,83.6,928,713,upcoming,upcoming,True,4,13,59,8,afternoon,False,41.97753333333333,GWL,135,0.9555555555555556,6,671.6405333333332,58.488696444444436,14.0
12920,SANK,130,0.0,83.6,938,703,upcoming,upcoming,False,4,13,59,8,afternoon,False,41.97753333333333,GWL,135,0.9629629629629629,5,0.0,58.488696444444436,14.0
12920,NUB,131,0.0,83.6,942,699,upcoming,upcoming,False,4,13,59,8,afternoon,False,41.97753333333333,GWL,135,0.9703703703703703,4,0.0,58.488696444444436,14.0
12920,BAO,132,0.0,83.6,948,693,upcoming,upcoming,False,4,13,59,8,afternoon,False,41.97753333333333,GWL,135,0.9777777777777777,3,0.0,58.488696444444436,14.0
12920,RRU,133,0.0,83.6,954,687,upcoming,upcoming,False,4,13,59,8,afternoon,False,41.97753333333333,GWL,135,0.9851851851851852,2,0.0,58.488696444444436,14.0
12920,BLNR,134,0.0,83.6,964,677,upcoming,upcoming,False,4,13,59,8,afternoon,False,41.97753333333333,GWL,135,0.9925925925925926,1,0.0,58.488696444444436,14.0
12920,GWL,135,16.0,64.5,967,674,upcoming,upcoming,True,4,13,59,8,afternoon,False,41.97753333333333,DBA,141,0.9574468085106383,6,671.6405333333332,45.12584833333333,14.0
12920,STLI,136,0.0,64.5,975,666,upcoming,upcoming,False,4,13,59,8,afternoon,False,41.97753333333333,DBA,141,0.9645390070921985,5,0.0,45.12584833333333,14.0
12920,SLV,137,0.0,64.5,983,658,upcoming,upcoming,False,4,13,59,8,afternoon,False,41.97753333333333,DBA,141,0.9716312056737588,4,0.0,45.12584833333333,14.0
12920,ARI,138,0.0,64.5,990,651,upcoming,upcoming,False,4,13,59,8,afternoon,False,41.97753333333333,DBA,141,0.9787234042553191,3,0.0,45.12584833333333,14.0
12920,AEH,139,0.0,64.5,1001,640,upcoming,upcoming,False,4,13,59,8,afternoon,False,41.97753333333333,DBA,141,0.9858156028368794,2,0.0,45.12584833333333,14.0
12920,SMTL,140,0.0,64.5,1005,636,upcoming,upcoming,False,4,13,59,8,afternoon,False,41.97753333333333,DBA,141,0.9929078014184397,1,0.0,45.12584833333333,14.0
12920,DBA,141,16.0,77.5,1010,631,upcoming,upcoming,True,4,13,59,8,afternoon,False,41.97753333333333,DAA,144,0.9791666666666666,3,671.6405333333332,54.22098055555555,14.0
12920,KTRA,142,0.0,77.5,1020,621,upcoming,upcoming,False,4,13,59,8,afternoon,False,41.97753333333333,DAA,144,0.9861111111111112,2,0.0,54.22098055555555,14.0
12920,SOR,143,0.0,77.5,1029,612,upcoming,upcoming,False,4,13,59,8,afternoon,False,41.97753333333333,DAA,144,0.9930555555555556,1,0.0,54.22098055555555,14.0
12920,DAA,144,16.0,41.1,1041,600,upcoming,upcoming,True,4,13,59,8,afternoon,False,41.97753333333333,VGLJ,147,0.9795918367346939,3,671.6405333333332,28.754610333333332,14.0
12920,CIRL,145,0.0,41.1,1048,593,upcoming,upcoming,False,4,13,59,8,afternoon,False,41.97753333333333,VGLJ,147,0.9863945578231292,2,0.0,28.754610333333332,14.0
12920,KRQ,146,0.0,41.1,1054,587,upcoming,upcoming,False,4,13,59,8,afternoon,False,41.97753333333333,VGLJ,147,0.9931972789115646,1,0.0,28.754610333333332,14.0
12920,VGLJ,147,16.0,60.0,1065,576,upcoming,upcoming,True,4,13,59,8,afternoon,False,41.97753333333333,BAB,150,0.98,3,671.6405333333332,41.97753333333333,14.0
12920,BJI,148,0.0,60.0,1073,568,upcoming,upcoming,False,4,13,59,8,afternoon,False,41.97753333333333,BAB,150,0.9866666666666667,2,0.0,41.97753333333333,14.0
12920,KHJ,149,0.0,60.0,1081,560,upcoming,upcoming,False,4,13,59,8,afternoon,False,41.97753333333333,BAB,150,0.9933333333333333,1,0.0,41.97753333333333,14.0
12920,BAB,150,16.0,92.9,1089,552,upcoming,upcoming,True,4,13,59,8,afternoon,False,41.97753333333333,LAR,158,0.9493670886075949,8,671.6405333333332,64.99521411111111,14.0
12920,BPW,151,0.0,92.9,1094,547,upcoming,upcoming,False,4,13,59,8,afternoon,False,41.97753333333333,LAR,158,0.9556962025316456,7,0.0,64.99521411111111,14.0
12920,BZY,152,0.0,92.9,1101,540,upcoming,upcoming,False,4,13,59,8,afternoon,False,41.97753333333333,LAR,158,0.9620253164556962,6,0.0,64.99521411111111,14.0
12920,MZX,153,0.0,92.9,1109,532,upcoming,upcoming,False,4,13,59,8,afternoon,False,41.97753333333333,LAR,158,0.9683544303797469,5,0.0,64.99521411111111,14.0
12920,TBT,154,0.0,92.9,1114,527,upcoming,upcoming,False,4,13,59,8,afternoon,False,41.97753333333333,LAR,158,0.9746835443037974,4,0.0,64.99521411111111,14.0
12920,BJA,155,0.0,92.9,1125,516,upcoming,upcoming,False,4,13,59,8,afternoon,False,41.97753333333333,LAR,158,0.9810126582278481,3,0.0,64.99521411111111,14.0
12920,JHA,156,0.0,92.9,1134,507,upcoming,upcoming,False,4,13,59,8,afternoon,False,41.97753333333333,LAR,158,0.9873417721518988,2,0.0,64.99521411111111,14.0
12920,DWA,157,0.0,92.9,1144,497,upcoming,upcoming,False,4,13,59,8,afternoon,False,41.97753333333333,LAR,158,0.9936708860759493,1,0.0,64.99521411111111,14.0
12920,LAR,158,16.0,56.4,1154,487,upcoming,upcoming,True,4,13,59,8,afternoon,False,41.97753333333333,BINA,165,0.9575757575757575,7,671.6405333333332,39.45888133333333,14.0
12920,JRO,159,0.0,56.4,1164,477,upcoming,upcoming,False,4,13,59,8,afternoon,False,41.97753333333333,BINA,165,0.9636363636363636,6,0.0,39.45888133333333,14.0
12920,JLN,160,0.0,56.4,1171,470,upcoming,upcoming,False,4,13,59,8,afternoon,False,41.97753333333333,BINA,165,0.9696969696969697,5,0.0,39.45888133333333,14.0
12920,DUA,161,0.0,56.4,1182,459,upcoming,upcoming,False,4,13,59,8,afternoon,False,41.97753333333333,BINA,165,0.9757575757575757,4,0.0,39.45888133333333,14.0
12920,MXS,162,0.0,56.4,1191,450,upcoming,upcoming,False,4,13,59,8,afternoon,False,41.97753333333333,BINA,165,0.9818181818181818,3,0.0,39.45888133333333,14.0
12920,KOA,163,0.0,56.4,1197,444,upcoming,upcoming,False,4,13,59,8,afternoon,False,41.97753333333333,BINA,165,0.9878787878787879,2,0.0,39.45888133333333,14.0
12920,AGD,164,0.0,56.4,1209,432,upcoming,upcoming,False,4,13,59,8,afternoon,False,41.97753333333333,BINA,165,0.9939393939393939,1,0.0,39.45888133333333,14.0
12920,BINA,165,16.0,87.1,1217,424,upcoming,upcoming,True,4,13,59,8,afternoon,False,41.97753333333333,BAQ,171,0.9649122807017544,6,671.6405333333332,60.937385888888876,14.0
12920,KIKA,166,0.0,87.1,1226,415,upcoming,upcoming,False,4,13,59,8,afternoon,False,41.97753333333333,BAQ,171,0.9707602339181286,5,0.0,60.937385888888876,14.0
12920,MABA,167,0.0,87.1,1234,407,upcoming,upcoming,False,4,13,59,8,afternoon,False,41.97753333333333,BAQ,171,0.9766081871345029,4,0.0,60.937385888888876,14.0
12920,KAH,168,0.0,87.1,1243,398,upcoming,upcoming,False,4,13,59,8,afternoon,False,41.97753333333333,BAQ,171,0.9824561403508771,3,0.0,60.937385888888876,14.0
12920,CLHT,169,0.0,87.1,1248,393,upcoming,upcoming,False,4,13,59,8,afternoon,False,41.97753333333333,BAQ,171,0.9883040935672515,2,0.0,60.937385888888876,14.0
12920,BET,170,0.0,87.1,1252,389,upcoming,upcoming,False,4,13,59,8,afternoon,False,41.97753333333333,BAQ,171,0.9941520467836257,1,0.0,60.937385888888876,14.0
12920,BAQ,171,16.0,96.0,1262,379,upcoming,upcoming,True,4,13,59,8,afternoon,False,41.97753333333333,BHS,176,0.9715909090909091,5,671.6405333333332,67.16405333333333,14.0
12920,PAI,172,0.0,96.0,1271,370,upcoming,upcoming,False,4,13,59,8,afternoon,False,41.97753333333333,BHS,176,0.9772727272727273,4,0.0,67.16405333333333,14.0
12920,GLG,173,0.0,96.0,1281,360,upcoming,upcoming,False,4,13,59,8,afternoon,False,41.97753333333333,BHS,176,0.9829545454545454,3,0.0,67.16405333333333,14.0
12920,SUMR,174,0.0,96.0,1288,353,upcoming,upcoming,False,4,13,59,8,afternoon,False,41.97753333333333,BHS,176,0.9886363636363636,2,0.0,67.16405333333333,14.0
12920,SORI,175,0.0,96.0,1296,345,upcoming,upcoming,False,4,13,59,8,afternoon,False,41.97753333333333,BHS,176,0.9943181818181818,1,0.0,67.16405333333333,14.0
12920,BHS,176,16.0,56.7,1302,339,upcoming,upcoming,True,4,13,59,8,afternoon,False,41.97753333333333,NSZ,182,0.967032967032967,6,671.6405333333332,39.668769,14.0
12920,SCI,177,0.0,56.7,1311,330,upcoming,upcoming,False,4,13,59,8,afternoon,False,41.97753333333333,NSZ,182,0.9725274725274725,5,0.0,39.668769,14.0
12920,SMT,178,0.0,56.7,1318,323,upcoming,upcoming,False,4,13,59,8,afternoon,False,41.97753333333333,NSZ,182,0.978021978021978,4,0.0,39.668769,14.0
12920,DWG,179,0.0,56.7,1328,313,upcoming,upcoming,False,4,13,59,8,afternoon,False,41.97753333333333,NSZ,182,0.9835164835164835,3,0.0,39.668769,14.0
12920,BVB,180,0.0,56.7,1336,305,upcoming,upcoming,False,4,13,59,8,afternoon,False,41.97753333333333,NSZ,182,0.989010989010989,2,0.0,39.668769,14.0
12920,SUW,181,0.0,56.7,1344,297,upcoming,upcoming,False,4,13,59,8,afternoon,False,41.97753333333333,NSZ,182,0.9945054945054945,1,0.0,39.668769,14.0
12920,NSZ,182,16.0,4.6,1354,287,upcoming,upcoming,True,4,13,59,8,afternoon,False,41.97753333333333,BPL,183,0.994535519125683,1,671.6405333333332,3.2182775555555545,14.0
12920,BPL,183,16.0,28.6,1355,286,upcoming,upcoming,True,4,13,59,8,afternoon,False,41.97753333333333,SHRN,184,0.9945652173913043,1,671.6405333333332,20.009290888888884,14.0
12920,SHRN,184,16.0,174.0,1365,276,upcoming,upcoming,True,4,13,59,8,afternoon,False,41.97753333333333,SEH,188,0.9787234042553191,4,671.6405333333332,121.73484666666666,14.0
12920,BQE,185,0.0,174.0,1373,268,upcoming,upcoming,False,4,13,59,8,afternoon,False,41.97753333333333,SEH,188,0.9840425531914894,3,0.0,121.73484666666666,14.0
12920,PUD,186,0.0,174.0,1381,260,upcoming,upcoming,False,4,13,59,8,afternoon,False,41.97753333333333,SEH,188,0.9893617021276596,2,0.0,121.73484666666666,14.0
12920,PNWN,187,0.0,174.0,1388,253,upcoming,upcoming,False,4,13,59,8,afternoon,False,41.97753333333333,SEH,188,0.9946808510638298,1,0.0,121.73484666666666,14.0
12920,SEH,188,16.0,66.9,1394,247,upcoming,upcoming,True,4,13,59,8,afternoon,False,41.97753333333333,KPP,192,0.9791666666666666,4,671.6405333333332,46.80494966666666,14.0
12920,BKTL,189,0.0,66.9,1402,239,upcoming,upcoming,False,4,13,59,8,afternoon,False,41.97753333333333,KPP,192,0.984375,3,0.0,46.80494966666666,14.0
12920,PRB,190,0.0,66.9,1408,233,upcoming,upcoming,False,4,13,59,8,afternoon,False,41.97753333333333,KPP,192,0.9895833333333334,2,0.0,46.80494966666666,14.0
12920,JBX,191,0.0,66.9,1415,226,upcoming,upcoming,False,4,13,59,8,afternoon,False,41.97753333333333,KPP,192,0.9947916666666666,1,0.0,46.80494966666666,14.0
12920,KPP,192,16.0,60.0,1423,218,upcoming,upcoming,True,4,13,59,8,afternoon,False,41.97753333333333,SJP,194,0.9896907216494846,2,671.6405333333332,41.97753333333333,14.0
12920,CKOD,193,0.0,60.0,1429,212,upcoming,upcoming,False,4,13,59,8,afternoon,False,41.97753333333333,SJP,194,0.9948453608247423,1,0.0,41.97753333333333,14.0
12920,SJP,194,16.0,60.0,1435,206,upcoming,upcoming,True,4,13,59,8,afternoon,False,41.97753333333333,AKD,196,0.9897959183673469,2,671.6405333333332,41.97753333333333,14.0
12920,MQE,195,0.0,60.0,1442,199,upcoming,upcoming,False,4,13,59,8,afternoon,False,41.97753333333333,AKD,196,0.9948979591836735,1,0.0,41.97753333333333,14.0
12920,AKD,196,16.0,69.2,1448,193,upcoming,upcoming,True,4,13,59,8,afternoon,False,41.97753333333333,BCH,200,0.98,4,671.6405333333332,48.41408844444444,14.0
12920,BLX,197,0.0,69.2,1460,181,upcoming,upcoming,False,4,13,59,8,afternoon,False,41.97753333333333,BCH,200,0.985,3,0.0,48.41408844444444,14.0
12920,KSH,198,0.0,69.2,1466,175,upcoming,upcoming,False,4,13,59,8,afternoon,False,41.97753333333333,BCH,200,0.99,2,0.0,48.41408844444444,14.0
12920,KONY,199,0.0,69.2,1473,168,upcoming,upcoming,False,4,13,59,8,afternoon,False,41.97753333333333,BCH,200,0.995,1,0.0,48.41408844444444,14.0
12920,BCH,200,16.0,42.2,1478,163,upcoming,upcoming,True,4,13,59,8,afternoon,False,41.97753333333333,MKC,202,0.9900990099009901,2,671.6405333333332,29.52419844444444,14.0
12920,PUO,201,0.0,42.2,1490,151,upcoming,upcoming,False,4,13,59,8,afternoon,False,41.97753333333333,MKC,202,0.995049504950495,1,0.0,29.52419844444444,14.0
12920,MKC,202,16.0,49.2,1497,144,upcoming,upcoming,True,4,13,59,8,afternoon,False,41.97753333333333,UJN,207,0.9758454106280193,5,671.6405333333332,34.421577333333325,14.0
12920,TAN,203,0.0,49.2,1507,134,upcoming,upcoming,False,4,13,59,8,afternoon,False,41.97753333333333,UJN,207,0.9806763285024155,4,0.0,34.421577333333325,14.0
12920,SVT,204,0.0,49.2,1513,128,upcoming,upcoming,False,4,13,59,8,afternoon,False,41.97753333333333,UJN,207,0.9855072463768116,3,0.0,34.421577333333325,14.0
12920,TJP,205,0.0,49.2,1523,118,upcoming,upcoming,False,4,13,59,8,afternoon,False,41.97753333333333,UJN,207,0.9903381642512077,2,0.0,34.421577333333325,14.0
12920,PLW,206,0.0,49.2,1529,112,upcoming,upcoming,False,4,13,59,8,afternoon,False,41.97753333333333,UJN,207,0.9951690821256038,1,0.0,34.421577333333325,14.0
12920,UJN,207,16.0,44.7,1538,103,upcoming,upcoming,True,4,13,59,8,afternoon,False,41.97753333333333,DWX,212,0.9764150943396226,5,671.6405333333332,31.273262333333328,14.0
12920,VRG,208,0.0,44.7,1544,97,upcoming,upcoming,False,4,13,59,8,afternoon,False,41.97753333333333,DWX,212,0.9811320754716981,4,0.0,31.273262333333328,14.0
12920,KDHA,209,0.0,44.7,1556,85,upcoming,upcoming,False,4,13,59,8,afternoon,False,41.97753333333333,DWX,212,0.9858490566037735,3,0.0,31.273262333333328,14.0
12920,UDM,210,0.0,44.7,1563,78,upcoming,upcoming,False,4,13,59,8,afternoon,False,41.97753333333333,DWX,212,0.9905660377358491,2,0.0,31.273262333333328,14.0
12920,NRGR,211,0.0,44.7,1569,72,upcoming,upcoming,False,4,13,59,8,afternoon,False,41.97753333333333,DWX,212,0.9952830188679245,1,0.0,31.273262333333328,14.0
12920,DWX,212,16.0,39.0,1579,62,upcoming,upcoming,True,4,13,59,8,afternoon,False,41.97753333333333,INDB,217,0.9769585253456221,5,671.6405333333332,27.285396666666664,14.0
12920,BNJN,213,0.0,39.0,1585,56,upcoming,upcoming,False,4,13,59,8,afternoon,False,41.97753333333333,INDB,217,0.9815668202764977,4,0.0,27.285396666666664,14.0
12920,BLAX,214,0.0,39.0,1595,46,upcoming,upcoming,False,4,13,59,8,afternoon,False,41.97753333333333,INDB,217,0.9861751152073732,3,0.0,27.285396666666664,14.0
12920,MGG,215,0.0,39.0,1606,35,upcoming,upcoming,False,4,13,59,8,afternoon,False,41.97753333333333,INDB,217,0.9907834101382489,2,0.0,27.285396666666664,14.0
12920,LMNR,216,0.0,39.0,1617,24,upcoming,upcoming,False,4,13,59,8,afternoon,False,41.97753333333333,INDB,217,0.9953917050691244,1,0.0,27.285396666666664,14.0
12920,INDB,217,16.0,31.5,1620,21,upcoming,upcoming,True,4,13,59,8,afternoon,False,41.97753333333333,DADN,223,0.9730941704035875,6,671.6405333333332,22.038204999999998,14.0
12920,SFNR,218,0.0,31.5,1622,19,upcoming,upcoming,False,4,13,59,8,afternoon,False,41.97753333333333,DADN,223,0.9775784753363229,5,0.0,22.038204999999998,14.0
12920,LKMN,219,0.0,31.5,1624,17,upcoming,upcoming,False,4,13,59,8,afternoon,False,41.97753333333333,DADN,223,0.9820627802690582,4,0.0,22.038204999999998,14.0
12920,RJQ,220,0.0,31.5,1627,14,upcoming,upcoming,False,4,13,59,8,afternoon,False,41.97753333333333,DADN,223,0.9865470852017937,3,0.0,22.038204999999998,14.0
12920,RAU,221,0.0,31.5,1632,9,upcoming,upcoming,False,4,13,59,8,afternoon,False,41.97753333333333,DADN,223,0.9910313901345291,2,0.0,22.038204999999998,14.0
12920,HKH,222,0.0,31.5,1638,3,upcoming,upcoming,False,4,13,59,8,afternoon,False,41.97753333333333,DADN,223,0.9955156950672646,1,0.0,22.038204999999998,14.0
12921,MMCT,1,0.0,78.5,0,262,departed,departed,True,4,13,54,8,afternoon,False,4.099866666666666,MX,2,0.5,1,0.0,5.363992222222222,0.0
12921,MX,2,0.0,78.5,1,261,departed,departed,False,4,13,54,8,afternoon,False,4.099866666666666,PL,3,0.6666666666666666,1,0.0,5.363992222222222,0.0
12921,PL,3,0.0,78.5,3,259,departed,departed,False,4,13,54,8,afternoon,False,4.099866666666666,PBHD,4,0.75,1,0.0,5.363992222222222,0.0
12921,PBHD,4,0.0,78.5,5,257,departed,departed,False,4,13,54,8,afternoon,False,4.099866666666666,DDR,5,0.8,1,0.0,5.363992222222222,0.0
12921,DDR,5,0.0,78.5,6,256,departed,departed,False,4,13,54,8,afternoon,False,4.099866666666666,MRU,6,0.8333333333333334,1,0.0,5.363992222222222,0.0
12921,MRU,6,0.0,78.5,7,255,departed,departed,False,4,13,54,8,afternoon,False,4.099866666666666,MM,7,0.8571428571428571,1,0.0,5.363992222222222,0.0
12921,MM,7,0.0,78.5,8,254,departed,departed,False,4,13,54,8,afternoon,False,4.099866666666666,BA,8,0.875,1,0.0,5.363992222222222,0.0
12921,BA,8,0.0,78.5,10,252,departed,departed,False,4,13,54,8,afternoon,False,4.099866666666666,KHAR,9,0.8888888888888888,1,0.0,5.363992222222222,0.0
12921,KHAR,9,0.0,78.5,12,250,departed,departed,False,4,13,54,8,afternoon,False,4.099866666666666,STC,10,0.9,1,0.0,5.363992222222222,0.0
12921,STC,10,0.0,78.5,13,249,departed,departed,False,4,13,54,8,afternoon,False,4.099866666666666,VLP,11,0.9090909090909091,1,0.0,5.363992222222222,0.0
12921,VLP,11,11.0,78.5,15,247,departed,departed,False,4,13,54,8,afternoon,False,4.099866666666666,ADH,12,0.9166666666666666,1,45.09853333333333,5.363992222222222,2.0
12921,ADH,12,2.0,65.0,17,245,departed,departed,True,4,13,54,8,afternoon,False,4.099866666666666,JOS,13,0.9230769230769231,1,8.199733333333333,4.441522222222222,0.0
12921,JOS,13,0.0,65.0,19,243,departed,departed,False,4,13,54,8,afternoon,False,4.099866666666666,RMAR,14,0.9285714285714286,1,0.0,4.441522222222222,0.0
12921,RMAR,14,0.0,65.0,21,241,departed,departed,False,4,13,54,8,afternoon,False,4.099866666666666,GMN,15,0.9333333333333333,1,0.0,4.441522222222222,0.0
12921,GMN,15,0.0,65.0,22,240,departed,departed,False,4,13,54,8,afternoon,False,4.099866666666666,MDD,16,0.9375,1,0.0,4.441522222222222,0.0
12921,MDD,16,12.0,65.0,25,237,departed,departed,False,4,13,54,8,afternoon,False,4.099866666666666,KILE,17,0.9411764705882353,1,49.19839999999999,4.441522222222222,0.0
12921,KILE,17,0.0,65.0,27,235,departed,departed,False,4,13,54,8,afternoon,False,4.099866666666666,BVI,18,0.9444444444444444,1,0.0,4.441522222222222,25.0
12921,BVI,18,25.0,73.0,30,232,departed,departed,True,4,13,54,8,afternoon,False,4.099866666666666,DIC,19,0.9473684210526315,1,102.49666666666666,4.988171111111111,0.0
12921,DIC,19,0.0,73.0,32,230,departed,departed,False,4,13,54,8,afternoon,False,4.099866666666666,MIRA,20,0.95,1,0.0,4.988171111111111,0.0
12921,MIRA,20,29.0,73.0,35,227,departed,departed,False,4,13,54,8,afternoon,False,4.099866666666666,BYR,21,0.9523809523809523,1,118.89613333333332,4.988171111111111,0.0
12921,BYR,21,0.0,73.0,39,223,departed,departed,False,4,13,54,8,afternoon,False,4.099866666666666,NIG,22,0.9545454545454546,1,0.0,4.988171111111111,0.0
12921,NIG,22,29.0,73.0,43,219,departed,departed,False,4,13,54,8,afternoon,False,4.099866666666666,BSR,23,0.9565217391304348,1,118.89613333333332,4.988171111111111,0.0
12921,BSR,23,0.0,73.0,47,215,departed,departed,False,4,13,54,8,afternoon,False,4.099866666666666,NSP,24,0.9583333333333334,1,0.0,4.988171111111111,0.0
12921,NSP,24,0.0,73.0,51,211,departed,departed,False,4,13,54,8,afternoon,False,4.099866666666666,VR,25,0.96,1,0.0,4.988171111111111,0.0
12921,VR,25,0.0,73.0,56,206,departed,departed,False,4,13,54,8,afternoon,False,4.099866666666666,VTN,26,0.9615384615384616,1,0.0,4.988171111111111,32.0
12921,VTN,26,33.0,73.0,64,198,departed,departed,False,4,13,54,8,afternoon,False,4.099866666666666,SAH,27,0.9629629629629629,1,135.29559999999998,4.988171111111111,0.0
12921,SAH,27,0.0,73.0,72,190,upcoming,upcoming,False,4,13,54,8,afternoon,False,4.099866666666666,KLV,28,0.9642857142857143,1,0.0,4.988171111111111,0.0
12921,KLV,28,0.0,73.0,78,184,upcoming,upcoming,False,4,13,54,8,afternoon,False,4.099866666666666,PLG,29,0.9655172413793104,1,0.0,4.988171111111111,37.0
12921,PLG,29,33.0,94.3,86,176,upcoming,upcoming,True,4,13,54,8,afternoon,False,4.099866666666666,UOI,30,0.9666666666666667,1,135.29559999999998,6.443623777777777,0.0
12921,UOI,30,0.0,94.3,93,169,upcoming,upcoming,False,4,13,54,8,afternoon,False,4.099866666666666,BOR,31,0.967741935483871,1,0.0,6.443623777777777,0.0
12921,BOR,31,0.0,94.3,98,164,upcoming,upcoming,False,4,13,54,8,afternoon,False,4.099866666666666,VGN,32,0.96875,1,0.0,6.443623777777777,0.0
12921,VGN,32,0.0,94.3,107,155,upcoming,upcoming,False,4,13,54,8,afternoon,False,4.099866666666666,DRD,33,0.9696969696969697,1,0.0,6.443623777777777,37.0
12921,DRD,33,33.0,54.8,119,143,upcoming,upcoming,True,4,13,54,8,afternoon,False,4.099866666666666,GVD,34,0.9705882352941176,1,135.29559999999998,3.7445448888888886,0.0
12921,GVD,34,0.0,54.8,130,132,upcoming,upcoming,False,4,13,54,8,afternoon,False,4.099866666666666,BRRD,35,0.9714285714285714,1,0.0,3.7445448888888886,0.0
12921,BRRD,35,0.0,54.8,135,127,upcoming,upcoming,False,4,13,54,8,afternoon,False,4.099866666666666,UBR,36,0.9722222222222222,1,0.0,3.7445448888888886,37.0
12921,UBR,36,33.0,93.3,140,122,upcoming,upcoming,True,4,13,54,8,afternoon,False,4.099866666666666,SJN,37,0.972972972972973,1,135.29559999999998,6.375292666666666,0.0
12921,SJN,37,0.0,93.3,145,117,upcoming,upcoming,False,4,13,54,8,afternoon,False,4.099866666666666,BLD,38,0.9736842105263158,1,0.0,6.375292666666666,0.0
12921,BLD,38,0.0,93.3,156,106,upcoming,upcoming,False,4,13,54,8,afternoon,False,4.099866666666666,KEB,39,0.9743589743589743,1,0.0,6.375292666666666,0.0
12921,KEB,39,0.0,93.3,161,101,upcoming,upcoming,False,4,13,54,8,afternoon,False,4.099866666666666,VAPI,40,0.975,1,0.0,6.375292666666666,37.0
12921,VAPI,40,33.0,55.7,168,94,upcoming,upcoming,True,4,13,54,8,afternoon,False,4.099866666666666,BAGD,41,0.975609756097561,1,135.29559999999998,3.806042888888889,0.0
12921,BAGD,41,0.0,55.7,175,87,upcoming,upcoming,False,4,13,54,8,afternoon,False,4.099866666666666,UVD,42,0.9761904761904762,1,0.0,3.806042888888889,0.0
12921,UVD,42,0.0,55.7,178,84,upcoming,upcoming,False,4,13,54,8,afternoon,False,4.099866666666666,PAD,43,0.9767441860465116,1,0.0,3.806042888888889,0.0
12921,PAD,43,0.0,55.7,183,79,upcoming,upcoming,False,4,13,54,8,afternoon,False,4.099866666666666,ATUL,44,0.9772727272727273,1,0.0,3.806042888888889,0.0
12921,ATUL,44,0.0,55.7,187,75,upcoming,upcoming,False,4,13,54,8,afternoon,False,4.099866666666666,BL,45,0.9777777777777777,1,0.0,3.806042888888889,37.0
12921,BL,45,33.0,54.0,194,68,upcoming,upcoming,True,4,13,54,8,afternoon,False,4.099866666666666,DGI,46,0.9782608695652174,1,135.29559999999998,3.68988,0.0
12921,DGI,46,0.0,54.0,203,59,upcoming,upcoming,False,4,13,54,8,afternoon,False,4.099866666666666,JRS,47,0.9787234042553191,1,0.0,3.68988,0.0
12921,JRS,47,0.0,54.0,208,54,upcoming,upcoming,False,4,13,54,8,afternoon,False,4.099866666666666,BIM,48,0.9791666666666666,1,0.0,3.68988,37.0
12921,BIM,48,33.0,33.3,212,50,upcoming,upcoming,True,4,13,54,8,afternoon,False,4.099866666666666,AML,49,0.9795918367346939,1,135.29559999999998,2.275426,37.0
12921,AML,49,33.0,60.0,217,45,upcoming,upcoming,True,4,13,54,8,afternoon,False,4.099866666666666,ACL,50,0.98,1,135.29559999999998,4.099866666666666,0.0
12921,ACL,50,0.0,60.0,221,41,upcoming,upcoming,False,4,13,54,8,afternoon,False,4.099866666666666,VDH,51,0.9803921568627451,1,0.0,4.099866666666666,0.0
12921,VDH,51,0.0,60.0,224,38,upcoming,upcoming,False,4,13,54,8,afternoon,False,4.099866666666666,HXR,52,0.9807692307692307,1,0.0,4.099866666666666,0.0
12921,HXR,52,0.0,60.0,228,34,upcoming,upcoming,False,4,13,54,8,afternoon,False,4.099866666666666,GNST,53,0.9811320754716981,1,0.0,4.099866666666666,0.0
12921,GNST,53,0.0,60.0,230,32,upcoming,upcoming,False,4,13,54,8,afternoon,False,4.099866666666666,NVS,54,0.9814814814814815,1,0.0,4.099866666666666,37.0
12921,NVS,54,33.0,80.0,233,29,upcoming,upcoming,True,4,13,54,8,afternoon,False,4.099866666666666,MRL,55,0.9818181818181818,1,135.29559999999998,5.466488888888889,37.0
12921,MRL,55,33.0,70.0,241,21,upcoming,upcoming,True,4,13,54,8,afternoon,False,4.099866666666666,SCH,56,0.9821428571428571,1,135.29559999999998,4.7831777777777775,37.0
12921,SCH,56,33.0,46.2,248,14,upcoming,upcoming,True,4,13,54,8,afternoon,False,4.099866666666666,BHET,57,0.9824561403508771,1,135.29559999999998,3.1568973333333332,0.0
12921,BHET,57,0.0,46.2,253,9,upcoming,upcoming,False,4,13,54,8,afternoon,False,4.099866666666666,UDN,58,0.9827586206896551,1,0.0,3.1568973333333332,37.0
12921,UDN,58,33.0,9.6,258,4,upcoming,upcoming,True,4,13,54,8,afternoon,False,4.099866666666666,ST,59,0.9830508474576272,1,135.29559999999998,0.6559786666666666,37.0
12921,MMCT,1,0.0,78.5,0,262,departed,departed,True,4,13,59,8,afternoon,False,41.99743333333333,VLP,11,0.09090909090909091,10,0.0,54.946641944444444,11.0
12921,MX,2,0.0,78.5,1,261,departed,departed,False,4,13,59,8,afternoon,False,41.99743333333333,VLP,11,0.18181818181818182,9,0.0,54.946641944444444,11.0
12921,PL,3,0.0,78.5,3,259,departed,departed,False,4,13,59,8,afternoon,False,41.99743333333333,VLP,11,0.2727272727272727,8,0.0,54.946641944444444,11.0
12921,PBHD,4,0.0,78.5,5,257,departed,departed,False,4,13,59,8,afternoon,False,41.99743333333333,VLP,11,0.36363636363636365,7,0.0,54.946641944444444,11.0
12921,DDR,5,0.0,78.5,6,256,departed,departed,False,4,13,59,8,afternoon,False,41.99743333333333,VLP,11,0.45454545454545453,6,0.0,54.946641944444444,11.0
12921,MRU,6,0.0,78.5,7,255,departed,departed,False,4,13,59,8,afternoon,False,41.99743333333333,VLP,11,0.5454545454545454,5,0.0,54.946641944444444,11.0
12921,MM,7,0.0,78.5,8,254,departed,departed,False,4,13,59,8,afternoon,False,41.99743333333333,VLP,11,0.6363636363636364,4,0.0,54.946641944444444,11.0
12921,BA,8,0.0,78.5,10,252,departed,departed,False,4,13,59,8,afternoon,False,41.99743333333333,VLP,11,0.7272727272727273,3,0.0,54.946641944444444,11.0
12921,KHAR,9,0.0,78.5,12,250,departed,departed,False,4,13,59,8,afternoon,False,41.99743333333333,VLP,11,0.8181818181818182,2,0.0,54.946641944444444,11.0
12921,STC,10,0.0,78.5,13,249,departed,departed,False,4,13,59,8,afternoon,False,41.99743333333333,VLP,11,0.9090909090909091,1,0.0,54.946641944444444,11.0
12921,VLP,11,0.0,78.5,15,247,departed,departed,False,4,13,59,8,afternoon,False,41.99743333333333,ADH,12,0.9166666666666666,1,0.0,54.946641944444444,2.0
12921,ADH,12,2.0,65.0,17,245,departed,departed,True,4,13,59,8,afternoon,False,41.99743333333333,MDD,16,0.75,4,83.99486666666667,45.49721944444445,12.0
12921,JOS,13,0.0,65.0,19,243,departed,departed,False,4,13,59,8,afternoon,False,41.99743333333333,MDD,16,0.8125,3,0.0,45.49721944444445,12.0
12921,RMAR,14,0.0,65.0,21,241,departed,departed,False,4,13,59,8,afternoon,False,41.99743333333333,MDD,16,0.875,2,0.0,45.49721944444445,12.0
12921,GMN,15,0.0,65.0,22,240,departed,departed,False,4,13,59,8,afternoon,False,41.99743333333333,MDD,16,0.9375,1,0.0,45.49721944444445,12.0
12921,MDD,16,0.0,65.0,25,237,departed,departed,False,4,13,59,8,afternoon,False,41.99743333333333,BVI,18,0.8888888888888888,2,0.0,45.49721944444445,25.0
12921,KILE,17,0.0,65.0,27,235,departed,departed,False,4,13,59,8,afternoon,False,41.99743333333333,BVI,18,0.9444444444444444,1,0.0,45.49721944444445,25.0
12921,BVI,18,25.0,73.0,30,232,departed,departed,True,4,13,59,8,afternoon,False,41.99743333333333,MIRA,20,0.9,2,1049.9358333333334,51.096877222222226,29.0
12921,DIC,19,0.0,73.0,32,230,departed,departed,False,4,13,59,8,afternoon,False,41.99743333333333,MIRA,20,0.95,1,0.0,51.096877222222226,29.0
12921,MIRA,20,0.0,73.0,35,227,departed,departed,False,4,13,59,8,afternoon,False,41.99743333333333,NIG,22,0.9090909090909091,2,0.0,51.096877222222226,29.0
12921,BYR,21,0.0,73.0,39,223,departed,departed,False,4,13,59,8,afternoon,False,41.99743333333333,NIG,22,0.9545454545454546,1,0.0,51.096877222222226,29.0
12921,NIG,22,0.0,73.0,43,219,departed,departed,False,4,13,59,8,afternoon,False,41.99743333333333,VTN,26,0.8461538461538461,4,0.0,51.096877222222226,32.0
12921,BSR,23,0.0,73.0,47,215,departed,departed,False,4,13,59,8,afternoon,False,41.99743333333333,VTN,26,0.8846153846153846,3,0.0,51.096877222222226,32.0
12921,NSP,24,0.0,73.0,51,211,departed,departed,False,4,13,59,8,afternoon,False,41.99743333333333,VTN,26,0.9230769230769231,2,0.0,51.096877222222226,32.0
12921,VR,25,0.0,73.0,56,206,departed,departed,False,4,13,59,8,afternoon,False,41.99743333333333,VTN,26,0.9615384615384616,1,0.0,51.096877222222226,32.0
12921,VTN,26,32.0,73.0,64,198,departed,departed,False,4,13,59,8,afternoon,False,41.99743333333333,PLG,29,0.896551724137931,3,1343.9178666666667,51.096877222222226,26.0
12921,SAH,27,0.0,73.0,72,190,upcoming,upcoming,False,4,13,59,8,afternoon,False,41.99743333333333,PLG,29,0.9310344827586207,2,0.0,51.096877222222226,26.0
12921,KLV,28,0.0,73.0,78,184,upcoming,upcoming,False,4,13,59,8,afternoon,False,41.99743333333333,PLG,29,0.9655172413793104,1,0.0,51.096877222222226,26.0
12921,PLG,29,37.0,94.3,86,176,upcoming,upcoming,True,4,13,59,8,afternoon,False,41.99743333333333,DRD,33,0.8787878787878788,4,1553.9050333333334,66.00596605555556,32.0
12921,UOI,30,0.0,94.3,93,169,upcoming,upcoming,False,4,13,59,8,afternoon,False,41.99743333333333,DRD,33,0.9090909090909091,3,0.0,66.00596605555556,32.0
12921,BOR,31,0.0,94.3,98,164,upcoming,upcoming,False,4,13,59,8,afternoon,False,41.99743333333333,DRD,33,0.9393939393939394,2,0.0,66.00596605555556,32.0
12921,VGN,32,0.0,94.3,107,155,upcoming,upcoming,False,4,13,59,8,afternoon,False,41.99743333333333,DRD,33,0.9696969696969697,1,0.0,66.00596605555556,32.0
12921,DRD,33,37.0,54.8,119,143,upcoming,upcoming,True,4,13,59,8,afternoon,False,41.99743333333333,UBR,36,0.9166666666666666,3,1553.9050333333334,38.35765577777777,36.0
12921,GVD,34,0.0,54.8,130,132,upcoming,upcoming,False,4,13,59,8,afternoon,False,41.99743333333333,UBR,36,0.9444444444444444,2,0.0,38.35765577777777,36.0
12921,BRRD,35,0.0,54.8,135,127,upcoming,upcoming,False,4,13,59,8,afternoon,False,41.99743333333333,UBR,36,0.9722222222222222,1,0.0,38.35765577777777,36.0
12921,UBR,36,37.0,93.3,140,122,upcoming,upcoming,True,4,13,59,8,afternoon,False,41.99743333333333,VAPI,40,0.9,4,1553.9050333333334,65.30600883333334,36.0
12921,SJN,37,0.0,93.3,145,117,upcoming,upcoming,False,4,13,59,8,afternoon,False,41.99743333333333,VAPI,40,0.925,3,0.0,65.30600883333334,36.0
12921,BLD,38,0.0,93.3,156,106,upcoming,upcoming,False,4,13,59,8,afternoon,False,41.99743333333333,VAPI,40,0.95,2,0.0,65.30600883333334,36.0
12921,KEB,39,0.0,93.3,161,101,upcoming,upcoming,False,4,13,59,8,afternoon,False,41.99743333333333,VAPI,40,0.975,1,0.0,65.30600883333334,36.0
12921,VAPI,40,37.0,55.7,168,94,upcoming,upcoming,True,4,13,59,8,afternoon,False,41.99743333333333,BL,45,0.8888888888888888,5,1553.9050333333334,38.98761727777778,36.0
12921,BAGD,41,0.0,55.7,175,87,upcoming,upcoming,False,4,13,59,8,afternoon,False,41.99743333333333,BL,45,0.9111111111111111,4,0.0,38.98761727777778,36.0
12921,UVD,42,0.0,55.7,178,84,upcoming,upcoming,False,4,13,59,8,afternoon,False,41.99743333333333,BL,45,0.9333333333333333,3,0.0,38.98761727777778,36.0
12921,PAD,43,0.0,55.7,183,79,upcoming,upcoming,False,4,13,59,8,afternoon,False,41.99743333333333,BL,45,0.9555555555555556,2,0.0,38.98761727777778,36.0
12921,ATUL,44,0.0,55.7,187,75,upcoming,upcoming,False,4,13,59,8,afternoon,False,41.99743333333333,BL,45,0.9777777777777777,1,0.0,38.98761727777778,36.0
12921,BL,45,37.0,54.0,194,68,upcoming,upcoming,True,4,13,59,8,afternoon,False,41.99743333333333,BIM,48,0.9375,3,1553.9050333333334,37.797689999999996,36.0
12921,DGI,46,0.0,54.0,203,59,upcoming,upcoming,False,4,13,59,8,afternoon,False,41.99743333333333,BIM,48,0.9583333333333334,2,0.0,37.797689999999996,36.0
12921,JRS,47,0.0,54.0,208,54,upcoming,upcoming,False,4,13,59,8,afternoon,False,41.99743333333333,BIM,48,0.9791666666666666,1,0.0,37.797689999999996,36.0
12921,BIM,48,37.0,33.3,212,50,upcoming,upcoming,True,4,13,59,8,afternoon,False,41.99743333333333,AML,49,0.9795918367346939,1,1553.9050333333334,23.3085755,36.0
12921,AML,49,37.0,60.0,217,45,upcoming,upcoming,True,4,13,59,8,afternoon,False,41.99743333333333,NVS,54,0.9074074074074074,5,1553.9050333333334,41.99743333333333,36.0
12921,ACL,50,0.0,60.0,221,41,upcoming,upcoming,False,4,13,59,8,afternoon,False,41.99743333333333,NVS,54,0.9259259259259259,4,0.0,41.99743333333333,36.0
12921,VDH,51,0.0,60.0,224,38,upcoming,upcoming,False,4,13,59,8,afternoon,False,41.99743333333333,NVS,54,0.9444444444444444,3,0.0,41.99743333333333,36.0
12921,HXR,52,0.0,60.0,228,34,upcoming,upcoming,False,4,13,59,8,afternoon,False,41.99743333333333,NVS,54,0.9629629629629629,2,0.0,41.99743333333333,36.0
12921,GNST,53,0.0,60.0,230,32,upcoming,upcoming,False,4,13,59,8,afternoon,False,41.99743333333333,NVS,54,0.9814814814814815,1,0.0,41.99743333333333,36.0
12921,NVS,54,37.0,80.0,233,29,upcoming,upcoming,True,4,13,59,8,afternoon,False,41.99743333333333,MRL,55,0.9818181818181818,1,1553.9050333333334,55.99657777777778,36.0
12921,MRL,55,37.0,70.0,241,21,upcoming,upcoming,True,4,13,59,8,afternoon,False,41.99743333333333,SCH,56,0.9821428571428571,1,1553.9050333333334,48.99700555555555,36.0
12921,SCH,56,37.0,46.2,248,14,upcoming,upcoming,True,4,13,59,8,afternoon,False,41.99743333333333,UDN,58,0.9655172413793104,2,1553.9050333333334,32.338023666666665,36.0
12921,BHET,57,0.0,46.2,253,9,upcoming,upcoming,False,4,13,59,8,afternoon,False,41.99743333333333,UDN,58,0.9827586206896551,1,0.0,32.338023666666665,36.0
12921,UDN,58,37.0,9.6,258,4,upcoming,upcoming,True,4,13,59,8,afternoon,False,41.99743333333333,ST,59,0.9830508474576272,1,1553.9050333333334,6.719589333333333,36.0
12922,ST,1,0.0,26.7,0,262,at-station,at-station,True,4,13,55,8,afternoon,False,4.08045,UDN,2,0.5,1,0.0,1.81580025,0.0
12922,UDN,2,0.0,73.3,4,258,upcoming,upcoming,True,4,13,55,8,afternoon,False,4.08045,BHET,3,0.6666666666666666,1,0.0,4.984949749999999,0.0
12922,BHET,3,0.0,73.3,9,253,upcoming,upcoming,False,4,13,55,8,afternoon,False,4.08045,SCH,4,0.75,1,0.0,4.984949749999999,0.0
12922,SCH,4,0.0,40.0,15,247,upcoming,upcoming,True,4,13,55,8,afternoon,False,4.08045,MRL,5,0.8,1,0.0,2.7203,0.0
12922,MRL,5,0.0,60.0,21,241,upcoming,upcoming,True,4,13,55,8,afternoon,False,4.08045,NVS,6,0.8333333333333334,1,0.0,4.08045,0.0
12922,NVS,6,0.0,73.8,29,233,upcoming,upcoming,True,4,13,55,8,afternoon,False,4.08045,GNST,7,0.8571428571428571,1,0.0,5.018953499999999,0.0
12922,GNST,7,0.0,73.8,33,229,upcoming,upcoming,False,4,13,55,8,afternoon,False,4.08045,HXR,8,0.875,1,0.0,5.018953499999999,0.0
12922,HXR,8,0.0,73.8,35,227,upcoming,upcoming,False,4,13,55,8,afternoon,False,4.08045,VDH,9,0.8888888888888888,1,0.0,5.018953499999999,0.0
12922,VDH,9,0.0,73.8,38,224,upcoming,upcoming,False,4,13,55,8,afternoon,False,4.08045,ACL,10,0.9,1,0.0,5.018953499999999,0.0
12922,ACL,10,0.0,73.8,41,221,upcoming,upcoming,False,4,13,55,8,afternoon,False,4.08045,AML,11,0.9090909090909091,1,0.0,5.018953499999999,0.0
12922,AML,11,0.0,21.4,45,217,upcoming,upcoming,True,4,13,55,8,afternoon,False,4.08045,BIM,12,0.9166666666666666,1,0.0,1.4553605,0.0
12922,BIM,12,0.0,49.6,50,212,upcoming,upcoming,True,4,13,55,8,afternoon,False,4.08045,JRS,13,0.9230769230769231,1,0.0,3.373172,0.0
12922,JRS,13,0.0,49.6,55,207,upcoming,upcoming,False,4,13,55,8,afternoon,False,4.08045,DGI,14,0.9285714285714286,1,0.0,3.373172,0.0
12922,DGI,14,0.0,49.6,60,202,upcoming,upcoming,False,4,13,55,8,afternoon,False,4.08045,BL,15,0.9333333333333333,1,0.0,3.373172,0.0
12922,BL,15,0.0,86.7,69,193,upcoming,upcoming,True,4,13,55,8,afternoon,False,4.08045,ATUL,16,0.9375,1,0.0,5.89625025,0.0
12922,ATUL,16,0.0,86.7,75,187,upcoming,upcoming,False,4,13,55,8,afternoon,False,4.08045,PAD,17,0.9411764705882353,1,0.0,5.89625025,0.0
12922,PAD,17,0.0,86.7,79,183,upcoming,upcoming,False,4,13,55,8,afternoon,False,4.08045,UVD,18,0.9444444444444444,1,0.0,5.89625025,0.0
12922,UVD,18,0.0,86.7,85,177,upcoming,upcoming,False,4,13,55,8,afternoon,False,4.08045,BAGD,19,0.9473684210526315,1,0.0,5.89625025,0.0
12922,BAGD,19,0.0,86.7,88,174,upcoming,upcoming,False,4,13,55,8,afternoon,False,4.08045,VAPI,20,0.95,1,0.0,5.89625025,0.0
12922,VAPI,20,0.0,84.0,95,167,upcoming,upcoming,True,4,13,55,8,afternoon,False,4.08045,KEB,21,0.9523809523809523,1,0.0,5.71263,0.0
12922,KEB,21,0.0,84.0,101,161,upcoming,upcoming,False,4,13,55,8,afternoon,False,4.08045,BLD,22,0.9545454545454546,1,0.0,5.71263,0.0
12922,BLD,22,0.0,84.0,106,156,upcoming,upcoming,False,4,13,55,8,afternoon,False,4.08045,SJN,23,0.9565217391304348,1,0.0,5.71263,0.0
12922,SJN,23,0.0,84.0,117,145,upcoming,upcoming,False,4,13,55,8,afternoon,False,4.08045,UBR,24,0.9583333333333334,1,0.0,5.71263,0.0
12922,UBR,24,0.0,92.3,123,139,upcoming,upcoming,True,4,13,55,8,afternoon,False,4.08045,BRRD,25,0.96,1,0.0,6.277092249999999,0.0
12922,BRRD,25,0.0,92.3,127,135,upcoming,upcoming,False,4,13,55,8,afternoon,False,4.08045,GVD,26,0.9615384615384616,1,0.0,6.277092249999999,0.0
12922,GVD,26,0.0,92.3,132,130,upcoming,upcoming,False,4,13,55,8,afternoon,False,4.08045,DRD,27,0.9629629629629629,1,0.0,6.277092249999999,0.0
12922,DRD,27,0.0,68.3,143,119,upcoming,upcoming,True,4,13,55,8,afternoon,False,4.08045,VGN,28,0.9642857142857143,1,0.0,4.64491225,0.0
12922,VGN,28,0.0,68.3,155,107,upcoming,upcoming,False,4,13,55,8,afternoon,False,4.08045,BOR,29,0.9655172413793104,1,0.0,4.64491225,0.0
12922,BOR,29,0.0,68.3,164,98,upcoming,upcoming,False,4,13,55,8,afternoon,False,4.08045,UOI,30,0.9666666666666667,1,0.0,4.64491225,0.0
12922,UOI,30,0.0,68.3,170,92,upcoming,upcoming,False,4,13,55,8,afternoon,False,4.08045,PLG,31,0.967741935483871,1,0.0,4.64491225,0.0
12922,PLG,31,0.0,79.5,176,86,upcoming,upcoming,True,4,13,55,8,afternoon,False,4.08045,KLV,32,0.96875,1,0.0,5.406596250000001,0.0
12922,KLV,32,0.0,79.5,184,78,upcoming,upcoming,False,4,13,55,8,afternoon,False,4.08045,SAH,33,0.9696969696969697,1,0.0,5.406596250000001,0.0
12922,SAH,33,0.0,79.5,190,72,upcoming,upcoming,False,4,13,55,8,afternoon,False,4.08045,VTN,34,0.9705882352941176,1,0.0,5.406596250000001,0.0
12922,VTN,34,0.0,79.5,198,64,upcoming,upcoming,False,4,13,55,8,afternoon,False,4.08045,VR,35,0.9714285714285714,1,0.0,5.406596250000001,0.0
12922,VR,35,0.0,79.5,207,55,upcoming,upcoming,False,4,13,55,8,afternoon,False,4.08045,NSP,36,0.9722222222222222,1,0.0,5.406596250000001,0.0
12922,NSP,36,0.0,79.5,211,51,upcoming,upcoming,False,4,13,55,8,afternoon,False,4.08045,BSR,37,0.972972972972973,1,0.0,5.406596250000001,0.0
12922,BSR,37,0.0,79.5,215,47,upcoming,upcoming,False,4,13,55,8,afternoon,False,4.08045,NIG,38,0.9736842105263158,1,0.0,5.406596250000001,0.0
12922,NIG,38,0.0,79.5,219,43,upcoming,upcoming,False,4,13,55,8,afternoon,False,4.08045,BYR,39,0.9743589743589743,1,0.0,5.406596250000001,0.0
12922,BYR,39,0.0,79.5,224,38,upcoming,upcoming,False,4,13,55,8,afternoon,False,4.08045,MIRA,40,0.975,1,0.0,5.406596250000001,0.0
12922,MIRA,40,0.0,79.5,227,35,upcoming,upcoming,False,4,13,55,8,afternoon,False,4.08045,DIC,41,0.975609756097561,1,0.0,5.406596250000001,0.0
12922,DIC,41,0.0,79.5,231,31,upcoming,upcoming,False,4,13,55,8,afternoon,False,4.08045,BVI,42,0.9761904761904762,1,0.0,5.406596250000001,0.0
12922,BVI,42,0.0,60.0,233,29,upcoming,upcoming,True,4,13,55,8,afternoon,False,4.08045,KILE,43,0.9767441860465116,1,0.0,4.08045,0.0
12922,KILE,43,0.0,60.0,236,26,upcoming,upcoming,False,4,13,55,8,afternoon,False,4.08045,MDD,44,0.9772727272727273,1,0.0,4.08045,0.0
12922,MDD,44,0.0,60.0,238,24,upcoming,upcoming,False,4,13,55,8,afternoon,False,4.08045,GMN,45,0.9777777777777777,1,0.0,4.08045,0.0
12922,GMN,45,0.0,60.0,240,22,upcoming,upcoming,False,4,13,55,8,afternoon,False,4.08045,RMAR,46,0.9782608695652174,1,0.0,4.08045,0.0
12922,RMAR,46,0.0,60.0,242,20,upcoming,upcoming,False,4,13,55,8,afternoon,False,4.08045,JOS,47,0.9787234042553191,1,0.0,4.08045,0.0
12922,JOS,47,0.0,60.0,243,19,upcoming,upcoming,False,4,13,55,8,afternoon,False,4.08045,ADH,48,0.9791666666666666,1,0.0,4.08045,0.0
12922,ADH,48,0.0,23.7,245,17,upcoming,upcoming,True,4,13,55,8,afternoon,False,4.08045,VLP,49,0.9795918367346939,1,0.0,1.6117777500000001,0.0
12922,VLP,49,0.0,23.7,247,15,upcoming,upcoming,False,4,13,55,8,afternoon,False,4.08045,STC,50,0.98,1,0.0,1.6117777500000001,0.0
12922,STC,50,0.0,23.7,249,13,upcoming,upcoming,False,4,13,55,8,afternoon,False,4.08045,KHAR,51,0.9803921568627451,1,0.0,1.6117777500000001,0.0
12922,KHAR,51,0.0,23.7,251,11,upcoming,upcoming,False,4,13,55,8,afternoon,False,4.08045,BA,52,0.9807692307692307,1,0.0,1.6117777500000001,0.0
12922,BA,52,0.0,23.7,252,10,upcoming,upcoming,False,4,13,55,8,afternoon,False,4.08045,MM,53,0.9811320754716981,1,0.0,1.6117777500000001,0.0
12922,MM,53,0.0,23.7,254,8,upcoming,upcoming,False,4,13,55,8,afternoon,False,4.08045,MRU,54,0.9814814814814815,1,0.0,1.6117777500000001,0.0
12922,MRU,54,0.0,23.7,255,7,upcoming,upcoming,False,4,13,55,8,afternoon,False,4.08045,DDR,55,0.9818181818181818,1,0.0,1.6117777500000001,0.0
12922,DDR,55,0.0,23.7,257,5,upcoming,upcoming,False,4,13,55,8,afternoon,False,4.08045,PBHD,56,0.9821428571428571,1,0.0,1.6117777500000001,0.0
12922,PBHD,56,0.0,23.7,258,4,upcoming,upcoming,False,4,13,55,8,afternoon,False,4.08045,PL,57,0.9824561403508771,1,0.0,1.6117777500000001,0.0
12922,PL,57,0.0,23.7,259,3,upcoming,upcoming,False,4,13,55,8,afternoon,False,4.08045,MX,58,0.9827586206896551,1,0.0,1.6117777500000001,0.0
12922,MX,58,0.0,23.7,261,1,upcoming,upcoming,False,4,13,55,8,afternoon,False,4.08045,MMCT,59,0.9830508474576272,1,0.0,1.6117777500000001,0.0
12922,ST,1,0.0,26.7,0,262,at-station,at-station,True,4,13,59,8,afternoon,False,42.011383333333335,UDN,2,0.5,1,0.0,18.695065583333335,0.0
12922,UDN,2,0.0,73.3,4,258,upcoming,upcoming,True,4,13,59,8,afternoon,False,42.011383333333335,SCH,4,0.5,2,0.0,51.323906638888886,0.0
12922,BHET,3,0.0,73.3,9,253,upcoming,upcoming,False,4,13,59,8,afternoon,False,42.011383333333335,SCH,4,0.75,1,0.0,51.323906638888886,0.0
12922,SCH,4,0.0,40.0,15,247,upcoming,upcoming,True,4,13,59,8,afternoon,False,42.011383333333335,MRL,5,0.8,1,0.0,28.00758888888889,0.0
12922,MRL,5,0.0,60.0,21,241,upcoming,upcoming,True,4,13,59,8,afternoon,False,42.011383333333335,NVS,6,0.8333333333333334,1,0.0,42.011383333333335,0.0
12922,NVS,6,0.0,73.8,29,233,upcoming,upcoming,True,4,13,59,8,afternoon,False,42.011383333333335,AML,11,0.5454545454545454,5,0.0,51.6740015,0.0
12922,GNST,7,0.0,73.8,33,229,upcoming,upcoming,False,4,13,59,8,afternoon,False,42.011383333333335,AML,11,0.6363636363636364,4,0.0,51.6740015,0.0
12922,HXR,8,0.0,73.8,35,227,upcoming,upcoming,False,4,13,59,8,afternoon,False,42.011383333333335,AML,11,0.7272727272727273,3,0.0,51.6740015,0.0
12922,VDH,9,0.0,73.8,38,224,upcoming,upcoming,False,4,13,59,8,afternoon,False,42.011383333333335,AML,11,0.8181818181818182,2,0.0,51.6740015,0.0
12922,ACL,10,0.0,73.8,41,221,upcoming,upcoming,False,4,13,59,8,afternoon,False,42.011383333333335,AML,11,0.9090909090909091,1,0.0,51.6740015,0.0
12922,AML,11,0.0,21.4,45,217,upcoming,upcoming,True,4,13,59,8,afternoon,False,42.011383333333335,BIM,12,0.9166666666666666,1,0.0,14.984060055555554,0.0
12922,BIM,12,0.0,49.6,50,212,upcoming,upcoming,True,4,13,59,8,afternoon,False,42.011383333333335,BL,15,0.8,3,0.0,34.72941022222222,0.0
12922,JRS,13,0.0,49.6,55,207,upcoming,upcoming,False,4,13,59,8,afternoon,False,42.011383333333335,BL,15,0.8666666666666667,2,0.0,34.72941022222222,0.0
12922,DGI,14,0.0,49.6,60,202,upcoming,upcoming,False,4,13,59,8,afternoon,False,42.011383333333335,BL,15,0.9333333333333333,1,0.0,34.72941022222222,0.0
12922,BL,15,0.0,86.7,69,193,upcoming,upcoming,True,4,13,59,8,afternoon,False,42.011383333333335,VAPI,20,0.75,5,0.0,60.70644891666667,0.0
12922,ATUL,16,0.0,86.7,75,187,upcoming,upcoming,False,4,13,59,8,afternoon,False,42.011383333333335,VAPI,20,0.8,4,0.0,60.70644891666667,0.0
12922,PAD,17,0.0,86.7,79,183,upcoming,upcoming,False,4,13,59,8,afternoon,False,42.011383333333335,VAPI,20,0.85,3,0.0,60.70644891666667,0.0
12922,UVD,18,0.0,86.7,85,177,upcoming,upcoming,False,4,13,59,8,afternoon,False,42.011383333333335,VAPI,20,0.9,2,0.0,60.70644891666667,0.0
12922,BAGD,19,0.0,86.7,88,174,upcoming,upcoming,False,4,13,59,8,afternoon,False,42.011383333333335,VAPI,20,0.95,1,0.0,60.70644891666667,0.0
12922,VAPI,20,0.0,84.0,95,167,upcoming,upcoming,True,4,13,59,8,afternoon,False,42.011383333333335,UBR,24,0.8333333333333334,4,0.0,58.815936666666666,0.0
12922,KEB,21,0.0,84.0,101,161,upcoming,upcoming,False,4,13,59,8,afternoon,False,42.011383333333335,UBR,24,0.875,3,0.0,58.815936666666666,0.0
12922,BLD,22,0.0,84.0,106,156,upcoming,upcoming,False,4,13,59,8,afternoon,False,42.011383333333335,UBR,24,0.9166666666666666,2,0.0,58.815936666666666,0.0
12922,SJN,23,0.0,84.0,117,145,upcoming,upcoming,False,4,13,59,8,afternoon,False,42.011383333333335,UBR,24,0.9583333333333334,1,0.0,58.815936666666666,0.0
12922,UBR,24,0.0,92.3,123,139,upcoming,upcoming,True,4,13,59,8,afternoon,False,42.011383333333335,DRD,27,0.8888888888888888,3,0.0,64.6275113611111,0.0
12922,BRRD,25,0.0,92.3,127,135,upcoming,upcoming,False,4,13,59,8,afternoon,False,42.011383333333335,DRD,27,0.9259259259259259,2,0.0,64.6275113611111,0.0
12922,GVD,26,0.0,92.3,132,130,upcoming,upcoming,False,4,13,59,8,afternoon,False,42.011383333333335,DRD,27,0.9629629629629629,1,0.0,64.6275113611111,0.0
12922,DRD,27,0.0,68.3,143,119,upcoming,upcoming,True,4,13,59,8,afternoon,False,42.011383333333335,PLG,31,0.8709677419354839,4,0.0,47.82295802777777,0.0
12922,VGN,28,0.0,68.3,155,107,upcoming,upcoming,False,4,13,59,8,afternoon,False,42.011383333333335,PLG,31,0.9032258064516129,3,0.0,47.82295802777777,0.0
12922,BOR,29,0.0,68.3,164,98,upcoming,upcoming,False,4,13,59,8,afternoon,False,42.011383333333335,PLG,31,0.9354838709677419,2,0.0,47.82295802777777,0.0
12922,UOI,30,0.0,68.3,170,92,upcoming,upcoming,False,4,13,59,8,afternoon,False,42.011383333333335,PLG,31,0.967741935483871,1,0.0,47.82295802777777,0.0
12922,PLG,31,0.0,79.5,176,86,upcoming,upcoming,True,4,13,59,8,afternoon,False,42.011383333333335,BVI,42,0.7380952380952381,11,0.0,55.66508291666666,0.0
12922,KLV,32,0.0,79.5,184,78,upcoming,upcoming,False,4,13,59,8,afternoon,False,42.011383333333335,BVI,42,0.7619047619047619,10,0.0,55.66508291666666,0.0
12922,SAH,33,0.0,79.5,190,72,upcoming,upcoming,False,4,13,59,8,afternoon,False,42.011383333333335,BVI,42,0.7857142857142857,9,0.0,55.66508291666666,0.0
12922,VTN,34,0.0,79.5,198,64,upcoming,upcoming,False,4,13,59,8,afternoon,False,42.011383333333335,BVI,42,0.8095238095238095,8,0.0,55.66508291666666,0.0
12922,VR,35,0.0,79.5,207,55,upcoming,upcoming,False,4,13,59,8,afternoon,False,42.011383333333335,BVI,42,0.8333333333333334,7,0.0,55.66508291666666,0.0
12922,NSP,36,0.0,79.5,211,51,upcoming,upcoming,False,4,13,59,8,afternoon,False,42.011383333333335,BVI,42,0.8571428571428571,6,0.0,55.66508291666666,0.0
12922,BSR,37,0.0,79.5,215,47,upcoming,upcoming,False,4,13,59,8,afternoon,False,42.011383333333335,BVI,42,0.8809523809523809,5,0.0,55.66508291666666,0.0
12922,NIG,38,0.0,79.5,219,43,upcoming,upcoming,False,4,13,59,8,afternoon,False,42.011383333333335,BVI,42,0.9047619047619048,4,0.0,55.66508291666666,0.0
12922,BYR,39,0.0,79.5,224,38,upcoming,upcoming,False,4,13,59,8,afternoon,False,42.011383333333335,BVI,42,0.9285714285714286,3,0.0,55.66508291666666,0.0
12922,MIRA,40,0.0,79.5,227,35,upcoming,upcoming,False,4,13,59,8,afternoon,False,42.011383333333335,BVI,42,0.9523809523809523,2,0.0,55.66508291666666,0.0
12922,DIC,41,0.0,79.5,231,31,upcoming,upcoming,False,4,13,59,8,afternoon,False,42.011383333333335,BVI,42,0.9761904761904762,1,0.0,55.66508291666666,0.0
12922,BVI,42,0.0,60.0,233,29,upcoming,upcoming,True,4,13,59,8,afternoon,False,42.011383333333335,ADH,48,0.875,6,0.0,42.011383333333335,0.0
12922,KILE,43,0.0,60.0,236,26,upcoming,upcoming,False,4,13,59,8,afternoon,False,42.011383333333335,ADH,48,0.8958333333333334,5,0.0,42.011383333333335,0.0
12922,MDD,44,0.0,60.0,238,24,upcoming,upcoming,False,4,13,59,8,afternoon,False,42.011383333333335,ADH,48,0.9166666666666666,4,0.0,42.011383333333335,0.0
12922,GMN,45,0.0,60.0,240,22,upcoming,upcoming,False,4,13,59,8,afternoon,False,42.011383333333335,ADH,48,0.9375,3,0.0,42.011383333333335,0.0
12922,RMAR,46,0.0,60.0,242,20,upcoming,upcoming,False,4,13,59,8,afternoon,False,42.011383333333335,ADH,48,0.9583333333333334,2,0.0,42.011383333333335,0.0
12922,JOS,47,0.0,60.0,243,19,upcoming,upcoming,False,4,13,59,8,afternoon,False,42.011383333333335,ADH,48,0.9791666666666666,1,0.0,42.011383333333335,0.0
12922,ADH,48,0.0,23.7,245,17,upcoming,upcoming,True,4,13,59,8,afternoon,False,42.011383333333335,MMCT,59,0.8135593220338984,11,0.0,16.59449641666667,0.0
12922,VLP,49,0.0,23.7,247,15,upcoming,upcoming,False,4,13,59,8,afternoon,False,42.011383333333335,MMCT,59,0.8305084745762712,10,0.0,16.59449641666667,0.0
12922,STC,50,0.0,23.7,249,13,upcoming,upcoming,False,4,13,59,8,afternoon,False,42.011383333333335,MMCT,59,0.847457627118644,9,0.0,16.59449641666667,0.0
12922,KHAR,51,0.0,23.7,251,11,upcoming,upcoming,False,4,13,59,8,afternoon,False,42.011383333333335,MMCT,59,0.864406779661017,8,0.0,16.59449641666667,0.0
12922,BA,52,0.0,23.7,252,10,upcoming,upcoming,False,4,13,59,8,afternoon,False,42.011383333333335,MMCT,59,0.8813559322033898,7,0.0,16.59449641666667,0.0
12922,MM,53,0.0,23.7,254,8,upcoming,upcoming,False,4,13,59,8,afternoon,False,42.011383333333335,MMCT,59,0.8983050847457628,6,0.0,16.59449641666667,0.0
12922,MRU,54,0.0,23.7,255,7,upcoming,upcoming,False,4,13,59,8,afternoon,False,42.011383333333335,MMCT,59,0.9152542372881356,5,0.0,16.59449641666667,0.0
12922,DDR,55,0.0,23.7,257,5,upcoming,upcoming,False,4,13,59,8,afternoon,False,42.011383333333335,MMCT,59,0.9322033898305084,4,0.0,16.59449641666667,0.0
12922,PBHD,56,0.0,23.7,258,4,upcoming,upcoming,False,4,13,59,8,afternoon,False,42.011383333333335,MMCT,59,0.9491525423728814,3,0.0,16.59449641666667,0.0
12922,PL,57,0.0,23.7,259,3,upcoming,upcoming,False,4,13,59,8,afternoon,False,42.011383333333335,MMCT,59,0.9661016949152542,2,0.0,16.59449641666667,0.0
12922,MX,58,0.0,23.7,261,1,upcoming,upcoming,False,4,13,59,8,afternoon,False,42.011383333333335,MMCT,59,0.9830508474576272,1,0.0,16.59449641666667,0.0
12923,DADN,1,0.0,50.4,0,631,at-station,at-station,True,4,13,55,8,afternoon,False,4.065566666666666,HKH,2,0.5,1,0.0,3.4150759999999996,0.0
12923,HKH,2,0.0,50.4,3,628,upcoming,upcoming,False,4,13,55,8,afternoon,False,4.065566666666666,RAU,3,0.6666666666666666,1,0.0,3.4150759999999996,0.0
12923,RAU,3,0.0,50.4,10,621,upcoming,upcoming,False,4,13,55,8,afternoon,False,4.065566666666666,RJQ,4,0.75,1,0.0,3.4150759999999996,0.0
12923,RJQ,4,0.0,50.4,14,617,upcoming,upcoming,False,4,13,55,8,afternoon,False,4.065566666666666,LKMN,5,0.8,1,0.0,3.4150759999999996,0.0
12923,LKMN,5,0.0,50.4,17,614,upcoming,upcoming,False,4,13,55,8,afternoon,False,4.065566666666666,SFNR,6,0.8333333333333334,1,0.0,3.4150759999999996,0.0
12923,SFNR,6,0.0,50.4,19,612,upcoming,upcoming,False,4,13,55,8,afternoon,False,4.065566666666666,INDB,7,0.8571428571428571,1,0.0,3.4150759999999996,0.0
12923,INDB,7,0.0,84.0,21,610,upcoming,upcoming,True,4,13,55,8,afternoon,False,4.065566666666666,LMNR,8,0.875,1,0.0,5.691793333333333,0.0
12923,LMNR,8,0.0,84.0,24,607,upcoming,upcoming,False,4,13,55,8,afternoon,False,4.065566666666666,MGG,9,0.8888888888888888,1,0.0,5.691793333333333,0.0
12923,MGG,9,0.0,84.0,35,596,upcoming,upcoming,False,4,13,55,8,afternoon,False,4.065566666666666,BLAX,10,0.9,1,0.0,5.691793333333333,0.0
12923,BLAX,10,0.0,84.0,46,585,upcoming,upcoming,False,4,13,55,8,afternoon,False,4.065566666666666,BNJN,11,0.9090909090909091,1,0.0,5.691793333333333,0.0
12923,BNJN,11,0.0,84.0,57,574,upcoming,upcoming,False,4,13,55,8,afternoon,False,4.065566666666666,DWX,12,0.9166666666666666,1,0.0,5.691793333333333,0.0
12923,DWX,12,0.0,45.0,63,568,upcoming,upcoming,True,4,13,55,8,afternoon,False,4.065566666666666,AJKI,13,0.9230769230769231,1,0.0,3.0491749999999995,0.0
12923,AJKI,13,0.0,45.0,70,561,upcoming,upcoming,False,4,13,55,8,afternoon,False,4.065566666666666,SKBN,14,0.9285714285714286,1,0.0,3.0491749999999995,0.0
12923,SKBN,14,0.0,45.0,76,555,upcoming,upcoming,False,4,13,55,8,afternoon,False,4.065566666666666,RCJ,15,0.9333333333333333,1,0.0,3.0491749999999995,0.0
12923,RCJ,15,0.0,45.0,84,547,upcoming,upcoming,False,4,13,55,8,afternoon,False,4.065566666666666,DON,16,0.9375,1,0.0,3.0491749999999995,0.0
12923,DON,16,0.0,45.0,92,539,upcoming,upcoming,False,4,13,55,8,afternoon,False,4.065566666666666,MKC,17,0.9411764705882353,1,0.0,3.0491749999999995,0.0
12923,MKC,17,0.0,71.5,99,532,upcoming,upcoming,True,4,13,55,8,afternoon,False,4.065566666666666,PUO,18,0.9444444444444444,1,0.0,4.844800277777778,0.0
12923,PUO,18,0.0,71.5,106,525,upcoming,upcoming,False,4,13,55,8,afternoon,False,4.065566666666666,BCH,19,0.9473684210526315,1,0.0,4.844800277777778,0.0
12923,BCH,19,0.0,71.5,118,513,upcoming,upcoming,False,4,13,55,8,afternoon,False,4.065566666666666,KONY,20,0.95,1,0.0,4.844800277777778,0.0
12923,KONY,20,0.0,71.5,123,508,upcoming,upcoming,False,4,13,55,8,afternoon,False,4.065566666666666,KSH,21,0.9523809523809523,1,0.0,4.844800277777778,0.0
12923,KSH,21,0.0,71.5,130,501,upcoming,upcoming,False,4,13,55,8,afternoon,False,4.065566666666666,BLX,22,0.9545454545454546,1,0.0,4.844800277777778,0.0
12923,BLX,22,0.0,71.5,136,495,upcoming,upcoming,False,4,13,55,8,afternoon,False,4.065566666666666,AKD,23,0.9565217391304348,1,0.0,4.844800277777778,0.0
12923,AKD,23,0.0,71.5,148,483,upcoming,upcoming,False,4,13,55,8,afternoon,False,4.065566666666666,MQE,24,0.9583333333333334,1,0.0,4.844800277777778,0.0
12923,MQE,24,0.0,71.5,155,476,upcoming,upcoming,False,4,13,55,8,afternoon,False,4.065566666666666,SJP,25,0.96,1,0.0,4.844800277777778,0.0
12923,SJP,25,0.0,49.0,161,470,upcoming,upcoming,True,4,13,55,8,afternoon,False,4.065566666666666,CKOD,26,0.9615384615384616,1,0.0,3.3202127777777775,0.0
12923,CKOD,26,0.0,49.0,167,464,upcoming,upcoming,False,4,13,55,8,afternoon,False,4.065566666666666,KPP,27,0.9629629629629629,1,0.0,3.3202127777777775,0.0
12923,KPP,27,0.0,49.0,174,457,upcoming,upcoming,False,4,13,55,8,afternoon,False,4.065566666666666,JBX,28,0.9642857142857143,1,0.0,3.3202127777777775,0.0
12923,JBX,28,0.0,49.0,181,450,upcoming,upcoming,False,4,13,55,8,afternoon,False,4.065566666666666,PRB,29,0.9655172413793104,1,0.0,3.3202127777777775,0.0
12923,PRB,29,0.0,49.0,189,442,upcoming,upcoming,False,4,13,55,8,afternoon,False,4.065566666666666,BKTL,30,0.9666666666666667,1,0.0,3.3202127777777775,0.0
12923,BKTL,30,0.0,49.0,194,437,upcoming,upcoming,False,4,13,55,8,afternoon,False,4.065566666666666,SEH,31,0.967741935483871,1,0.0,3.3202127777777775,0.0
12923,SEH,31,0.0,49.0,202,429,upcoming,upcoming,False,4,13,55,8,afternoon,False,4.065566666666666,PNWN,32,0.96875,1,0.0,3.3202127777777775,0.0
12923,PNWN,32,0.0,49.0,208,423,upcoming,upcoming,False,4,13,55,8,afternoon,False,4.065566666666666,PUD,33,0.9696969696969697,1,0.0,3.3202127777777775,0.0
12923,PUD,33,0.0,49.0,215,416,upcoming,upcoming,False,4,13,55,8,afternoon,False,4.065566666666666,BQE,34,0.9705882352941176,1,0.0,3.3202127777777775,0.0
12923,BQE,34,0.0,49.0,223,408,upcoming,upcoming,False,4,13,55,8,afternoon,False,4.065566666666666,SHRN,35,0.9714285714285714,1,0.0,3.3202127777777775,0.0
12923,SHRN,35,0.0,49.0,231,400,upcoming,upcoming,False,4,13,55,8,afternoon,False,4.065566666666666,BPL,36,0.9722222222222222,1,0.0,3.3202127777777775,0.0
12923,BPL,36,0.0,49.0,244,387,upcoming,upcoming,False,4,13,55,8,afternoon,False,4.065566666666666,RKMP,37,0.972972972972973,1,0.0,3.3202127777777775,0.0
12923,RKMP,37,0.0,54.3,250,381,upcoming,upcoming,True,4,13,55,8,afternoon,False,4.065566666666666,MSO,38,0.9736842105263158,1,0.0,3.679337833333333,0.0
12923,MSO,38,0.0,54.3,256,375,upcoming,upcoming,False,4,13,55,8,afternoon,False,4.065566666666666,MDDP,39,0.9743589743589743,1,0.0,3.679337833333333,0.0
12923,MDDP,39,0.0,54.3,266,365,upcoming,upcoming,False,4,13,55,8,afternoon,False,4.065566666666666,ODG,40,0.975,1,0.0,3.679337833333333,0.0
12923,ODG,40,0.0,54.3,280,351,upcoming,upcoming,False,4,13,55,8,afternoon,False,4.065566666666666,BKA,41,0.975609756097561,1,0.0,3.679337833333333,0.0
12923,BKA,41,0.0,54.3,291,340,upcoming,upcoming,False,4,13,55,8,afternoon,False,4.065566666666666,CHQ,42,0.9761904761904762,1,0.0,3.679337833333333,0.0
12923,CHQ,42,0.0,54.3,298,333,upcoming,upcoming,False,4,13,55,8,afternoon,False,4.065566666666666,MIG,43,0.9767441860465116,1,0.0,3.679337833333333,0.0
12923,MIG,43,0.0,54.3,304,327,upcoming,upcoming,False,4,13,55,8,afternoon,False,4.065566666666666,BNI,44,0.9772727272727273,1,0.0,3.679337833333333,0.0
12923,BNI,44,0.0,54.3,311,320,upcoming,upcoming,False,4,13,55,8,afternoon,False,4.065566666666666,NDPM,45,0.9777777777777777,1,0.0,3.679337833333333,0.0
12923,NDPM,45,0.0,54.3,318,313,upcoming,upcoming,False,4,13,55,8,afternoon,False,4.065566666666666,PRKD,46,0.9782608695652174,1,0.0,3.679337833333333,0.0
12923,PRKD,46,0.0,54.3,327,304,upcoming,upcoming,False,4,13,55,8,afternoon,False,4.065566666666666,ET,47,0.9787234042553191,1,0.0,3.679337833333333,0.0
12923,ET,47,0.0,64.9,336,295,upcoming,upcoming,True,4,13,55,8,afternoon,False,4.065566666666666,JUH,48,0.9791666666666666,1,0.0,4.397587944444444,0.0
12923,JUH,48,0.0,64.9,338,293,upcoming,upcoming,False,4,13,55,8,afternoon,False,4.065566666666666,KRTH,49,0.9795918367346939,1,0.0,4.397587944444444,0.0
12923,KRTH,49,0.0,64.9,346,285,upcoming,upcoming,False,4,13,55,8,afternoon,False,4.065566666666666,KSLA,50,0.98,1,0.0,4.397587944444444,0.0
12923,KSLA,50,0.0,64.9,352,279,upcoming,upcoming,False,4,13,55,8,afternoon,False,4.065566666666666,TAKU,51,0.9803921568627451,1,0.0,4.397587944444444,0.0
12923,TAKU,51,0.0,64.9,358,273,upcoming,upcoming,False,4,13,55,8,afternoon,False,4.065566666666666,SAHL,52,0.9807692307692307,1,0.0,4.397587944444444,0.0
12923,SAHL,52,0.0,64.9,362,269,upcoming,upcoming,False,4,13,55,8,afternoon,False,4.065566666666666,KQE,53,0.9811320754716981,1,0.0,4.397587944444444,0.0
12923,KQE,53,0.0,64.9,368,263,upcoming,upcoming,False,4,13,55,8,afternoon,False,4.065566666666666,POX,54,0.9814814814814815,1,0.0,4.397587944444444,0.0
12923,POX,54,0.0,64.9,375,256,upcoming,upcoming,False,4,13,55,8,afternoon,False,4.065566666666666,DOH,55,0.9818181818181818,1,0.0,4.397587944444444,0.0
12923,DOH,55,0.0,64.9,383,248,upcoming,upcoming,False,4,13,55,8,afternoon,False,4.065566666666666,MGRD,56,0.9821428571428571,1,0.0,4.397587944444444,0.0
12923,MGRD,56,0.0,64.9,388,243,upcoming,upcoming,False,4,13,55,8,afternoon,False,4.065566666666666,BBTR,57,0.9824561403508771,1,0.0,4.397587944444444,0.0
12923,BBTR,57,0.0,64.9,394,237,upcoming,upcoming,False,4,13,55,8,afternoon,False,4.065566666666666,GDYA,58,0.9827586206896551,1,0.0,4.397587944444444,0.0
12923,GDYA,58,0.0,64.9,406,225,upcoming,upcoming,False,4,13,55,8,afternoon,False,4.065566666666666,DHQ,59,0.9830508474576272,1,0.0,4.397587944444444,0.0
12923,DHQ,59,0.0,64.9,421,210,upcoming,upcoming,False,4,13,55,8,afternoon,False,4.065566666666666,MJY,60,0.9833333333333333,1,0.0,4.397587944444444,0.0
12923,MJY,60,0.0,64.9,434,197,upcoming,upcoming,False,4,13,55,8,afternoon,False,4.065566666666666,BZU,61,0.9836065573770492,1,0.0,4.397587944444444,0.0
12923,BZU,61,0.0,76.7,442,189,upcoming,upcoming,True,4,13,55,8,afternoon,False,4.065566666666666,MALK,62,0.9838709677419355,1,0.0,5.197149388888889,0.0
12923,MALK,62,0.0,76.7,449,182,upcoming,upcoming,False,4,13,55,8,afternoon,False,4.065566666666666,BYS,63,0.9841269841269841,1,0.0,5.197149388888889,0.0
12923,BYS,63,0.0,76.7,455,176,upcoming,upcoming,False,4,13,55,8,afternoon,False,4.065566666666666,AMLA,64,0.984375,1,0.0,5.197149388888889,0.0
12923,AMLA,64,0.0,92.0,465,166,upcoming,upcoming,True,4,13,55,8,afternoon,False,4.065566666666666,JKR,65,0.9846153846153847,1,0.0,6.233868888888889,0.0
12923,JKR,65,0.0,92.0,477,154,upcoming,upcoming,False,4,13,55,8,afternoon,False,4.065566666666666,MTY,66,0.9848484848484849,1,0.0,6.233868888888889,0.0
12923,MTY,66,0.0,70.3,488,143,upcoming,upcoming,True,4,13,55,8,afternoon,False,4.065566666666666,HTN,67,0.9850746268656716,1,0.0,4.763488944444444,0.0
12923,HTN,67,0.0,70.3,497,134,upcoming,upcoming,False,4,13,55,8,afternoon,False,4.065566666666666,CCD,68,0.9852941176470589,1,0.0,4.763488944444444,0.0
12923,CCD,68,0.0,70.3,503,128,upcoming,upcoming,False,4,13,55,8,afternoon,False,4.065566666666666,GDKP,69,0.9855072463768116,1,0.0,4.763488944444444,0.0
12923,GDKP,69,0.0,70.3,512,119,upcoming,upcoming,False,4,13,55,8,afternoon,False,4.065566666666666,TEO,70,0.9857142857142858,1,0.0,4.763488944444444,0.0
12923,TEO,70,0.0,70.3,520,111,upcoming,upcoming,False,4,13,55,8,afternoon,False,4.065566666666666,PAR,71,0.9859154929577465,1,0.0,4.763488944444444,0.0
12923,PAR,71,0.0,72.0,529,102,upcoming,upcoming,True,4,13,55,8,afternoon,False,4.065566666666666,DDMT,72,0.9861111111111112,1,0.0,4.87868,0.0
12923,DDMT,72,0.0,72.0,537,94,upcoming,upcoming,False,4,13,55,8,afternoon,False,4.065566666666666,NRKR,73,0.9863013698630136,1,0.0,4.87868,0.0
12923,NRKR,73,0.0,45.0,547,84,upcoming,upcoming,True,4,13,55,8,afternoon,False,4.065566666666666,TNH,74,0.9864864864864865,1,0.0,3.0491749999999995,0.0
12923,TNH,74,0.0,45.0,554,77,upcoming,upcoming,False,4,13,55,8,afternoon,False,4.065566666666666,KLBA,75,0.9866666666666667,1,0.0,3.0491749999999995,0.0
12923,KLBA,75,0.0,45.0,562,69,upcoming,upcoming,False,4,13,55,8,afternoon,False,4.065566666666666,KATL,76,0.9868421052631579,1,0.0,3.0491749999999995,0.0
12923,KATL,76,0.0,45.0,572,59,upcoming,upcoming,False,4,13,55,8,afternoon,False,4.065566666666666,MER,77,0.987012987012987,1,0.0,3.0491749999999995,0.0
12923,MER,77,0.0,45.0,582,49,upcoming,upcoming,False,4,13,55,8,afternoon,False,4.065566666666666,SNKB,78,0.9871794871794872,1,0.0,3.0491749999999995,0.0
12923,SNKB,78,0.0,45.0,589,42,upcoming,upcoming,False,4,13,55,8,afternoon,False,4.065566666666666,KOHL,79,0.9873417721518988,1,0.0,3.0491749999999995,0.0
12923,KOHL,79,0.0,45.0,596,35,upcoming,upcoming,False,4,13,55,8,afternoon,False,4.065566666666666,KSWR,80,0.9875,1,0.0,3.0491749999999995,0.0
12923,KSWR,80,0.0,45.0,607,24,upcoming,upcoming,False,4,13,55,8,afternoon,False,4.065566666666666,BWRA,81,0.9876543209876543,1,0.0,3.0491749999999995,0.0
12923,BWRA,81,0.0,45.0,618,13,upcoming,upcoming,False,4,13,55,8,afternoon,False,4.065566666666666,GNQ,82,0.9878048780487805,1,0.0,3.0491749999999995,0.0
12923,GNQ,82,0.0,45.0,624,7,upcoming,upcoming,False,4,13,55,8,afternoon,False,4.065566666666666,NGP,83,0.9879518072289156,1,0.0,3.0491749999999995,0.0
12923,DADN,1,0.0,50.4,0,631,at-station,at-station,True,4,13,59,8,afternoon,False,42.02005,INDB,7,0.14285714285714285,6,0.0,35.296842,0.0
12923,HKH,2,0.0,50.4,3,628,upcoming,upcoming,False,4,13,59,8,afternoon,False,42.02005,INDB,7,0.2857142857142857,5,0.0,35.296842,0.0
12923,RAU,3,0.0,50.4,10,621,upcoming,upcoming,False,4,13,59,8,afternoon,False,42.02005,INDB,7,0.42857142857142855,4,0.0,35.296842,0.0
12923,RJQ,4,0.0,50.4,14,617,upcoming,upcoming,False,4,13,59,8,afternoon,False,42.02005,INDB,7,0.5714285714285714,3,0.0,35.296842,0.0
12923,LKMN,5,0.0,50.4,17,614,upcoming,upcoming,False,4,13,59,8,afternoon,False,42.02005,INDB,7,0.7142857142857143,2,0.0,35.296842,0.0
12923,SFNR,6,0.0,50.4,19,612,upcoming,upcoming,False,4,13,59,8,afternoon,False,42.02005,INDB,7,0.8571428571428571,1,0.0,35.296842,0.0
12923,INDB,7,0.0,84.0,21,610,upcoming,upcoming,True,4,13,59,8,afternoon,False,42.02005,DWX,12,0.5833333333333334,5,0.0,58.82807,0.0
12923,LMNR,8,0.0,84.0,24,607,upcoming,upcoming,False,4,13,59,8,afternoon,False,42.02005,DWX,12,0.6666666666666666,4,0.0,58.82807,0.0
12923,MGG,9,0.0,84.0,35,596,upcoming,upcoming,False,4,13,59,8,afternoon,False,42.02005,DWX,12,0.75,3,0.0,58.82807,0.0
12923,BLAX,10,0.0,84.0,46,585,upcoming,upcoming,False,4,13,59,8,afternoon,False,42.02005,DWX,12,0.8333333333333334,2,0.0,58.82807,0.0
12923,BNJN,11,0.0,84.0,57,574,upcoming,upcoming,False,4,13,59,8,afternoon,False,42.02005,DWX,12,0.9166666666666666,1,0.0,58.82807,0.0
12923,DWX,12,0.0,45.0,63,568,upcoming,upcoming,True,4,13,59,8,afternoon,False,42.02005,MKC,17,0.7058823529411765,5,0.0,31.5150375,0.0
12923,AJKI,13,0.0,45.0,70,561,upcoming,upcoming,False,4,13,59,8,afternoon,False,42.02005,MKC,17,0.7647058823529411,4,0.0,31.5150375,0.0
12923,SKBN,14,0.0,45.0,76,555,upcoming,upcoming,False,4,13,59,8,afternoon,False,42.02005,MKC,17,0.8235294117647058,3,0.0,31.5150375,0.0
12923,RCJ,15,0.0,45.0,84,547,upcoming,upcoming,False,4,13,59,8,afternoon,False,42.02005,MKC,17,0.8823529411764706,2,0.0,31.5150375,0.0
12923,DON,16,0.0,45.0,92,539,upcoming,upcoming,False,4,13,59,8,afternoon,False,42.02005,MKC,17,0.9411764705882353,1,0.0,31.5150375,0.0
12923,MKC,17,0.0,71.5,99,532,upcoming,upcoming,True,4,13,59,8,afternoon,False,42.02005,SJP,25,0.68,8,0.0,50.073892916666665,0.0
12923,PUO,18,0.0,71.5,106,525,upcoming,upcoming,False,4,13,59,8,afternoon,False,42.02005,SJP,25,0.72,7,0.0,50.073892916666665,0.0
12923,BCH,19,0.0,71.5,118,513,upcoming,upcoming,False,4,13,59,8,afternoon,False,42.02005,SJP,25,0.76,6,0.0,50.073892916666665,0.0
12923,KONY,20,0.0,71.5,123,508,upcoming,upcoming,False,4,13,59,8,afternoon,False,42.02005,SJP,25,0.8,5,0.0,50.073892916666665,0.0
12923,KSH,21,0.0,71.5,130,501,upcoming,upcoming,False,4,13,59,8,afternoon,False,42.02005,SJP,25,0.84,4,0.0,50.073892916666665,0.0
12923,BLX,22,0.0,71.5,136,495,upcoming,upcoming,False,4,13,59,8,afternoon,False,42.02005,SJP,25,0.88,3,0.0,50.073892916666665,0.0
12923,AKD,23,0.0,71.5,148,483,upcoming,upcoming,False,4,13,59,8,afternoon,False,42.02005,SJP,25,0.92,2,0.0,50.073892916666665,0.0
12923,MQE,24,0.0,71.5,155,476,upcoming,upcoming,False,4,13,59,8,afternoon,False,42.02005,SJP,25,0.96,1,0.0,50.073892916666665,0.0
12923,SJP,25,0.0,49.0,161,470,upcoming,upcoming,True,4,13,59,8,afternoon,False,42.02005,RKMP,37,0.6756756756756757,12,0.0,34.31637416666667,0.0
12923,CKOD,26,0.0,49.0,167,464,upcoming,upcoming,False,4,13,59,8,afternoon,False,42.02005,RKMP,37,0.7027027027027027,11,0.0,34.31637416666667,0.0
12923,KPP,27,0.0,49.0,174,457,upcoming,upcoming,False,4,13,59,8,afternoon,False,42.02005,RKMP,37,0.7297297297297297,10,0.0,34.31637416666667,0.0
12923,JBX,28,0.0,49.0,181,450,upcoming,upcoming,False,4,13,59,8,afternoon,False,42.02005,RKMP,37,0.7567567567567568,9,0.0,34.31637416666667,0.0
12923,PRB,29,0.0,49.0,189,442,upcoming,upcoming,False,4,13,59,8,afternoon,False,42.02005,RKMP,37,0.7837837837837838,8,0.0,34.31637416666667,0.0
12923,BKTL,30,0.0,49.0,194,437,upcoming,upcoming,False,4,13,59,8,afternoon,False,42.02005,RKMP,37,0.8108108108108109,7,0.0,34.31637416666667,0.0
12923,SEH,31,0.0,49.0,202,429,upcoming,upcoming,False,4,13,59,8,afternoon,False,42.02005,RKMP,37,0.8378378378378378,6,0.0,34.31637416666667,0.0
12923,PNWN,32,0.0,49.0,208,423,upcoming,upcoming,False,4,13,59,8,afternoon,False,42.02005,RKMP,37,0.8648648648648649,5,0.0,34.31637416666667,0.0
12923,PUD,33,0.0,49.0,215,416,upcoming,upcoming,False,4,13,59,8,afternoon,False,42.02005,RKMP,37,0.8918918918918919,4,0.0,34.31637416666667,0.0
12923,BQE,34,0.0,49.0,223,408,upcoming,upcoming,False,4,13,59,8,afternoon,False,42.02005,RKMP,37,0.918918918918919,3,0.0,34.31637416666667,0.0
12923,SHRN,35,0.0,49.0,231,400,upcoming,upcoming,False,4,13,59,8,afternoon,False,42.02005,RKMP,37,0.9459459459459459,2,0.0,34.31637416666667,0.0
12923,BPL,36,0.0,49.0,244,387,upcoming,upcoming,False,4,13,59,8,afternoon,False,42.02005,RKMP,37,0.972972972972973,1,0.0,34.31637416666667,0.0
12923,RKMP,37,0.0,54.3,250,381,upcoming,upcoming,True,4,13,59,8,afternoon,False,42.02005,ET,47,0.7872340425531915,10,0.0,38.028145249999994,0.0
12923,MSO,38,0.0,54.3,256,375,upcoming,upcoming,False,4,13,59,8,afternoon,False,42.02005,ET,47,0.8085106382978723,9,0.0,38.028145249999994,0.0
12923,MDDP,39,0.0,54.3,266,365,upcoming,upcoming,False,4,13,59,8,afternoon,False,42.02005,ET,47,0.8297872340425532,8,0.0,38.028145249999994,0.0
12923,ODG,40,0.0,54.3,280,351,upcoming,upcoming,False,4,13,59,8,afternoon,False,42.02005,ET,47,0.851063829787234,7,0.0,38.028145249999994,0.0
12923,BKA,41,0.0,54.3,291,340,upcoming,upcoming,False,4,13,59,8,afternoon,False,42.02005,ET,47,0.8723404255319149,6,0.0,38.028145249999994,0.0
12923,CHQ,42,0.0,54.3,298,333,upcoming,upcoming,False,4,13,59,8,afternoon,False,42.02005,ET,47,0.8936170212765957,5,0.0,38.028145249999994,0.0
12923,MIG,43,0.0,54.3,304,327,upcoming,upcoming,False,4,13,59,8,afternoon,False,42.02005,ET,47,0.9148936170212766,4,0.0,38.028145249999994,0.0
12923,BNI,44,0.0,54.3,311,320,upcoming,upcoming,False,4,13,59,8,afternoon,False,42.02005,ET,47,0.9361702127659575,3,0.0,38.028145249999994,0.0
12923,NDPM,45,0.0,54.3,318,313,upcoming,upcoming,False,4,13,59,8,afternoon,False,42.02005,ET,47,0.9574468085106383,2,0.0,38.028145249999994,0.0
12923,PRKD,46,0.0,54.3,327,304,upcoming,upcoming,False,4,13,59,8,afternoon,False,42.02005,ET,47,0.9787234042553191,1,0.0,38.028145249999994,0.0
12923,ET,47,0.0,64.9,336,295,upcoming,upcoming,True,4,13,59,8,afternoon,False,42.02005,BZU,61,0.7704918032786885,14,0.0,45.45168741666667,0.0
12923,JUH,48,0.0,64.9,338,293,upcoming,upcoming,False,4,13,59,8,afternoon,False,42.02005,BZU,61,0.7868852459016393,13,0.0,45.45168741666667,0.0
12923,KRTH,49,0.0,64.9,346,285,upcoming,upcoming,False,4,13,59,8,afternoon,False,42.02005,BZU,61,0.8032786885245902,12,0.0,45.45168741666667,0.0
12923,KSLA,50,0.0,64.9,352,279,upcoming,upcoming,False,4,13,59,8,afternoon,False,42.02005,BZU,61,0.819672131147541,11,0.0,45.45168741666667,0.0
12923,TAKU,51,0.0,64.9,358,273,upcoming,upcoming,False,4,13,59,8,afternoon,False,42.02005,BZU,61,0.8360655737704918,10,0.0,45.45168741666667,0.0
12923,SAHL,52,0.0,64.9,362,269,upcoming,upcoming,False,4,13,59,8,afternoon,False,42.02005,BZU,61,0.8524590163934426,9,0.0,45.45168741666667,0.0
12923,KQE,53,0.0,64.9,368,263,upcoming,upcoming,False,4,13,59,8,afternoon,False,42.02005,BZU,61,0.8688524590163934,8,0.0,45.45168741666667,0.0
12923,POX,54,0.0,64.9,375,256,upcoming,upcoming,False,4,13,59,8,afternoon,False,42.02005,BZU,61,0.8852459016393442,7,0.0,45.45168741666667,0.0
12923,DOH,55,0.0,64.9,383,248,upcoming,upcoming,False,4,13,59,8,afternoon,False,42.02005,BZU,61,0.9016393442622951,6,0.0,45.45168741666667,0.0
12923,MGRD,56,0.0,64.9,388,243,upcoming,upcoming,False,4,13,59,8,afternoon,False,42.02005,BZU,61,0.9180327868852459,5,0.0,45.45168741666667,0.0
12923,BBTR,57,0.0,64.9,394,237,upcoming,upcoming,False,4,13,59,8,afternoon,False,42.02005,BZU,61,0.9344262295081968,4,0.0,45.45168741666667,0.0
12923,GDYA,58,0.0,64.9,406,225,upcoming,upcoming,False,4,13,59,8,afternoon,False,42.02005,BZU,61,0.9508196721311475,3,0.0,45.45168741666667,0.0
12923,DHQ,59,0.0,64.9,421,210,upcoming,upcoming,False,4,13,59,8,afternoon,False,42.02005,BZU,61,0.9672131147540983,2,0.0,45.45168741666667,0.0
12923,MJY,60,0.0,64.9,434,197,upcoming,upcoming,False,4,13,59,8,afternoon,False,42.02005,BZU,61,0.9836065573770492,1,0.0,45.45168741666667,0.0
12923,BZU,61,0.0,76.7,442,189,upcoming,upcoming,True,4,13,59,8,afternoon,False,42.02005,AMLA,64,0.953125,3,0.0,53.71563058333333,0.0
12923,MALK,62,0.0,76.7,449,182,upcoming,upcoming,False,4,13,59,8,afternoon,False,42.02005,AMLA,64,0.96875,2,0.0,53.71563058333333,0.0
12923,BYS,63,0.0,76.7,455,176,upcoming,upcoming,False,4,13,59,8,afternoon,False,42.02005,AMLA,64,0.984375,1,0.0,53.71563058333333,0.0
12923,AMLA,64,0.0,92.0,465,166,upcoming,upcoming,True,4,13,59,8,afternoon,False,42.02005,MTY,66,0.9696969696969697,2,0.0,64.43074333333333,0.0
12923,JKR,65,0.0,92.0,477,154,upcoming,upcoming,False,4,13,59,8,afternoon,False,42.02005,MTY,66,0.9848484848484849,1,0.0,64.43074333333333,0.0
12923,MTY,66,0.0,70.3,488,143,upcoming,upcoming,True,4,13,59,8,afternoon,False,42.02005,PAR,71,0.9295774647887324,5,0.0,49.233491916666665,0.0
12923,HTN,67,0.0,70.3,497,134,upcoming,upcoming,False,4,13,59,8,afternoon,False,42.02005,PAR,71,0.9436619718309859,4,0.0,49.233491916666665,0.0
12923,CCD,68,0.0,70.3,503,128,upcoming,upcoming,False,4,13,59,8,afternoon,False,42.02005,PAR,71,0.9577464788732394,3,0.0,49.233491916666665,0.0
12923,GDKP,69,0.0,70.3,512,119,upcoming,upcoming,False,4,13,59,8,afternoon,False,42.02005,PAR,71,0.971830985915493,2,0.0,49.233491916666665,0.0
12923,TEO,70,0.0,70.3,520,111,upcoming,upcoming,False,4,13,59,8,afternoon,False,42.02005,PAR,71,0.9859154929577465,1,0.0,49.233491916666665,0.0
12923,PAR,71,0.0,72.0,529,102,upcoming,upcoming,True,4,13,59,8,afternoon,False,42.02005,NRKR,73,0.9726027397260274,2,0.0,50.42405999999999,0.0
12923,DDMT,72,0.0,72.0,537,94,upcoming,upcoming,False,4,13,59,8,afternoon,False,42.02005,NRKR,73,0.9863013698630136,1,0.0,50.42405999999999,0.0
12923,NRKR,73,0.0,45.0,547,84,upcoming,upcoming,True,4,13,59,8,afternoon,False,42.02005,NGP,83,0.8795180722891566,10,0.0,31.5150375,0.0
12923,TNH,74,0.0,45.0,554,77,upcoming,upcoming,False,4,13,59,8,afternoon,False,42.02005,NGP,83,0.891566265060241,9,0.0,31.5150375,0.0
12923,KLBA,75,0.0,45.0,562,69,upcoming,upcoming,False,4,13,59,8,afternoon,False,42.02005,NGP,83,0.9036144578313253,8,0.0,31.5150375,0.0
12923,KATL,76,0.0,45.0,572,59,upcoming,upcoming,False,4,13,59,8,afternoon,False,42.02005,NGP,83,0.9156626506024096,7,0.0,31.5150375,0.0
12923,MER,77,0.0,45.0,582,49,upcoming,upcoming,False,4,13,59,8,afternoon,False,42.02005,NGP,83,0.927710843373494,6,0.0,31.5150375,0.0
12923,SNKB,78,0.0,45.0,589,42,upcoming,upcoming,False,4,13,59,8,afternoon,False,42.02005,NGP,83,0.9397590361445783,5,0.0,31.5150375,0.0
12923,KOHL,79,0.0,45.0,596,35,upcoming,upcoming,False,4,13,59,8,afternoon,False,42.02005,NGP,83,0.9518072289156626,4,0.0,31.5150375,0.0
12923,KSWR,80,0.0,45.0,607,24,upcoming,upcoming,False,4,13,59,8,afternoon,False,42.02005,NGP,83,0.963855421686747,3,0.0,31.5150375,0.0
12923,BWRA,81,0.0,45.0,618,13,upcoming,upcoming,False,4,13,59,8,afternoon,False,42.02005,NGP,83,0.9759036144578314,2,0.0,31.5150375,0.0
12923,GNQ,82,0.0,45.0,624,7,upcoming,upcoming,False,4,13,59,8,afternoon,False,42.02005,NGP,83,0.9879518072289156,1,0.0,31.5150375,0.0
12924,NGP,1,0.0,80.5,0,631,at-station,at-station,True,4,13,55,8,afternoon,False,4.0656,GNQ,2,0.5,1,0.0,5.45468,0.0
12924,GNQ,2,0.0,80.5,7,624,upcoming,upcoming,False,4,13,55,8,afternoon,False,4.0656,BWRA,3,0.6666666666666666,1,0.0,5.45468,0.0
12924,BWRA,3,0.0,80.5,13,618,upcoming,upcoming,False,4,13,55,8,afternoon,False,4.0656,KSWR,4,0.75,1,0.0,5.45468,0.0
12924,KSWR,4,0.0,80.5,24,607,upcoming,upcoming,False,4,13,55,8,afternoon,False,4.0656,KOHL,5,0.8,1,0.0,5.45468,0.0
12924,KOHL,5,0.0,80.5,35,596,upcoming,upcoming,False,4,13,55,8,afternoon,False,4.0656,SNKB,6,0.8333333333333334,1,0.0,5.45468,0.0
12924,SNKB,6,0.0,80.5,42,589,upcoming,upcoming,False,4,13,55,8,afternoon,False,4.0656,MER,7,0.8571428571428571,1,0.0,5.45468,0.0
12924,MER,7,0.0,80.5,49,582,upcoming,upcoming,False,4,13,55,8,afternoon,False,4.0656,KATL,8,0.875,1,0.0,5.45468,0.0
12924,KATL,8,0.0,88.2,59,572,upcoming,upcoming,True,4,13,55,8,afternoon,False,4.0656,KLBA,9,0.8888888888888888,1,0.0,5.976432,0.0
12924,KLBA,9,0.0,88.2,69,562,upcoming,upcoming,False,4,13,55,8,afternoon,False,4.0656,TNH,10,0.9,1,0.0,5.976432,0.0
12924,TNH,10,0.0,88.2,77,554,upcoming,upcoming,False,4,13,55,8,afternoon,False,4.0656,NRKR,11,0.9090909090909091,1,0.0,5.976432,0.0
12924,NRKR,11,0.0,98.2,84,547,upcoming,upcoming,True,4,13,55,8,afternoon,False,4.0656,DDMT,12,0.9166666666666666,1,0.0,6.654032,0.0
12924,DDMT,12,0.0,98.2,94,537,upcoming,upcoming,False,4,13,55,8,afternoon,False,4.0656,PAR,13,0.9230769230769231,1,0.0,6.654032,0.0
12924,PAR,13,0.0,55.9,102,529,upcoming,upcoming,True,4,13,55,8,afternoon,False,4.0656,TEO,14,0.9285714285714286,1,0.0,3.787784,0.0
12924,TEO,14,0.0,55.9,111,520,upcoming,upcoming,False,4,13,55,8,afternoon,False,4.0656,GDKP,15,0.9333333333333333,1,0.0,3.787784,0.0
12924,GDKP,15,0.0,55.9,119,512,upcoming,upcoming,False,4,13,55,8,afternoon,False,4.0656,CCD,16,0.9375,1,0.0,3.787784,0.0
12924,CCD,16,0.0,55.9,128,503,upcoming,upcoming,False,4,13,55,8,afternoon,False,4.0656,HTN,17,0.9411764705882353,1,0.0,3.787784,0.0
12924,HTN,17,0.0,55.9,134,497,upcoming,upcoming,False,4,13,55,8,afternoon,False,4.0656,MTY,18,0.9444444444444444,1,0.0,3.787784,0.0
12924,MTY,18,0.0,98.6,143,488,upcoming,upcoming,True,4,13,55,8,afternoon,False,4.0656,JKR,19,0.9473684210526315,1,0.0,6.6811359999999995,0.0
12924,JKR,19,0.0,98.6,154,477,upcoming,upcoming,False,4,13,55,8,afternoon,False,4.0656,AMLA,20,0.95,1,0.0,6.6811359999999995,0.0
12924,AMLA,20,0.0,86.3,166,465,upcoming,upcoming,True,4,13,55,8,afternoon,False,4.0656,BYS,21,0.9523809523809523,1,0.0,5.847688,0.0
12924,BYS,21,0.0,86.3,176,455,upcoming,upcoming,False,4,13,55,8,afternoon,False,4.0656,MALK,22,0.9545454545454546,1,0.0,5.847688,0.0
12924,MALK,22,0.0,86.3,182,449,upcoming,upcoming,False,4,13,55,8,afternoon,False,4.0656,BZU,23,0.9565217391304348,1,0.0,5.847688,0.0
12924,BZU,23,0.0,43.3,189,442,upcoming,upcoming,True,4,13,55,8,afternoon,False,4.0656,MJY,24,0.9583333333333334,1,0.0,2.9340079999999995,0.0
12924,MJY,24,0.0,43.3,197,434,upcoming,upcoming,False,4,13,55,8,afternoon,False,4.0656,DHQ,25,0.96,1,0.0,2.9340079999999995,0.0
12924,DHQ,25,0.0,43.3,210,421,upcoming,upcoming,False,4,13,55,8,afternoon,False,4.0656,GDYA,26,0.9615384615384616,1,0.0,2.9340079999999995,0.0
12924,GDYA,26,0.0,43.3,225,406,upcoming,upcoming,False,4,13,55,8,afternoon,False,4.0656,BBTR,27,0.9629629629629629,1,0.0,2.9340079999999995,0.0
12924,BBTR,27,0.0,43.3,237,394,upcoming,upcoming,False,4,13,55,8,afternoon,False,4.0656,MGRD,28,0.9642857142857143,1,0.0,2.9340079999999995,0.0
12924,MGRD,28,0.0,43.3,243,388,upcoming,upcoming,False,4,13,55,8,afternoon,False,4.0656,DOH,29,0.9655172413793104,1,0.0,2.9340079999999995,0.0
12924,DOH,29,0.0,43.3,248,383,upcoming,upcoming,False,4,13,55,8,afternoon,False,4.0656,POX,30,0.9666666666666667,1,0.0,2.9340079999999995,0.0
12924,POX,30,0.0,43.3,256,375,upcoming,upcoming,False,4,13,55,8,afternoon,False,4.0656,KQE,31,0.967741935483871,1,0.0,2.9340079999999995,0.0
12924,KQE,31,0.0,43.3,262,369,upcoming,upcoming,False,4,13,55,8,afternoon,False,4.0656,SAHL,32,0.96875,1,0.0,2.9340079999999995,0.0
12924,SAHL,32,0.0,43.3,269,362,upcoming,upcoming,False,4,13,55,8,afternoon,False,4.0656,TAKU,33,0.9696969696969697,1,0.0,2.9340079999999995,0.0
12924,TAKU,33,0.0,43.3,273,358,upcoming,upcoming,False,4,13,55,8,afternoon,False,4.0656,KSLA,34,0.9705882352941176,1,0.0,2.9340079999999995,0.0
12924,KSLA,34,0.0,43.3,279,352,upcoming,upcoming,False,4,13,55,8,afternoon,False,4.0656,KRTH,35,0.9714285714285714,1,0.0,2.9340079999999995,0.0
12924,KRTH,35,0.0,43.3,285,346,upcoming,upcoming,False,4,13,55,8,afternoon,False,4.0656,JUH,36,0.9722222222222222,1,0.0,2.9340079999999995,0.0
12924,JUH,36,0.0,43.3,293,338,upcoming,upcoming,False,4,13,55,8,afternoon,False,4.0656,ET,37,0.972972972972973,1,0.0,2.9340079999999995,0.0
12924,ET,37,0.0,65.3,295,336,upcoming,upcoming,True,4,13,55,8,afternoon,False,4.0656,PRKD,38,0.9736842105263158,1,0.0,4.424728,0.0
12924,PRKD,38,0.0,65.3,304,327,upcoming,upcoming,False,4,13,55,8,afternoon,False,4.0656,NDPM,39,0.9743589743589743,1,0.0,4.424728,0.0
12924,NDPM,39,0.0,65.3,313,318,upcoming,upcoming,False,4,13,55,8,afternoon,False,4.0656,BNI,40,0.975,1,0.0,4.424728,0.0
12924,BNI,40,0.0,65.3,320,311,upcoming,upcoming,False,4,13,55,8,afternoon,False,4.0656,MIG,41,0.975609756097561,1,0.0,4.424728,0.0
12924,MIG,41,0.0,65.3,327,304,upcoming,upcoming,False,4,13,55,8,afternoon,False,4.0656,CHQ,42,0.9761904761904762,1,0.0,4.424728,0.0
12924,CHQ,42,0.0,65.3,333,298,upcoming,upcoming,False,4,13,55,8,afternoon,False,4.0656,BKA,43,0.9767441860465116,1,0.0,4.424728,0.0
12924,BKA,43,0.0,65.3,340,291,upcoming,upcoming,False,4,13,55,8,afternoon,False,4.0656,ODG,44,0.9772727272727273,1,0.0,4.424728,0.0
12924,ODG,44,0.0,65.3,351,280,upcoming,upcoming,False,4,13,55,8,afternoon,False,4.0656,MDDP,45,0.9777777777777777,1,0.0,4.424728,0.0
12924,MDDP,45,0.0,65.3,365,266,upcoming,upcoming,False,4,13,55,8,afternoon,False,4.0656,MSO,46,0.9782608695652174,1,0.0,4.424728,0.0
12924,MSO,46,0.0,65.3,375,256,upcoming,upcoming,False,4,13,55,8,afternoon,False,4.0656,RKMP,47,0.9787234042553191,1,0.0,4.424728,0.0
12924,RKMP,47,0.0,63.6,381,250,upcoming,upcoming,True,4,13,55,8,afternoon,False,4.0656,BPL,48,0.9791666666666666,1,0.0,4.309536,0.0
12924,BPL,48,0.0,63.6,387,244,upcoming,upcoming,False,4,13,55,8,afternoon,False,4.0656,SHRN,49,0.9795918367346939,1,0.0,4.309536,0.0
12924,SHRN,49,0.0,63.6,400,231,upcoming,upcoming,False,4,13,55,8,afternoon,False,4.0656,BQE,50,0.98,1,0.0,4.309536,0.0
12924,BQE,50,0.0,63.6,408,223,upcoming,upcoming,False,4,13,55,8,afternoon,False,4.0656,PUD,51,0.9803921568627451,1,0.0,4.309536,0.0
12924,PUD,51,0.0,63.6,416,215,upcoming,upcoming,False,4,13,55,8,afternoon,False,4.0656,PNWN,52,0.9807692307692307,1,0.0,4.309536,0.0
12924,PNWN,52,0.0,63.6,423,208,upcoming,upcoming,False,4,13,55,8,afternoon,False,4.0656,SEH,53,0.9811320754716981,1,0.0,4.309536,0.0
12924,SEH,53,0.0,63.6,428,203,upcoming,upcoming,False,4,13,55,8,afternoon,False,4.0656,BKTL,54,0.9814814814814815,1,0.0,4.309536,0.0
12924,BKTL,54,0.0,63.6,437,194,upcoming,upcoming,False,4,13,55,8,afternoon,False,4.0656,PRB,55,0.9818181818181818,1,0.0,4.309536,0.0
12924,PRB,55,0.0,63.6,442,189,upcoming,upcoming,False,4,13,55,8,afternoon,False,4.0656,JBX,56,0.9821428571428571,1,0.0,4.309536,0.0
12924,JBX,56,0.0,63.6,450,181,upcoming,upcoming,False,4,13,55,8,afternoon,False,4.0656,KPP,57,0.9824561403508771,1,0.0,4.309536,0.0
12924,KPP,57,0.0,63.6,457,174,upcoming,upcoming,False,4,13,55,8,afternoon,False,4.0656,CKOD,58,0.9827586206896551,1,0.0,4.309536,0.0
12924,CKOD,58,0.0,63.6,463,168,upcoming,upcoming,False,4,13,55,8,afternoon,False,4.0656,SJP,59,0.9830508474576272,1,0.0,4.309536,0.0
12924,SJP,59,0.0,75.9,470,161,upcoming,upcoming,True,4,13,55,8,afternoon,False,4.0656,MQE,60,0.9833333333333333,1,0.0,5.142984,0.0
12924,MQE,60,0.0,75.9,476,155,upcoming,upcoming,False,4,13,55,8,afternoon,False,4.0656,AKD,61,0.9836065573770492,1,0.0,5.142984,0.0
12924,AKD,61,0.0,75.9,483,148,upcoming,upcoming,False,4,13,55,8,afternoon,False,4.0656,BLX,62,0.9838709677419355,1,0.0,5.142984,0.0
12924,BLX,62,0.0,75.9,495,136,upcoming,upcoming,False,4,13,55,8,afternoon,False,4.0656,KSH,63,0.9841269841269841,1,0.0,5.142984,0.0
12924,KSH,63,0.0,75.9,501,130,upcoming,upcoming,False,4,13,55,8,afternoon,False,4.0656,KONY,64,0.984375,1,0.0,5.142984,0.0
12924,KONY,64,0.0,75.9,508,123,upcoming,upcoming,False,4,13,55,8,afternoon,False,4.0656,BCH,65,0.9846153846153847,1,0.0,5.142984,0.0
12924,BCH,65,0.0,75.9,513,118,upcoming,upcoming,False,4,13,55,8,afternoon,False,4.0656,PUO,66,0.9848484848484849,1,0.0,5.142984,0.0
12924,PUO,66,0.0,75.9,525,106,upcoming,upcoming,False,4,13,55,8,afternoon,False,4.0656,MKC,67,0.9850746268656716,1,0.0,5.142984,0.0
12924,MKC,67,0.0,72.0,532,99,upcoming,upcoming,True,4,13,55,8,afternoon,False,4.0656,DON,68,0.9852941176470589,1,0.0,4.87872,0.0
12924,DON,68,0.0,72.0,539,92,upcoming,upcoming,False,4,13,55,8,afternoon,False,4.0656,RCJ,69,0.9855072463768116,1,0.0,4.87872,0.0
12924,RCJ,69,0.0,72.0,547,84,upcoming,upcoming,False,4,13,55,8,afternoon,False,4.0656,SKBN,70,0.9857142857142858,1,0.0,4.87872,0.0
12924,SKBN,70,0.0,72.0,555,76,upcoming,upcoming,False,4,13,55,8,afternoon,False,4.0656,AJKI,71,0.9859154929577465,1,0.0,4.87872,0.0
12924,AJKI,71,0.0,72.0,561,70,upcoming,upcoming,False,4,13,55,8,afternoon,False,4.0656,DWX,72,0.9861111111111112,1,0.0,4.87872,0.0
12924,DWX,72,0.0,54.8,568,63,upcoming,upcoming,True,4,13,55,8,afternoon,False,4.0656,BNJN,73,0.9863013698630136,1,0.0,3.7132479999999997,0.0
12924,BNJN,73,0.0,54.8,574,57,upcoming,upcoming,False,4,13,55,8,afternoon,False,4.0656,BLAX,74,0.9864864864864865,1,0.0,3.7132479999999997,0.0
12924,BLAX,74,0.0,54.8,585,46,upcoming,upcoming,False,4,13,55,8,afternoon,False,4.0656,MGG,75,0.9866666666666667,1,0.0,3.7132479999999997,0.0
12924,MGG,75,0.0,54.8,595,36,upcoming,upcoming,False,4,13,55,8,afternoon,False,4.0656,LMNR,76,0.9868421052631579,1,0.0,3.7132479999999997,0.0
12924,LMNR,76,0.0,54.8,607,24,upcoming,upcoming,False,4,13,55,8,afternoon,False,4.0656,INDB,77,0.987012987012987,1,0.0,3.7132479999999997,0.0
12924,INDB,77,0.0,36.0,610,21,upcoming,upcoming,True,4,13,55,8,afternoon,False,4.0656,SFNR,78,0.9871794871794872,1,0.0,2.43936,0.0
12924,SFNR,78,0.0,36.0,612,19,upcoming,upcoming,False,4,13,55,8,afternoon,False,4.0656,LKMN,79,0.9873417721518988,1,0.0,2.43936,0.0
12924,LKMN,79,0.0,36.0,614,17,upcoming,upcoming,False,4,13,55,8,afternoon,False,4.0656,RJQ,80,0.9875,1,0.0,2.43936,0.0
12924,RJQ,80,0.0,36.0,617,14,upcoming,upcoming,False,4,13,55,8,afternoon,False,4.0656,RAU,81,0.9876543209876543,1,0.0,2.43936,0.0
12924,RAU,81,0.0,36.0,621,10,upcoming,upcoming,False,4,13,55,8,afternoon,False,4.0656,HKH,82,0.9878048780487805,1,0.0,2.43936,0.0
12924,HKH,82,0.0,36.0,627,4,upcoming,upcoming,False,4,13,55,8,afternoon,False,4.0656,DADN,83,0.9879518072289156,1,0.0,2.43936,0.0
12924,NGP,1,0.0,80.5,0,631,at-station,at-station,True,4,13,59,8,afternoon,False,42.03156666666666,KATL,8,0.125,7,0.0,56.392351944444435,0.0
12924,GNQ,2,0.0,80.5,7,624,upcoming,upcoming,False,4,13,59,8,afternoon,False,42.03156666666666,KATL,8,0.25,6,0.0,56.392351944444435,0.0
12924,BWRA,3,0.0,80.5,13,618,upcoming,upcoming,False,4,13,59,8,afternoon,False,42.03156666666666,KATL,8,0.375,5,0.0,56.392351944444435,0.0
12924,KSWR,4,0.0,80.5,24,607,upcoming,upcoming,False,4,13,59,8,afternoon,False,42.03156666666666,KATL,8,0.5,4,0.0,56.392351944444435,0.0
12924,KOHL,5,0.0,80.5,35,596,upcoming,upcoming,False,4,13,59,8,afternoon,False,42.03156666666666,KATL,8,0.625,3,0.0,56.392351944444435,0.0
12924,SNKB,6,0.0,80.5,42,589,upcoming,upcoming,False,4,13,59,8,afternoon,False,42.03156666666666,KATL,8,0.75,2,0.0,56.392351944444435,0.0
12924,MER,7,0.0,80.5,49,582,upcoming,upcoming,False,4,13,59,8,afternoon,False,42.03156666666666,KATL,8,0.875,1,0.0,56.392351944444435,0.0
12924,KATL,8,0.0,88.2,59,572,upcoming,upcoming,True,4,13,59,8,afternoon,False,42.03156666666666,NRKR,11,0.7272727272727273,3,0.0,61.78640299999999,0.0
12924,KLBA,9,0.0,88.2,69,562,upcoming,upcoming,False,4,13,59,8,afternoon,False,42.03156666666666,NRKR,11,0.8181818181818182,2,0.0,61.78640299999999,0.0
12924,TNH,10,0.0,88.2,77,554,upcoming,upcoming,False,4,13,59,8,afternoon,False,42.03156666666666,NRKR,11,0.9090909090909091,1,0.0,61.78640299999999,0.0
12924,NRKR,11,0.0,98.2,84,547,upcoming,upcoming,True,4,13,59,8,afternoon,False,42.03156666666666,PAR,13,0.8461538461538461,2,0.0,68.7916641111111,0.0
12924,DDMT,12,0.0,98.2,94,537,upcoming,upcoming,False,4,13,59,8,afternoon,False,42.03156666666666,PAR,13,0.9230769230769231,1,0.0,68.7916641111111,0.0
12924,PAR,13,0.0,55.9,102,529,upcoming,upcoming,True,4,13,59,8,afternoon,False,42.03156666666666,MTY,18,0.7222222222222222,5,0.0,39.1594096111111,0.0
12924,TEO,14,0.0,55.9,111,520,upcoming,upcoming,False,4,13,59,8,afternoon,False,42.03156666666666,MTY,18,0.7777777777777778,4,0.0,39.1594096111111,0.0
12924,GDKP,15,0.0,55.9,119,512,upcoming,upcoming,False,4,13,59,8,afternoon,False,42.03156666666666,MTY,18,0.8333333333333334,3,0.0,39.1594096111111,0.0
12924,CCD,16,0.0,55.9,128,503,upcoming,upcoming,False,4,13,59,8,afternoon,False,42.03156666666666,MTY,18,0.8888888888888888,2,0.0,39.1594096111111,0.0
12924,HTN,17,0.0,55.9,134,497,upcoming,upcoming,False,4,13,59,8,afternoon,False,42.03156666666666,MTY,18,0.9444444444444444,1,0.0,39.1594096111111,0.0
12924,MTY,18,0.0,98.6,143,488,upcoming,upcoming,True,4,13,59,8,afternoon,False,42.03156666666666,AMLA,20,0.9,2,0.0,69.07187455555554,0.0
12924,JKR,19,0.0,98.6,154,477,upcoming,upcoming,False,4,13,59,8,afternoon,False,42.03156666666666,AMLA,20,0.95,1,0.0,69.07187455555554,0.0
12924,AMLA,20,0.0,86.3,166,465,upcoming,upcoming,True,4,13,59,8,afternoon,False,42.03156666666666,BZU,23,0.8695652173913043,3,0.0,60.45540338888888,0.0
12924,BYS,21,0.0,86.3,176,455,upcoming,upcoming,False,4,13,59,8,afternoon,False,42.03156666666666,BZU,23,0.9130434782608695,2,0.0,60.45540338888888,0.0
12924,MALK,22,0.0,86.3,182,449,upcoming,upcoming,False,4,13,59,8,afternoon,False,42.03156666666666,BZU,23,0.9565217391304348,1,0.0,60.45540338888888,0.0
12924,BZU,23,0.0,43.3,189,442,upcoming,upcoming,True,4,13,59,8,afternoon,False,42.03156666666666,ET,37,0.6216216216216216,14,0.0,30.332780611111108,0.0
12924,MJY,24,0.0,43.3,197,434,upcoming,upcoming,False,4,13,59,8,afternoon,False,42.03156666666666,ET,37,0.6486486486486487,13,0.0,30.332780611111108,0.0
12924,DHQ,25,0.0,43.3,210,421,upcoming,upcoming,False,4,13,59,8,afternoon,False,42.03156666666666,ET,37,0.6756756756756757,12,0.0,30.332780611111108,0.0
12924,GDYA,26,0.0,43.3,225,406,upcoming,upcoming,False,4,13,59,8,afternoon,False,42.03156666666666,ET,37,0.7027027027027027,11,0.0,30.332780611111108,0.0
12924,BBTR,27,0.0,43.3,237,394,upcoming,upcoming,False,4,13,59,8,afternoon,False,42.03156666666666,ET,37,0.7297297297297297,10,0.0,30.332780611111108,0.0
12924,MGRD,28,0.0,43.3,243,388,upcoming,upcoming,False,4,13,59,8,afternoon,False,42.03156666666666,ET,37,0.7567567567567568,9,0.0,30.332780611111108,0.0
12924,DOH,29,0.0,43.3,248,383,upcoming,upcoming,False,4,13,59,8,afternoon,False,42.03156666666666,ET,37,0.7837837837837838,8,0.0,30.332780611111108,0.0
12924,POX,30,0.0,43.3,256,375,upcoming,upcoming,False,4,13,59,8,afternoon,False,42.03156666666666,ET,37,0.8108108108108109,7,0.0,30.332780611111108,0.0
12924,KQE,31,0.0,43.3,262,369,upcoming,upcoming,False,4,13,59,8,afternoon,False,42.03156666666666,ET,37,0.8378378378378378,6,0.0,30.332780611111108,0.0
12924,SAHL,32,0.0,43.3,269,362,upcoming,upcoming,False,4,13,59,8,afternoon,False,42.03156666666666,ET,37,0.8648648648648649,5,0.0,30.332780611111108,0.0
12924,TAKU,33,0.0,43.3,273,358,upcoming,upcoming,False,4,13,59,8,afternoon,False,42.03156666666666,ET,37,0.8918918918918919,4,0.0,30.332780611111108,0.0
12924,KSLA,34,0.0,43.3,279,352,upcoming,upcoming,False,4,13,59,8,afternoon,False,42.03156666666666,ET,37,0.918918918918919,3,0.0,30.332780611111108,0.0
12924,KRTH,35,0.0,43.3,285,346,upcoming,upcoming,False,4,13,59,8,afternoon,False,42.03156666666666,ET,37,0.9459459459459459,2,0.0,30.332780611111108,0.0
12924,JUH,36,0.0,43.3,293,338,upcoming,upcoming,False,4,13,59,8,afternoon,False,42.03156666666666,ET,37,0.972972972972973,1,0.0,30.332780611111108,0.0
12924,ET,37,0.0,65.3,295,336,upcoming,upcoming,True,4,13,59,8,afternoon,False,42.03156666666666,RKMP,47,0.7872340425531915,10,0.0,45.744355055555545,0.0
12924,PRKD,38,0.0,65.3,304,327,upcoming,upcoming,False,4,13,59,8,afternoon,False,42.03156666666666,RKMP,47,0.8085106382978723,9,0.0,45.744355055555545,0.0
12924,NDPM,39,0.0,65.3,313,318,upcoming,upcoming,False,4,13,59,8,afternoon,False,42.03156666666666,RKMP,47,0.8297872340425532,8,0.0,45.744355055555545,0.0
12924,BNI,40,0.0,65.3,320,311,upcoming,upcoming,False,4,13,59,8,afternoon,False,42.03156666666666,RKMP,47,0.851063829787234,7,0.0,45.744355055555545,0.0
12924,MIG,41,0.0,65.3,327,304,upcoming,upcoming,False,4,13,59,8,afternoon,False,42.03156666666666,RKMP,47,0.8723404255319149,6,0.0,45.744355055555545,0.0
12924,CHQ,42,0.0,65.3,333,298,upcoming,upcoming,False,4,13,59,8,afternoon,False,42.03156666666666,RKMP,47,0.8936170212765957,5,0.0,45.744355055555545,0.0
12924,BKA,43,0.0,65.3,340,291,upcoming,upcoming,False,4,13,59,8,afternoon,False,42.03156666666666,RKMP,47,0.9148936170212766,4,0.0,45.744355055555545,0.0
12924,ODG,44,0.0,65.3,351,280,upcoming,upcoming,False,4,13,59,8,afternoon,False,42.03156666666666,RKMP,47,0.9361702127659575,3,0.0,45.744355055555545,0.0
12924,MDDP,45,0.0,65.3,365,266,upcoming,upcoming,False,4,13,59,8,afternoon,False,42.03156666666666,RKMP,47,0.9574468085106383,2,0.0,45.744355055555545,0.0
12924,MSO,46,0.0,65.3,375,256,upcoming,upcoming,False,4,13,59,8,afternoon,False,42.03156666666666,RKMP,47,0.9787234042553191,1,0.0,45.744355055555545,0.0
12924,RKMP,47,0.0,63.6,381,250,upcoming,upcoming,True,4,13,59,8,afternoon,False,42.03156666666666,SJP,59,0.7966101694915254,12,0.0,44.55346066666666,0.0
12924,BPL,48,0.0,63.6,387,244,upcoming,upcoming,False,4,13,59,8,afternoon,False,42.03156666666666,SJP,59,0.8135593220338984,11,0.0,44.55346066666666,0.0
12924,SHRN,49,0.0,63.6,400,231,upcoming,upcoming,False,4,13,59,8,afternoon,False,42.03156666666666,SJP,59,0.8305084745762712,10,0.0,44.55346066666666,0.0
12924,BQE,50,0.0,63.6,408,223,upcoming,upcoming,False,4,13,59,8,afternoon,False,42.03156666666666,SJP,59,0.847457627118644,9,0.0,44.55346066666666,0.0
12924,PUD,51,0.0,63.6,416,215,upcoming,upcoming,False,4,13,59,8,afternoon,False,42.03156666666666,SJP,59,0.864406779661017,8,0.0,44.55346066666666,0.0
12924,PNWN,52,0.0,63.6,423,208,upcoming,upcoming,False,4,13,59,8,afternoon,False,42.03156666666666,SJP,59,0.8813559322033898,7,0.0,44.55346066666666,0.0
12924,SEH,53,0.0,63.6,428,203,upcoming,upcoming,False,4,13,59,8,afternoon,False,42.03156666666666,SJP,59,0.8983050847457628,6,0.0,44.55346066666666,0.0
12924,BKTL,54,0.0,63.6,437,194,upcoming,upcoming,False,4,13,59,8,afternoon,False,42.03156666666666,SJP,59,0.9152542372881356,5,0.0,44.55346066666666,0.0
12924,PRB,55,0.0,63.6,442,189,upcoming,upcoming,False,4,13,59,8,afternoon,False,42.03156666666666,SJP,59,0.9322033898305084,4,0.0,44.55346066666666,0.0
12924,JBX,56,0.0,63.6,450,181,upcoming,upcoming,False,4,13,59,8,afternoon,False,42.03156666666666,SJP,59,0.9491525423728814,3,0.0,44.55346066666666,0.0
12924,KPP,57,0.0,63.6,457,174,upcoming,upcoming,False,4,13,59,8,afternoon,False,42.03156666666666,SJP,59,0.9661016949152542,2,0.0,44.55346066666666,0.0
12924,CKOD,58,0.0,63.6,463,168,upcoming,upcoming,False,4,13,59,8,afternoon,False,42.03156666666666,SJP,59,0.9830508474576272,1,0.0,44.55346066666666,0.0
12924,SJP,59,0.0,75.9,470,161,upcoming,upcoming,True,4,13,59,8,afternoon,False,42.03156666666666,MKC,67,0.8805970149253731,8,0.0,53.16993183333333,0.0
12924,MQE,60,0.0,75.9,476,155,upcoming,upcoming,False,4,13,59,8,afternoon,False,42.03156666666666,MKC,67,0.8955223880597015,7,0.0,53.16993183333333,0.0
12924,AKD,61,0.0,75.9,483,148,upcoming,upcoming,False,4,13,59,8,afternoon,False,42.03156666666666,MKC,67,0.9104477611940298,6,0.0,53.16993183333333,0.0
12924,BLX,62,0.0,75.9,495,136,upcoming,upcoming,False,4,13,59,8,afternoon,False,42.03156666666666,MKC,67,0.9253731343283582,5,0.0,53.16993183333333,0.0
12924,KSH,63,0.0,75.9,501,130,upcoming,upcoming,False,4,13,59,8,afternoon,False,42.03156666666666,MKC,67,0.9402985074626866,4,0.0,53.16993183333333,0.0
12924,KONY,64,0.0,75.9,508,123,upcoming,upcoming,False,4,13,59,8,afternoon,False,42.03156666666666,MKC,67,0.9552238805970149,3,0.0,53.16993183333333,0.0
12924,BCH,65,0.0,75.9,513,118,upcoming,upcoming,False,4,13,59,8,afternoon,False,42.03156666666666,MKC,67,0.9701492537313433,2,0.0,53.16993183333333,0.0
12924,PUO,66,0.0,75.9,525,106,upcoming,upcoming,False,4,13,59,8,afternoon,False,42.03156666666666,MKC,67,0.9850746268656716,1,0.0,53.16993183333333,0.0
12924,MKC,67,0.0,72.0,532,99,upcoming,upcoming,True,4,13,59,8,afternoon,False,42.03156666666666,DWX,72,0.9305555555555556,5,0.0,50.43787999999999,0.0
12924,DON,68,0.0,72.0,539,92,upcoming,upcoming,False,4,13,59,8,afternoon,False,42.03156666666666,DWX,72,0.9444444444444444,4,0.0,50.43787999999999,0.0
12924,RCJ,69,0.0,72.0,547,84,upcoming,upcoming,False,4,13,59,8,afternoon,False,42.03156666666666,DWX,72,0.9583333333333334,3,0.0,50.43787999999999,0.0
12924,SKBN,70,0.0,72.0,555,76,upcoming,upcoming,False,4,13,59,8,afternoon,False,42.03156666666666,DWX,72,0.9722222222222222,2,0.0,50.43787999999999,0.0
12924,AJKI,71,0.0,72.0,561,70,upcoming,upcoming,False,4,13,59,8,afternoon,False,42.03156666666666,DWX,72,0.9861111111111112,1,0.0,50.43787999999999,0.0
12924,DWX,72,0.0,54.8,568,63,upcoming,upcoming,True,4,13,59,8,afternoon,False,42.03156666666666,INDB,77,0.935064935064935,5,0.0,38.38883088888888,0.0
12924,BNJN,73,0.0,54.8,574,57,upcoming,upcoming,False,4,13,59,8,afternoon,False,42.03156666666666,INDB,77,0.948051948051948,4,0.0,38.38883088888888,0.0
12924,BLAX,74,0.0,54.8,585,46,upcoming,upcoming,False,4,13,59,8,afternoon,False,42.03156666666666,INDB,77,0.961038961038961,3,0.0,38.38883088888888,0.0
12924,MGG,75,0.0,54.8,595,36,upcoming,upcoming,False,4,13,59,8,afternoon,False,42.03156666666666,INDB,77,0.974025974025974,2,0.0,38.38883088888888,0.0
12924,LMNR,76,0.0,54.8,607,24,upcoming,upcoming,False,4,13,59,8,afternoon,False,42.03156666666666,INDB,77,0.987012987012987,1,0.0,38.38883088888888,0.0
12924,INDB,77,0.0,36.0,610,21,upcoming,upcoming,True,4,13,59,8,afternoon,False,42.03156666666666,DADN,83,0.927710843373494,6,0.0,25.218939999999996,0.0
12924,SFNR,78,0.0,36.0,612,19,upcoming,upcoming,False,4,13,59,8,afternoon,False,42.03156666666666,DADN,83,0.9397590361445783,5,0.0,25.218939999999996,0.0
12924,LKMN,79,0.0,36.0,614,17,upcoming,upcoming,False,4,13,59,8,afternoon,False,42.03156666666666,DADN,83,0.9518072289156626,4,0.0,25.218939999999996,0.0
12924,RJQ,80,0.0,36.0,617,14,upcoming,upcoming,False,4,13,59,8,afternoon,False,42.03156666666666,DADN,83,0.963855421686747,3,0.0,25.218939999999996,0.0
12924,RAU,81,0.0,36.0,621,10,upcoming,upcoming,False,4,13,59,8,afternoon,False,42.03156666666666,DADN,83,0.9759036144578314,2,0.0,25.218939999999996,0.0
12924,HKH,82,0.0,36.0,627,4,upcoming,upcoming,False,4,13,59,8,afternoon,False,42.03156666666666,DADN,83,0.9879518072289156,1,0.0,25.218939999999996,0.0
12925,BDTS,1,0.0,49.6,0,1859,departed,departed,True,4,13,55,8,afternoon,False,4.051266666666667,STC,2,0.5,1,0.0,3.3490471111111115,0.0
12925,STC,2,0.0,49.6,2,1857,departed,departed,False,4,13,55,8,afternoon,False,4.051266666666667,VLP,3,0.6666666666666666,1,0.0,3.3490471111111115,0.0
12925,VLP,3,0.0,49.6,4,1855,departed,departed,False,4,13,55,8,afternoon,False,4.051266666666667,ADH,4,0.75,1,0.0,3.3490471111111115,0.0
12925,ADH,4,0.0,49.6,7,1852,departed,departed,False,4,13,55,8,afternoon,False,4.051266666666667,JOS,5,0.8,1,0.0,3.3490471111111115,0.0
12925,JOS,5,0.0,49.6,8,1851,departed,departed,False,4,13,55,8,afternoon,False,4.051266666666667,RMAR,6,0.8333333333333334,1,0.0,3.3490471111111115,0.0
12925,RMAR,6,0.0,49.6,10,1849,departed,departed,False,4,13,55,8,afternoon,False,4.051266666666667,GMN,7,0.8571428571428571,1,0.0,3.3490471111111115,0.0
12925,GMN,7,0.0,49.6,12,1847,departed,departed,False,4,13,55,8,afternoon,False,4.051266666666667,MDD,8,0.875,1,0.0,3.3490471111111115,0.0
12925,MDD,8,0.0,49.6,14,1845,departed,departed,False,4,13,55,8,afternoon,False,4.051266666666667,KILE,9,0.8888888888888888,1,0.0,3.3490471111111115,0.0
12925,KILE,9,0.0,49.6,16,1843,departed,departed,False,4,13,55,8,afternoon,False,4.051266666666667,BVI,10,0.9,1,0.0,3.3490471111111115,7.0
12925,BVI,10,7.0,73.2,19,1840,departed,departed,True,4,13,55,8,afternoon,False,4.051266666666667,DIC,11,0.9090909090909091,1,28.358866666666668,4.942545333333333,0.0
12925,DIC,11,0.0,73.2,21,1838,departed,departed,False,4,13,55,8,afternoon,False,4.051266666666667,MIRA,12,0.9166666666666666,1,0.0,4.942545333333333,0.0
12925,MIRA,12,0.0,73.2,24,1835,departed,departed,False,4,13,55,8,afternoon,False,4.051266666666667,BYR,13,0.9230769230769231,1,0.0,4.942545333333333,0.0
12925,BYR,13,0.0,73.2,28,1831,departed,departed,False,4,13,55,8,afternoon,False,4.051266666666667,NIG,14,0.9285714285714286,1,0.0,4.942545333333333,0.0
12925,NIG,14,0.0,73.2,33,1826,departed,departed,False,4,13,55,8,afternoon,False,4.051266666666667,BSR,15,0.9333333333333333,1,0.0,4.942545333333333,0.0
12925,BSR,15,0.0,73.2,36,1823,departed,departed,False,4,13,55,8,afternoon,False,4.051266666666667,NSP,16,0.9375,1,0.0,4.942545333333333,0.0
12925,NSP,16,0.0,73.2,41,1818,departed,departed,False,4,13,55,8,afternoon,False,4.051266666666667,VR,17,0.9411764705882353,1,0.0,4.942545333333333,0.0
12925,VR,17,0.0,73.2,45,1814,departed,departed,False,4,13,55,8,afternoon,False,4.051266666666667,VTN,18,0.9444444444444444,1,0.0,4.942545333333333,0.0
12925,VTN,18,0.0,73.2,53,1806,departed,departed,False,4,13,55,8,afternoon,False,4.051266666666667,SAH,19,0.9473684210526315,1,0.0,4.942545333333333,0.0
12925,SAH,19,0.0,73.2,61,1798,departed,departed,False,4,13,55,8,afternoon,False,4.051266666666667,KLV,20,0.95,1,0.0,4.942545333333333,0.0
12925,KLV,20,0.0,73.2,67,1792,departed,departed,False,4,13,55,8,afternoon,False,4.051266666666667,PLG,21,0.9523809523809523,1,0.0,4.942545333333333,0.0
12925,PLG,21,0.0,73.2,76,1783,departed,departed,False,4,13,55,8,afternoon,False,4.051266666666667,UOI,22,0.9545454545454546,1,0.0,4.942545333333333,0.0
12925,UOI,22,0.0,73.2,82,1777,departed,departed,False,4,13,55,8,afternoon,False,4.051266666666667,BOR,23,0.9565217391304348,1,0.0,4.942545333333333,0.0
12925,BOR,23,0.0,73.2,88,1771,departed,departed,False,4,13,55,8,afternoon,False,4.051266666666667,VGN,24,0.9583333333333334,1,0.0,4.942545333333333,0.0
12925,VGN,24,0.0,73.2,96,1763,departed,departed,False,4,13,55,8,afternoon,False,4.051266666666667,DRD,25,0.96,1,0.0,4.942545333333333,24.0
12925,DRD,25,24.0,117.6,108,1751,departed,departed,True,4,13,55,8,afternoon,False,4.051266666666667,GVD,26,0.9615384615384616,1,97.2304,7.940482666666667,0.0
12925,GVD,26,0.0,117.6,120,1739,departed,departed,False,4,13,55,8,afternoon,False,4.051266666666667,BRRD,27,0.9629629629629629,1,0.0,7.940482666666667,0.0
12925,BRRD,27,0.0,117.6,124,1735,departed,departed,False,4,13,55,8,afternoon,False,4.051266666666667,UBR,28,0.9642857142857143,1,0.0,7.940482666666667,0.0
12925,UBR,28,0.0,117.6,129,1730,departed,departed,False,4,13,55,8,afternoon,False,4.051266666666667,SJN,29,0.9655172413793104,1,0.0,7.940482666666667,0.0
12925,SJN,29,0.0,117.6,134,1725,departed,departed,False,4,13,55,8,afternoon,False,4.051266666666667,BLD,30,0.9666666666666667,1,0.0,7.940482666666667,0.0
12925,BLD,30,0.0,117.6,146,1713,departed,departed,False,4,13,55,8,afternoon,False,4.051266666666667,KEB,31,0.967741935483871,1,0.0,7.940482666666667,0.0
12925,KEB,31,0.0,117.6,151,1708,departed,departed,False,4,13,55,8,afternoon,False,4.051266666666667,VAPI,32,0.96875,1,0.0,7.940482666666667,37.0
12925,VAPI,32,37.0,70.9,157,1702,departed,departed,True,4,13,55,8,afternoon,False,4.051266666666667,BAGD,33,0.9696969696969697,1,149.89686666666668,4.787246777777779,0.0
12925,BAGD,33,0.0,70.9,164,1695,departed,departed,False,4,13,55,8,afternoon,False,4.051266666666667,UVD,34,0.9705882352941176,1,0.0,4.787246777777779,0.0
12925,UVD,34,0.0,70.9,167,1692,departed,departed,False,4,13,55,8,afternoon,False,4.051266666666667,PAD,35,0.9714285714285714,1,0.0,4.787246777777779,0.0
12925,PAD,35,0.0,70.9,173,1686,departed,departed,False,4,13,55,8,afternoon,False,4.051266666666667,ATUL,36,0.9722222222222222,1,0.0,4.787246777777779,0.0
12925,ATUL,36,0.0,70.9,176,1683,departed,departed,False,4,13,55,8,afternoon,False,4.051266666666667,BL,37,0.972972972972973,1,0.0,4.787246777777779,42.0
12925,BL,37,42.0,61.6,183,1676,departed,departed,True,4,13,55,8,afternoon,False,4.051266666666667,DGI,38,0.9736842105263158,1,170.1532,4.159300444444445,0.0
12925,DGI,38,0.0,61.6,192,1667,departed,departed,False,4,13,55,8,afternoon,False,4.051266666666667,JRS,39,0.9743589743589743,1,0.0,4.159300444444445,0.0
12925,JRS,39,0.0,61.6,197,1662,departed,departed,False,4,13,55,8,afternoon,False,4.051266666666667,BIM,40,0.975,1,0.0,4.159300444444445,0.0
12925,BIM,40,0.0,61.6,201,1658,departed,departed,False,4,13,55,8,afternoon,False,4.051266666666667,AML,41,0.975609756097561,1,0.0,4.159300444444445,0.0
12925,AML,41,0.0,61.6,207,1652,departed,departed,False,4,13,55,8,afternoon,False,4.051266666666667,ACL,42,0.9761904761904762,1,0.0,4.159300444444445,0.0
12925,ACL,42,0.0,61.6,210,1649,departed,departed,False,4,13,55,8,afternoon,False,4.051266666666667,VDH,43,0.9767441860465116,1,0.0,4.159300444444445,0.0
12925,VDH,43,0.0,61.6,214,1645,departed,departed,False,4,13,55,8,afternoon,False,4.051266666666667,HXR,44,0.9772727272727273,1,0.0,4.159300444444445,0.0
12925,HXR,44,0.0,61.6,217,1642,departed,departed,False,4,13,55,8,afternoon,False,4.051266666666667,GNST,45,0.9777777777777777,1,0.0,4.159300444444445,0.0
12925,GNST,45,0.0,61.6,219,1640,departed,departed,False,4,13,55,8,afternoon,False,4.051266666666667,NVS,46,0.9782608695652174,1,0.0,4.159300444444445,27.0
12925,NVS,46,27.0,29.0,222,1637,departed,departed,True,4,13,55,8,afternoon,False,4.051266666666667,MRL,47,0.9787234042553191,1,109.3842,1.9581122222222223,0.0
12925,MRL,47,0.0,29.0,230,1629,departed,departed,False,4,13,55,8,afternoon,False,4.051266666666667,SCH,48,0.9791666666666666,1,0.0,1.9581122222222223,0.0
12925,SCH,48,0.0,29.0,237,1622,departed,departed,False,4,13,55,8,afternoon,False,4.051266666666667,BHET,49,0.9795918367346939,1,0.0,1.9581122222222223,0.0
12925,BHET,49,0.0,29.0,242,1617,departed,departed,False,4,13,55,8,afternoon,False,4.051266666666667,UDN,50,0.98,1,0.0,1.9581122222222223,0.0
12925,UDN,50,0.0,29.0,248,1611,departed,departed,False,4,13,55,8,afternoon,False,4.051266666666667,URN,52,0.9615384615384616,2,0.0,1.9581122222222223,0.0
12925,URN,52,0.0,77.0,255,1604,departed,departed,False,4,13,55,8,afternoon,False,4.051266666666667,KSE,53,0.9811320754716981,1,0.0,5.199125555555556,0.0
12925,KSE,53,0.0,77.0,259,1600,departed,departed,False,4,13,55,8,afternoon,False,4.051266666666667,GTX,54,0.9814814814814815,1,0.0,5.199125555555556,0.0
12925,GTX,54,0.0,77.0,262,1597,departed,departed,False,4,13,55,8,afternoon,False,4.051266666666667,SYN,55,0.9818181818181818,1,0.0,5.199125555555556,0.0
12925,SYN,55,0.0,77.0,265,1594,departed,departed,False,4,13,55,8,afternoon,False,4.051266666666667,KDSD,56,0.9821428571428571,1,0.0,5.199125555555556,0.0
12925,KDSD,56,0.0,77.0,272,1587,departed,departed,False,4,13,55,8,afternoon,False,4.051266666666667,KIM,57,0.9824561403508771,1,0.0,5.199125555555556,0.0
12925,KIM,57,0.0,77.0,275,1584,departed,departed,False,4,13,55,8,afternoon,False,4.051266666666667,KSB,58,0.9827586206896551,1,0.0,5.199125555555556,0.0
12925,KSB,58,0.0,77.0,283,1576,departed,departed,False,4,13,55,8,afternoon,False,4.051266666666667,HAT,59,0.9830508474576272,1,0.0,5.199125555555556,0.0
12925,HAT,59,0.0,77.0,287,1572,departed,departed,False,4,13,55,8,afternoon,False,4.051266666666667,PAO,60,0.9833333333333333,1,0.0,5.199125555555556,0.0
12925,PAO,60,0.0,77.0,291,1568,departed,departed,False,4,13,55,8,afternoon,False,4.051266666666667,SNJL,61,0.9836065573770492,1,0.0,5.199125555555556,0.0
12925,SNJL,61,0.0,77.0,296,1563,departed,departed,False,4,13,55,8,afternoon,False,4.051266666666667,AKV,62,0.9838709677419355,1,0.0,5.199125555555556,0.0
12925,AKV,62,0.0,77.0,301,1558,departed,departed,False,4,13,55,8,afternoon,False,4.051266666666667,BH,63,0.9841269841269841,1,0.0,5.199125555555556,12.0
12925,BH,63,12.0,70.0,311,1548,departed,departed,True,4,13,55,8,afternoon,False,4.051266666666667,CVJ,64,0.984375,1,48.6152,4.726477777777777,0.0
12925,CVJ,64,0.0,70.0,316,1543,departed,departed,False,4,13,55,8,afternoon,False,4.051266666666667,NIU,65,0.9846153846153847,1,0.0,4.726477777777777,0.0
12925,NIU,65,0.0,70.0,323,1536,departed,departed,False,4,13,55,8,afternoon,False,4.051266666666667,VRE,66,0.9848484848484849,1,0.0,4.726477777777777,0.0
12925,VRE,66,0.0,70.0,330,1529,departed,departed,False,4,13,55,8,afternoon,False,4.051266666666667,PLJ,67,0.9850746268656716,1,0.0,4.726477777777777,0.0
12925,PLJ,67,0.0,70.0,336,1523,departed,departed,False,4,13,55,8,afternoon,False,4.051266666666667,LKD,68,0.9852941176470589,1,0.0,4.726477777777777,0.0
12925,LKD,68,0.0,70.0,343,1516,departed,departed,False,4,13,55,8,afternoon,False,4.051266666666667,MYG,69,0.9855072463768116,1,0.0,4.726477777777777,0.0
12925,MYG,69,0.0,70.0,351,1508,departed,departed,False,4,13,55,8,afternoon,False,4.051266666666667,KSPR,70,0.9857142857142858,1,0.0,4.726477777777777,0.0
12925,KSPR,70,0.0,70.0,359,1500,departed,departed,False,4,13,55,8,afternoon,False,4.051266666666667,ITA,71,0.9859154929577465,1,0.0,4.726477777777777,0.0
12925,ITA,71,0.0,70.0,363,1496,departed,departed,False,4,13,55,8,afternoon,False,4.051266666666667,VRM,72,0.9861111111111112,1,0.0,4.726477777777777,0.0
12925,VRM,72,0.0,70.0,367,1492,departed,departed,False,4,13,55,8,afternoon,False,4.051266666666667,MPR,73,0.9863013698630136,1,0.0,4.726477777777777,0.0
12925,MPR,73,0.0,70.0,372,1487,departed,departed,False,4,13,55,8,afternoon,False,4.051266666666667,VS,74,0.9864864864864865,1,0.0,4.726477777777777,0.0
12925,VS,74,0.0,70.0,378,1481,departed,departed,False,4,13,55,8,afternoon,False,4.051266666666667,BRC,75,0.9866666666666667,1,0.0,4.726477777777777,16.0
12925,BRC,75,16.0,59.2,381,1478,departed,departed,True,4,13,55,8,afternoon,False,4.051266666666667,BRCY,76,0.9868421052631579,1,64.82026666666667,3.997249777777778,0.0
12925,BRCY,76,0.0,59.2,384,1475,departed,departed,False,4,13,55,8,afternoon,False,4.051266666666667,CYI,77,0.987012987012987,1,0.0,3.997249777777778,0.0
12925,CYI,77,0.0,59.2,387,1472,departed,departed,False,4,13,55,8,afternoon,False,4.051266666666667,PIO,78,0.9871794871794872,1,0.0,3.997249777777778,0.0
12925,PIO,78,0.0,59.2,394,1465,departed,departed,False,4,13,55,8,afternoon,False,4.051266666666667,AIR,79,0.9873417721518988,1,0.0,3.997249777777778,0.0
12925,AIR,79,0.0,59.2,400,1459,departed,departed,False,4,13,55,8,afternoon,False,4.051266666666667,SMLA,80,0.9875,1,0.0,3.997249777777778,0.0
12925,SMLA,80,0.0,59.2,406,1453,departed,departed,False,4,13,55,8,afternoon,False,4.051266666666667,LAN,81,0.9876543209876543,1,0.0,3.997249777777778,0.0
12925,LAN,81,0.0,59.2,412,1447,departed,departed,False,4,13,55,8,afternoon,False,4.051266666666667,CPN,82,0.9878048780487805,1,0.0,3.997249777777778,0.0
12925,CPN,82,0.0,59.2,417,1442,departed,departed,False,4,13,55,8,afternoon,False,4.051266666666667,BKRL,83,0.9879518072289156,1,0.0,3.997249777777778,0.0
12925,BKRL,83,0.0,59.2,423,1436,departed,departed,False,4,13,55,8,afternoon,False,4.051266666666667,DRL,84,0.9880952380952381,1,0.0,3.997249777777778,0.0
12925,DRL,84,0.0,59.2,430,1429,departed,departed,False,4,13,55,8,afternoon,False,4.051266666666667,KRSA,85,0.9882352941176471,1,0.0,3.997249777777778,0.0
12925,KRSA,85,0.0,59.2,443,1416,departed,departed,False,4,13,55,8,afternoon,False,4.051266666666667,KIZ,87,0.9770114942528736,2,0.0,3.997249777777778,0.0
12925,KIZ,87,0.0,86.4,458,1401,departed,departed,False,4,13,55,8,afternoon,False,4.051266666666667,CCL,88,0.9886363636363636,1,0.0,5.833824000000001,0.0
12925,CCL,88,0.0,86.4,465,1394,departed,departed,False,4,13,55,8,afternoon,False,4.051266666666667,SAT,89,0.9887640449438202,1,0.0,5.833824000000001,0.0
12925,SAT,89,0.0,86.4,474,1385,departed,departed,False,4,13,55,8,afternoon,False,4.051266666666667,PPD,90,0.9888888888888889,1,0.0,5.833824000000001,0.0
12925,PPD,90,0.0,86.4,486,1373,departed,departed,False,4,13,55,8,afternoon,False,4.051266666666667,LMK,91,0.989010989010989,1,0.0,5.833824000000001,0.0
12925,LMK,91,0.0,86.4,494,1365,departed,departed,False,4,13,55,8,afternoon,False,4.051266666666667,MAM,92,0.9891304347826086,1,0.0,5.833824000000001,0.0
12925,MAM,92,0.0,86.4,502,1357,departed,departed,False,4,13,55,8,afternoon,False,4.051266666666667,USRA,93,0.989247311827957,1,0.0,5.833824000000001,0.0
12925,USRA,93,0.0,86.4,507,1352,departed,departed,False,4,13,55,8,afternoon,False,4.051266666666667,JKT,94,0.9893617021276596,1,0.0,5.833824000000001,0.0
12925,JKT,94,0.0,86.4,515,1344,departed,departed,False,4,13,55,8,afternoon,False,4.051266666666667,RET,95,0.9894736842105263,1,0.0,5.833824000000001,0.0
12925,RET,95,0.0,86.4,520,1339,departed,departed,False,4,13,55,8,afternoon,False,4.051266666666667,BIO,97,0.979381443298969,2,0.0,5.833824000000001,0.0
12925,BIO,97,0.0,79.2,536,1323,departed,departed,False,4,13,55,8,afternoon,False,4.051266666666667,ANAS,98,0.9897959183673469,1,0.0,5.347672,0.0
12925,ANAS,98,0.0,79.2,544,1315,departed,departed,False,4,13,55,8,afternoon,False,4.051266666666667,MGN,99,0.98989898989899,1,0.0,5.347672,1.0
12925,MGN,99,1.0,63.2,558,1301,departed,departed,True,4,13,55,8,afternoon,False,4.051266666666667,THDR,100,0.99,1,4.051266666666667,4.267334222222222,0.0
12925,THDR,100,0.0,63.2,566,1293,departed,departed,False,4,13,55,8,afternoon,False,4.051266666666667,BJG,101,0.9900990099009901,1,0.0,4.267334222222222,0.0
12925,BJG,101,0.0,63.2,573,1286,departed,departed,False,4,13,55,8,afternoon,False,4.051266666666667,PCN,102,0.9901960784313726,1,0.0,4.267334222222222,0.0
12925,PCN,102,0.0,63.2,580,1279,departed,departed,False,4,13,55,8,afternoon,False,4.051266666666667,AGR,103,0.9902912621359223,1,0.0,4.267334222222222,0.0
12925,AGR,103,0.0,63.2,589,1270,departed,departed,False,4,13,55,8,afternoon,False,4.051266666666667,BMI,104,0.9903846153846154,1,0.0,4.267334222222222,0.0
12925,BMI,104,0.0,63.2,593,1266,departed,departed,False,4,13,55,8,afternoon,False,4.051266666666667,BOG,105,0.9904761904761905,1,0.0,4.267334222222222,0.0
12925,BOG,105,0.0,63.2,600,1259,departed,departed,False,4,13,55,8,afternoon,False,4.051266666666667,RTI,106,0.9905660377358491,1,0.0,4.267334222222222,0.0
12925,RTI,106,0.0,63.2,612,1247,departed,departed,False,4,13,55,8,afternoon,False,4.051266666666667,BILD,107,0.9906542056074766,1,0.0,4.267334222222222,0.0
12925,BILD,107,0.0,63.2,618,1241,departed,departed,False,4,13,55,8,afternoon,False,4.051266666666667,MRN,108,0.9907407407407407,1,0.0,4.267334222222222,0.0
12925,MRN,108,0.0,63.2,628,1231,departed,departed,False,4,13,55,8,afternoon,False,4.051266666666667,RTD,109,0.9908256880733946,1,0.0,4.267334222222222,0.0
12925,RTD,109,0.0,63.2,637,1222,departed,departed,False,4,13,55,8,afternoon,False,4.051266666666667,RTME,111,0.9819819819819819,2,0.0,4.267334222222222,0.0
12925,RTME,111,0.0,57.9,642,1217,departed,departed,False,4,13,55,8,afternoon,False,4.051266666666667,BOD,112,0.9910714285714286,1,0.0,3.9094723333333334,0.0
12925,BOD,112,0.0,57.9,648,1211,departed,departed,False,4,13,55,8,afternoon,False,4.051266666666667,RNH,113,0.9911504424778761,1,0.0,3.9094723333333334,0.0
12925,RNH,113,0.0,57.9,656,1203,departed,departed,False,4,13,55,8,afternoon,False,4.051266666666667,BRNA,115,0.9826086956521739,2,0.0,3.9094723333333334,0.0
12925,BRNA,115,0.0,21.5,672,1187,departed,departed,False,4,13,55,8,afternoon,False,4.051266666666667,RLK,117,0.9829059829059829,2,0.0,1.451703888888889,0.0
12925,RLK,117,0.0,103.0,690,1169,departed,departed,False,4,13,55,8,afternoon,False,4.051266666666667,MEP,118,0.9915254237288136,1,0.0,6.954674444444445,0.0
12925,MEP,118,0.0,103.0,697,1162,departed,departed,False,4,13,55,8,afternoon,False,4.051266666666667,LNR,119,0.9915966386554622,1,0.0,6.954674444444445,0.0
12925,LNR,119,0.0,103.0,707,1152,departed,departed,False,4,13,55,8,afternoon,False,4.051266666666667,VMA,120,0.9916666666666667,1,0.0,6.954674444444445,0.0
12925,VMA,120,0.0,103.0,720,1139,departed,departed,False,4,13,55,8,afternoon,False,4.051266666666667,THUR,121,0.9917355371900827,1,0.0,6.954674444444445,0.0
12925,THUR,121,0.0,103.0,728,1131,departed,departed,False,4,13,55,8,afternoon,False,4.051266666666667,TLZ,122,0.9918032786885246,1,0.0,6.954674444444445,0.0
12925,TLZ,122,0.0,103.0,737,1122,departed,departed,False,4,13,55,8,afternoon,False,4.051266666666667,CMU,123,0.991869918699187,1,0.0,6.954674444444445,0.0
12925,CMU,123,0.0,103.0,742,1117,departed,departed,False,4,13,55,8,afternoon,False,4.051266666666667,NKH,124,0.9919354838709677,1,0.0,6.954674444444445,0.0
12925,NKH,124,0.0,103.0,752,1107,departed,departed,False,4,13,55,8,afternoon,False,4.051266666666667,SVA,125,0.992,1,0.0,6.954674444444445,0.0
12925,SVA,125,0.0,103.0,758,1101,departed,departed,False,4,13,55,8,afternoon,False,4.051266666666667,SGZ,126,0.9920634920634921,1,0.0,6.954674444444445,13.0
12925,SGZ,126,13.0,96.3,771,1088,departed,departed,True,4,13,55,8,afternoon,False,4.051266666666667,GOH,127,0.9921259842519685,1,52.666466666666665,6.502283,0.0
12925,GOH,127,0.0,96.3,782,1077,departed,departed,False,4,13,55,8,afternoon,False,4.051266666666667,KRLS,128,0.9921875,1,0.0,6.502283,0.0
12925,KRLS,128,0.0,96.3,792,1067,departed,departed,False,4,13,55,8,afternoon,False,4.051266666666667,BWM,129,0.9922480620155039,1,0.0,6.502283,0.0
12925,BWM,129,0.0,96.3,804,1055,departed,departed,False,4,13,55,8,afternoon,False,4.051266666666667,DKRA,130,0.9923076923076923,1,0.0,6.502283,0.0
12925,DKRA,130,0.0,96.3,815,1044,departed,departed,False,4,13,55,8,afternoon,False,4.051266666666667,JHW,131,0.9923664122137404,1,0.0,6.502283,0.0
12925,JHW,131,0.0,96.3,821,1038,departed,departed,False,4,13,55,8,afternoon,False,4.051266666666667,RMA,132,0.9924242424242424,1,0.0,6.502283,12.0
12925,RMA,132,12.0,67.4,832,1027,departed,departed,True,4,13,55,8,afternoon,False,4.051266666666667,MKX,133,0.9924812030075187,1,48.6152,4.5509228888888895,0.0
12925,MKX,133,0.0,67.4,843,1016,departed,departed,False,4,13,55,8,afternoon,False,4.051266666666667,KIW,134,0.9925373134328358,1,0.0,4.5509228888888895,0.0
12925,KIW,134,0.0,67.4,848,1011,departed,departed,False,4,13,55,8,afternoon,False,4.051266666666667,DARA,135,0.9925925925925926,1,0.0,4.5509228888888895,0.0
12925,DARA,135,0.0,67.4,857,1002,departed,departed,False,4,13,55,8,afternoon,False,4.051266666666667,RDT,136,0.9926470588235294,1,0.0,4.5509228888888895,0.0
12925,RDT,136,0.0,67.4,870,989,departed,departed,False,4,13,55,8,afternoon,False,4.051266666666667,ALNI,137,0.9927007299270073,1,0.0,4.5509228888888895,0.0
12925,ALNI,137,0.0,67.4,882,977,departed,departed,False,4,13,55,8,afternoon,False,4.051266666666667,DDV,138,0.9927536231884058,1,0.0,4.5509228888888895,0.0
12925,DDV,138,0.0,67.4,889,970,departed,departed,False,4,13,55,8,afternoon,False,4.051266666666667,NKOT,139,0.9928057553956835,1,0.0,4.5509228888888895,0.0
12925,NKOT,139,0.0,67.4,896,963,departed,departed,False,4,13,55,8,afternoon,False,4.051266666666667,KCCN,141,0.9858156028368794,2,0.0,4.5509228888888895,0.0
12925,KCCN,141,0.0,88.8,907,952,departed,departed,False,4,13,55,8,afternoon,False,4.051266666666667,GQL,142,0.9929577464788732,1,0.0,5.9958746666666665,0.0
12925,GQL,142,0.0,88.8,910,949,departed,departed,False,4,13,55,8,afternoon,False,4.051266666666667,GNCN,143,0.993006993006993,1,0.0,5.9958746666666665,0.0
12925,GNCN,143,0.0,88.8,913,946,departed,departed,False,4,13,55,8,afternoon,False,4.051266666666667,KPTN,144,0.9930555555555556,1,0.0,5.9958746666666665,0.0
12925,KPTN,144,0.0,88.8,918,941,departed,departed,False,4,13,55,8,afternoon,False,4.051266666666667,ARE,145,0.993103448275862,1,0.0,5.9958746666666665,0.0
12925,ARE,145,0.0,88.8,929,930,departed,departed,False,4,13,55,8,afternoon,False,4.051266666666667,KPZ,146,0.9931506849315068,1,0.0,5.9958746666666665,0.0
12925,KPZ,146,0.0,88.8,938,921,departed,departed,False,4,13,55,8,afternoon,False,4.051266666666667,GKB,147,0.9931972789115646,1,0.0,5.9958746666666665,0.0
12925,GKB,147,0.0,88.8,949,910,departed,departed,False,4,13,55,8,afternoon,False,4.051266666666667,LBN,148,0.9932432432432432,1,0.0,5.9958746666666665,0.0
12925,LBN,148,0.0,88.8,958,901,departed,departed,False,4,13,55,8,afternoon,False,4.051266666666667,LKE,149,0.9932885906040269,1,0.0,5.9958746666666665,0.0
12925,LKE,149,0.0,88.8,965,894,departed,departed,False,4,13,55,8,afternoon,False,4.051266666666667,IDG,150,0.9933333333333333,1,0.0,5.9958746666666665,0.0
12925,IDG,150,0.0,88.8,976,883,departed,departed,False,4,13,55,8,afternoon,False,4.051266666666667,AMLI,151,0.9933774834437086,1,0.0,5.9958746666666665,0.0
12925,AMLI,151,0.0,88.8,989,870,departed,departed,False,4,13,55,8,afternoon,False,4.051266666666667,RWJ,152,0.993421052631579,1,0.0,5.9958746666666665,0.0
12925,RWJ,152,0.0,88.8,997,862,departed,departed,False,4,13,55,8,afternoon,False,4.051266666666667,KTA,153,0.9934640522875817,1,0.0,5.9958746666666665,0.0
12925,KTA,153,0.0,88.8,1005,854,departed,departed,False,4,13,55,8,afternoon,False,4.051266666666667,SMDC,155,0.9870967741935484,2,0.0,5.9958746666666665,0.0
12925,SMDC,155,0.0,58.2,1016,843,departed,departed,False,4,13,55,8,afternoon,False,4.051266666666667,RNT,156,0.9935897435897436,1,0.0,3.929728666666667,0.0
12925,RNT,156,0.0,58.2,1023,836,departed,departed,False,4,13,55,8,afternoon,False,4.051266666666667,MXL,157,0.9936305732484076,1,0.0,3.929728666666667,0.0
12925,MXL,157,0.0,58.2,1032,827,departed,departed,False,4,13,55,8,afternoon,False,4.051266666666667,MLZ,158,0.9936708860759493,1,0.0,3.929728666666667,0.0
12925,MLZ,158,0.0,58.2,1043,816,departed,departed,False,4,13,55,8,afternoon,False,4.051266666666667,NMD,159,0.9937106918238994,1,0.0,3.929728666666667,0.0
12925,NMD,159,0.0,58.2,1050,809,departed,departed,False,4,13,55,8,afternoon,False,4.051266666666667,NNW,160,0.99375,1,0.0,3.929728666666667,0.0
12925,NNW,160,0.0,58.2,1059,800,departed,departed,False,4,13,55,8,afternoon,False,4.051266666666667,LRU,161,0.9937888198757764,1,0.0,3.929728666666667,0.0
12925,LRU,161,0.0,58.2,1070,789,departed,departed,False,4,13,55,8,afternoon,False,4.051266666666667,GGC,162,0.9938271604938271,1,0.0,3.929728666666667,22.0
12925,GGC,162,22.0,80.0,1076,783,departed,departed,True,4,13,55,8,afternoon,False,4.051266666666667,COO,163,0.9938650306748467,1,89.12786666666668,5.401688888888889,0.0
12925,COO,163,0.0,80.0,1089,770,departed,departed,False,4,13,55,8,afternoon,False,4.051266666666667,PDZ,164,0.9939024390243902,1,0.0,5.401688888888889,0.0
12925,PDZ,164,0.0,80.0,1097,762,departed,departed,False,4,13,55,8,afternoon,False,4.051266666666667,KNDP,165,0.9939393939393939,1,0.0,5.401688888888889,0.0
12925,KNDP,165,0.0,80.0,1103,756,departed,departed,False,4,13,55,8,afternoon,False,4.051266666666667,SMVJ,166,0.9939759036144579,1,0.0,5.401688888888889,0.0
12925,SMVJ,166,0.0,80.0,1110,749,departed,departed,False,4,13,55,8,afternoon,False,4.051266666666667,SKDM,167,0.9940119760479041,1,0.0,5.401688888888889,0.0
12925,SKDM,167,0.0,80.0,1116,743,departed,departed,False,4,13,55,8,afternoon,False,4.051266666666667,HAN,168,0.9940476190476191,1,0.0,5.401688888888889,18.0
12925,HAN,168,18.0,70.7,1120,739,departed,departed,True,4,13,55,8,afternoon,False,4.051266666666667,DNHK,169,0.9940828402366864,1,72.9228,4.773742555555556,0.0
12925,DNHK,169,0.0,70.7,1129,730,departed,departed,False,4,13,55,8,afternoon,False,4.051266666666667,FSP,170,0.9941176470588236,1,0.0,4.773742555555556,0.0
12925,FSP,170,0.0,70.7,1134,725,departed,departed,False,4,13,55,8,afternoon,False,4.051266666666667,DY,171,0.9941520467836257,1,0.0,4.773742555555556,0.0
12925,DY,171,0.0,70.7,1144,715,departed,departed,False,4,13,55,8,afternoon,False,4.051266666666667,BXN,172,0.9941860465116279,1,0.0,4.773742555555556,16.0
12925,BXN,172,16.0,52.5,1153,706,departed,departed,True,4,13,55,8,afternoon,False,4.051266666666667,SABD,173,0.9942196531791907,1,64.82026666666667,3.5448583333333334,0.0
12925,SABD,173,0.0,52.5,1161,698,departed,departed,False,4,13,55,8,afternoon,False,4.051266666666667,KEV,174,0.9942528735632183,1,0.0,3.5448583333333334,0.0
12925,KEV,174,0.0,52.5,1165,694,departed,departed,False,4,13,55,8,afternoon,False,4.051266666666667,PNGR,175,0.9942857142857143,1,0.0,3.5448583333333334,0.0
12925,PNGR,175,0.0,52.5,1174,685,departed,departed,False,4,13,55,8,afternoon,False,4.051266666666667,JCU,176,0.9943181818181818,1,0.0,3.5448583333333334,0.0
12925,JCU,176,0.0,52.5,1180,679,departed,departed,False,4,13,55,8,afternoon,False,4.051266666666667,SWAR,177,0.9943502824858758,1,0.0,3.5448583333333334,0.0
12925,SWAR,177,0.0,52.5,1186,673,departed,departed,False,4,13,55,8,afternoon,False,4.051266666666667,BTE,178,0.9943820224719101,1,0.0,3.5448583333333334,4.0
12925,BTE,178,4.0,25.5,1195,664,departed,departed,True,4,13,55,8,afternoon,False,4.051266666666667,DUM,179,0.994413407821229,1,16.205066666666667,1.7217883333333333,0.0
12925,DUM,179,0.0,25.5,1204,655,departed,departed,False,4,13,55,8,afternoon,False,4.051266666666667,RKR,180,0.9944444444444445,1,0.0,1.7217883333333333,0.0
12925,RKR,180,0.0,25.5,1208,651,departed,departed,False,4,13,55,8,afternoon,False,4.051266666666667,JJA,181,0.994475138121547,1,0.0,1.7217883333333333,0.0
12925,JJA,181,0.0,25.5,1212,647,departed,departed,False,4,13,55,8,afternoon,False,4.051266666666667,CRG,182,0.9945054945054945,1,0.0,1.7217883333333333,0.0
12925,CRG,182,0.0,25.5,1218,641,departed,departed,False,4,13,55,8,afternoon,False,4.051266666666667,MSRP,183,0.994535519125683,1,0.0,1.7217883333333333,0.0
12925,MSRP,183,0.0,25.5,1220,639,departed,departed,False,4,13,55,8,afternoon,False,4.051266666666667,MTJ,184,0.9945652173913043,1,0.0,1.7217883333333333,22.0
12925,MTJ,184,22.0,62.8,1229,630,departed,departed,True,4,13,55,8,afternoon,False,4.051266666666667,BTSR,185,0.9945945945945946,1,89.12786666666668,4.240325777777778,0.0
12925,BTSR,185,0.0,62.8,1231,628,departed,departed,False,4,13,55,8,afternoon,False,4.051266666666667,VRBD,186,0.9946236559139785,1,0.0,4.240325777777778,0.0
12925,VRBD,186,0.0,62.8,1239,620,departed,departed,False,4,13,55,8,afternoon,False,4.051266666666667,AJH,187,0.9946524064171123,1,0.0,4.240325777777778,0.0
12925,AJH,187,0.0,62.8,1250,609,departed,departed,False,4,13,55,8,afternoon,False,4.051266666666667,CHJ,188,0.9946808510638298,1,0.0,4.240325777777778,0.0
12925,CHJ,188,0.0,62.8,1260,599,departed,departed,False,4,13,55,8,afternoon,False,4.051266666666667,KSV,189,0.9947089947089947,1,0.0,4.240325777777778,0.0
12925,KSV,189,0.0,62.8,1270,589,departed,departed,False,4,13,55,8,afternoon,False,4.051266666666667,HDL,190,0.9947368421052631,1,0.0,4.240325777777778,0.0
12925,HDL,190,0.0,62.8,1282,577,departed,departed,False,4,13,55,8,afternoon,False,4.051266666666667,BNCR,191,0.9947643979057592,1,0.0,4.240325777777778,0.0
12925,BNCR,191,0.0,62.8,1289,570,departed,departed,False,4,13,55,8,afternoon,False,4.051266666666667,SHLK,192,0.9947916666666666,1,0.0,4.240325777777778,0.0
12925,SHLK,192,0.0,62.8,1292,567,departed,departed,False,4,13,55,8,afternoon,False,4.051266666666667,RDE,193,0.9948186528497409,1,0.0,4.240325777777778,0.0
12925,RDE,193,0.0,62.8,1303,556,departed,departed,False,4,13,55,8,afternoon,False,4.051266666666667,PWL,194,0.9948453608247423,1,0.0,4.240325777777778,0.0
12925,PWL,194,0.0,62.8,1312,547,departed,departed,False,4,13,55,8,afternoon,False,4.051266666666667,AST,195,0.9948717948717949,1,0.0,4.240325777777778,0.0
12925,AST,195,0.0,62.8,1323,536,departed,departed,False,4,13,55,8,afternoon,False,4.051266666666667,PYLA,196,0.9948979591836735,1,0.0,4.240325777777778,0.0
12925,PYLA,196,0.0,62.8,1327,532,departed,departed,False,4,13,55,8,afternoon,False,4.051266666666667,BVH,197,0.9949238578680203,1,0.0,4.240325777777778,0.0
12925,BVH,197,0.0,62.8,1333,526,departed,departed,False,4,13,55,8,afternoon,False,4.051266666666667,FDN,198,0.9949494949494949,1,0.0,4.240325777777778,0.0
12925,FDN,198,0.0,62.8,1337,522,departed,departed,False,4,13,55,8,afternoon,False,4.051266666666667,FDB,199,0.9949748743718593,1,0.0,4.240325777777778,9.0
12925,FDB,199,9.0,42.0,1341,518,departed,departed,True,4,13,55,8,afternoon,False,4.051266666666667,TKDC,200,0.995,1,36.4614,2.8358866666666667,0.0
12925,TKDC,200,0.0,42.0,1346,513,departed,departed,False,4,13,55,8,afternoon,False,4.051266666666667,TKD,201,0.9950248756218906,1,0.0,2.8358866666666667,0.0
12925,TKD,201,0.0,42.0,1352,507,departed,departed,False,4,13,55,8,afternoon,False,4.051266666666667,OKA,202,0.995049504950495,1,0.0,2.8358866666666667,0.0
12925,OKA,202,0.0,42.0,1359,500,departed,departed,False,4,13,55,8,afternoon,False,4.051266666666667,NZM,203,0.9950738916256158,1,0.0,2.8358866666666667,18.0
12925,NZM,203,18.0,9.5,1362,497,departed,departed,True,4,13,55,8,afternoon,False,4.051266666666667,TKJ,204,0.9950980392156863,1,72.9228,0.6414505555555556,0.0
12925,TKJ,204,0.0,9.5,1367,492,departed,departed,False,4,13,55,8,afternoon,False,4.051266666666667,CSB,205,0.9951219512195122,1,0.0,0.6414505555555556,0.0
12925,CSB,205,0.0,9.5,1368,491,departed,departed,False,4,13,55,8,afternoon,False,4.051266666666667,NDLS,206,0.9951456310679612,1,0.0,0.6414505555555556,17.0
12925,NDLS,206,17.0,17.1,1369,490,departed,departed,True,4,13,55,8,afternoon,False,4.051266666666667,DSB,207,0.9951690821256038,1,68.87153333333333,1.154611,0.0
12925,DSB,207,0.0,17.1,1371,488,departed,departed,False,4,13,55,8,afternoon,False,4.051266666666667,SZM,208,0.9951923076923077,1,0.0,1.154611,22.0
12925,SZM,208,22.0,91.1,1373,486,departed,departed,True,4,13,55,8,afternoon,False,4.051266666666667,DAZ,209,0.9952153110047847,1,89.12786666666668,6.151173222222222,0.0
12925,DAZ,209,0.0,91.1,1378,481,departed,departed,False,4,13,55,8,afternoon,False,4.051266666666667,ANDI,210,0.9952380952380953,1,0.0,6.151173222222222,0.0
12925,ANDI,210,0.0,91.1,1379,480,departed,departed,False,4,13,55,8,afternoon,False,4.051266666666667,BHD,211,0.995260663507109,1,0.0,6.151173222222222,0.0
12925,BHD,211,0.0,91.1,1384,475,departed,departed,False,4,13,55,8,afternoon,False,4.051266666666667,KHKN,212,0.9952830188679245,1,0.0,6.151173222222222,0.0
12925,KHKN,212,0.0,91.1,1387,472,departed,departed,False,4,13,55,8,afternoon,False,4.051266666666667,HUK,213,0.9953051643192489,1,0.0,6.151173222222222,0.0
12925,HUK,213,0.0,91.1,1391,468,departed,departed,False,4,13,55,8,afternoon,False,4.051266666666667,NUR,214,0.9953271028037384,1,0.0,6.151173222222222,0.0
12925,NUR,214,0.0,91.1,1396,463,departed,departed,False,4,13,55,8,afternoon,False,4.051266666666667,RDDE,215,0.9953488372093023,1,0.0,6.151173222222222,0.0
12925,RDDE,215,0.0,91.1,1403,456,departed,departed,False,4,13,55,8,afternoon,False,4.051266666666667,HNN,216,0.9953703703703703,1,0.0,6.151173222222222,0.0
12925,HNN,216,0.0,91.1,1408,451,departed,departed,False,4,13,55,8,afternoon,False,4.051266666666667,SNP,217,0.9953917050691244,1,0.0,6.151173222222222,35.0
12925,SNP,217,35.0,90.0,1414,445,departed,departed,True,4,13,55,8,afternoon,False,4.051266666666667,SLKN,218,0.9954128440366973,1,141.79433333333333,6.0769,0.0
12925,SLKN,218,0.0,90.0,1422,437,departed,departed,False,4,13,55,8,afternoon,False,4.051266666666667,RUG,219,0.9954337899543378,1,0.0,6.0769,0.0
12925,RUG,219,0.0,90.0,1425,434,departed,departed,False,4,13,55,8,afternoon,False,4.051266666666667,GNU,220,0.9954545454545455,1,0.0,6.0769,0.0
12925,GNU,220,0.0,90.0,1430,429,departed,departed,False,4,13,55,8,afternoon,False,4.051266666666667,BDMJ,221,0.995475113122172,1,0.0,6.0769,0.0
12925,BDMJ,221,0.0,90.0,1435,424,departed,departed,False,4,13,55,8,afternoon,False,4.051266666666667,SMK,222,0.9954954954954955,1,0.0,6.0769,0.0
12925,SMK,222,0.0,90.0,1442,417,departed,departed,False,4,13,55,8,afternoon,False,4.051266666666667,DWNA,223,0.9955156950672646,1,0.0,6.0769,0.0
12925,DWNA,223,0.0,90.0,1451,408,departed,departed,False,4,13,55,8,afternoon,False,4.051266666666667,PNP,224,0.9955357142857143,1,0.0,6.0769,57.0
12925,PNP,224,57.0,92.7,1459,400,departed,departed,True,4,13,55,8,afternoon,False,4.051266666666667,BBDE,225,0.9955555555555555,1,230.9222,6.259207000000001,0.0
12925,BBDE,225,0.0,92.7,1465,394,departed,departed,False,4,13,55,8,afternoon,False,4.051266666666667,KFU,226,0.995575221238938,1,0.0,6.259207000000001,0.0
12925,KFU,226,0.0,92.7,1470,389,departed,departed,False,4,13,55,8,afternoon,False,4.051266666666667,GRA,227,0.9955947136563876,1,0.0,6.259207000000001,0.0
12925,GRA,227,0.0,92.7,1476,383,departed,departed,False,4,13,55,8,afternoon,False,4.051266666666667,BZJT,228,0.9956140350877193,1,0.0,6.259207000000001,0.0
12925,BZJT,228,0.0,92.7,1484,375,departed,departed,False,4,13,55,8,afternoon,False,4.051266666666667,KUN,229,0.9956331877729258,1,0.0,6.259207000000001,56.0
12925,KUN,229,56.0,86.1,1493,366,departed,departed,True,4,13,55,8,afternoon,False,4.051266666666667,BZK,230,0.9956521739130435,1,226.87093333333334,5.813567666666667,0.0
12925,BZK,230,0.0,86.1,1500,359,departed,departed,False,4,13,55,8,afternoon,False,4.051266666666667,TRR,231,0.9956709956709957,1,0.0,5.813567666666667,0.0
12925,TRR,231,0.0,86.1,1505,354,departed,departed,False,4,13,55,8,afternoon,False,4.051266666666667,NLKR,232,0.9956896551724138,1,0.0,5.813567666666667,0.0
12925,NLKR,232,0.0,86.1,1509,350,departed,departed,False,4,13,55,8,afternoon,False,4.051266666666667,AMIN,233,0.9957081545064378,1,0.0,5.813567666666667,0.0
12925,AMIN,233,0.0,86.1,1518,341,departed,departed,False,4,13,55,8,afternoon,False,4.051266666666667,KKDE,234,0.9957264957264957,1,0.0,5.813567666666667,59.0
12925,KKDE,234,59.0,31.9,1526,333,departed,departed,True,4,13,55,8,afternoon,False,4.051266666666667,DHKR,235,0.9957446808510638,1,239.02473333333333,2.1539234444444446,0.0
12925,DHKR,235,0.0,31.9,1532,327,departed,departed,False,4,13,55,8,afternoon,False,4.051266666666667,DPP,236,0.9957627118644068,1,0.0,2.1539234444444446,0.0
12925,DPP,236,0.0,31.9,1537,322,departed,departed,False,4,13,55,8,afternoon,False,4.051266666666667,DHMZ,237,0.9957805907172996,1,0.0,2.1539234444444446,0.0
12925,DHMZ,237,0.0,31.9,1543,316,departed,departed,False,4,13,55,8,afternoon,False,4.051266666666667,SHDM,238,0.9957983193277311,1,0.0,2.1539234444444446,0.0
12925,SHDM,238,0.0,31.9,1548,311,departed,departed,False,4,13,55,8,afternoon,False,4.051266666666667,MOY,239,0.99581589958159,1,0.0,2.1539234444444446,0.0
12925,MOY,239,0.0,31.9,1558,301,departed,departed,False,4,13,55,8,afternoon,False,4.051266666666667,UMB,240,0.9958333333333333,1,0.0,2.1539234444444446,13.0
12925,UMB,240,13.0,62.8,1568,291,departed,departed,True,4,13,55,8,afternoon,False,4.051266666666667,DKT,241,0.995850622406639,1,52.666466666666665,4.240325777777778,0.0
12925,DKT,241,0.0,62.8,1576,283,departed,departed,False,4,13,55,8,afternoon,False,4.051266666666667,LLU,242,0.9958677685950413,1,0.0,4.240325777777778,0.0
12925,LLU,242,0.0,62.8,1586,273,departed,departed,False,4,13,55,8,afternoon,False,4.051266666666667,DHPR,243,0.9958847736625515,1,0.0,4.240325777777778,0.0
12925,DHPR,243,0.0,62.8,1591,268,departed,departed,False,4,13,55,8,afternoon,False,4.051266666666667,GHG,244,0.9959016393442623,1,0.0,4.240325777777778,0.0
12925,GHG,244,0.0,62.8,1602,257,departed,departed,False,4,13,55,8,afternoon,False,4.051266666666667,CDG,245,0.9959183673469387,1,0.0,4.240325777777778,25.0
12925,CDG,245,25.0,66.0,1613,246,departed,departed,True,4,13,55,8,afternoon,False,4.051266666666667,SASN,246,0.9959349593495935,1,101.28166666666667,4.456393333333334,26.0
12925,SASN,246,26.0,52.2,1624,235,departed,departed,True,4,13,55,8,afternoon,False,4.051266666666667,KARR,247,0.9959514170040485,1,105.33293333333333,3.5246020000000002,0.0
12925,KARR,247,0.0,52.2,1640,219,departed,departed,False,4,13,55,8,afternoon,False,4.051266666666667,JNCV,248,0.9959677419354839,1,0.0,3.5246020000000002,0.0
12925,JNCV,248,0.0,52.2,1655,204,departed,departed,False,4,13,55,8,afternoon,False,4.051266666666667,NMDA,249,0.9959839357429718,1,0.0,3.5246020000000002,0.0
12925,NMDA,249,0.0,52.2,1657,202,departed,departed,False,4,13,55,8,afternoon,False,4.051266666666667,KMNN,250,0.996,1,0.0,3.5246020000000002,0.0
12925,KMNN,250,0.0,52.2,1674,185,departed,departed,False,4,13,55,8,afternoon,False,4.051266666666667,SMRL,251,0.9960159362549801,1,0.0,3.5246020000000002,0.0
12925,SMRL,251,0.0,52.2,1688,171,departed,departed,False,4,13,55,8,afternoon,False,4.051266666666667,LLKN,252,0.996031746031746,1,0.0,3.5246020000000002,0.0
12925,LLKN,252,0.0,52.2,1696,163,departed,departed,False,4,13,55,8,afternoon,False,4.051266666666667,SNL,253,0.9960474308300395,1,0.0,3.5246020000000002,0.0
12925,SNL,253,0.0,52.2,1709,150,departed,departed,False,4,13,55,8,afternoon,False,4.051266666666667,DDL,254,0.9960629921259843,1,0.0,3.5246020000000002,0.0
12925,DDL,254,0.0,52.2,1717,142,departed,departed,False,4,13,55,8,afternoon,False,4.051266666666667,BHOI,255,0.996078431372549,1,0.0,3.5246020000000002,0.0
12925,BHOI,255,0.0,52.2,1721,138,departed,departed,False,4,13,55,8,afternoon,False,4.051266666666667,LDH,256,0.99609375,1,0.0,3.5246020000000002,4.0
12925,LDH,256,4.0,74.5,1724,135,departed,departed,True,4,13,55,8,afternoon,False,4.051266666666667,LDW,257,0.9961089494163424,1,16.205066666666667,5.030322777777778,0.0
12925,LDW,257,0.0,74.5,1733,126,departed,departed,False,4,13,55,8,afternoon,False,4.051266666666667,PHR,258,0.9961240310077519,1,0.0,5.030322777777778,0.0
12925,PHR,258,0.0,74.5,1737,122,departed,departed,False,4,13,55,8,afternoon,False,4.051266666666667,BTTN,259,0.9961389961389961,1,0.0,5.030322777777778,0.0
12925,BTTN,259,0.0,74.5,1744,115,departed,departed,False,4,13,55,8,afternoon,False,4.051266666666667,GRY,260,0.9961538461538462,1,0.0,5.030322777777778,0.0
12925,GRY,260,0.0,74.5,1750,109,departed,departed,False,4,13,55,8,afternoon,False,4.051266666666667,MAUL,261,0.9961685823754789,1,0.0,5.030322777777778,0.0
12925,MAUL,261,0.0,74.5,1754,105,departed,departed,False,4,13,55,8,afternoon,False,4.051266666666667,PGW,262,0.9961832061068703,1,0.0,5.030322777777778,13.0
12925,PGW,262,13.0,56.5,1760,99,departed,departed,True,4,13,55,8,afternoon,False,4.051266666666667,CEU,263,0.9961977186311787,1,52.666466666666665,3.814942777777778,0.0
12925,CEU,263,0.0,56.5,1767,92,departed,departed,False,4,13,55,8,afternoon,False,4.051266666666667,JRC,264,0.9962121212121212,1,0.0,3.814942777777778,12.0
12925,JRC,264,12.0,30.0,1776,83,departed,departed,True,4,13,55,8,afternoon,False,4.051266666666667,JUC,265,0.9962264150943396,1,48.6152,2.0256333333333334,6.0
12925,JUC,265,6.0,69.7,1781,78,departed,departed,True,4,13,55,8,afternoon,False,4.051266666666667,SRX,266,0.9962406015037594,1,24.3076,4.706221444444444,0.0
12925,SRX,266,0.0,69.7,1788,71,departed,departed,False,4,13,55,8,afternoon,False,4.051266666666667,KRE,267,0.9962546816479401,1,0.0,4.706221444444444,0.0
12925,KRE,267,0.0,69.7,1796,63,departed,departed,False,4,13,55,8,afternoon,False,4.051266666666667,HMR,268,0.996268656716418,1,0.0,4.706221444444444,0.0
12925,HMR,268,0.0,69.7,1802,57,departed,departed,False,4,13,55,8,afternoon,False,4.051266666666667,DIW,269,0.9962825278810409,1,0.0,4.706221444444444,0.0
12925,DIW,269,0.0,69.7,1813,46,departed,departed,False,4,13,55,8,afternoon,False,4.051266666666667,BEAS,270,0.9962962962962963,1,0.0,4.706221444444444,2.0
12925,BEAS,270,2.0,56.0,1817,42,at-station,at-station,True,4,13,55,8,afternoon,False,4.051266666666667,BBKR,271,0.996309963099631,1,8.102533333333334,3.7811822222222222,0.0
12925,BBKR,271,0.0,56.0,1822,37,upcoming,upcoming,False,4,13,55,8,afternoon,False,4.051266666666667,BTR,272,0.9963235294117647,1,0.0,3.7811822222222222,0.0
12925,BTR,272,0.0,56.0,1828,31,upcoming,upcoming,False,4,13,55,8,afternoon,False,4.051266666666667,TRA,273,0.9963369963369964,1,0.0,3.7811822222222222,0.0
12925,TRA,273,0.0,56.0,1834,25,upcoming,upcoming,False,4,13,55,8,afternoon,False,4.051266666666667,JNL,274,0.9963503649635036,1,0.0,3.7811822222222222,0.0
12925,JNL,274,0.0,56.0,1841,18,upcoming,upcoming,False,4,13,55,8,afternoon,False,4.051266666666667,MOW,275,0.9963636363636363,1,0.0,3.7811822222222222,0.0
12925,MOW,275,0.0,56.0,1850,9,upcoming,upcoming,False,4,13,55,8,afternoon,False,4.051266666666667,ASR,276,0.9963768115942029,1,0.0,3.7811822222222222,4.0
12926,ASR,1,7.0,90.0,0,1859,departed,departed,True,4,13,55,8,afternoon,False,3.985383333333333,MOW,2,0.5,1,27.897683333333333,5.978075,0.0
12926,MOW,2,0.0,90.0,10,1849,departed,departed,False,4,13,55,8,afternoon,False,3.985383333333333,JNL,3,0.6666666666666666,1,0.0,5.978075,0.0
12926,JNL,3,0.0,90.0,19,1840,departed,departed,False,4,13,55,8,afternoon,False,3.985383333333333,TRA,4,0.75,1,0.0,5.978075,0.0
12926,TRA,4,0.0,90.0,25,1834,departed,departed,False,4,13,55,8,afternoon,False,3.985383333333333,BTR,5,0.8,1,0.0,5.978075,0.0
12926,BTR,5,0.0,90.0,31,1828,departed,departed,False,4,13,55,8,afternoon,False,3.985383333333333,BBKR,6,0.8333333333333334,1,0.0,5.978075,0.0
12926,BBKR,6,0.0,90.0,37,1822,departed,departed,False,4,13,55,8,afternoon,False,3.985383333333333,BEAS,7,0.8571428571428571,1,0.0,5.978075,4.0
12926,BEAS,7,4.0,60.0,42,1817,departed,departed,True,4,13,55,8,afternoon,False,3.985383333333333,DIW,8,0.875,1,15.941533333333332,3.985383333333333,0.0
12926,DIW,8,0.0,60.0,46,1813,departed,departed,False,4,13,55,8,afternoon,False,3.985383333333333,HMR,9,0.8888888888888888,1,0.0,3.985383333333333,0.0
12926,HMR,9,0.0,60.0,58,1801,departed,departed,False,4,13,55,8,afternoon,False,3.985383333333333,KRE,10,0.9,1,0.0,3.985383333333333,0.0
12926,KRE,10,0.0,60.0,64,1795,departed,departed,False,4,13,55,8,afternoon,False,3.985383333333333,SRX,11,0.9090909090909091,1,0.0,3.985383333333333,0.0
12926,SRX,11,0.0,60.0,71,1788,departed,departed,False,4,13,55,8,afternoon,False,3.985383333333333,JUC,12,0.9166666666666666,1,0.0,3.985383333333333,0.0
12926,JUC,12,0.0,30.0,79,1780,departed,departed,True,4,13,55,8,afternoon,False,3.985383333333333,JRC,13,0.9230769230769231,1,0.0,1.9926916666666665,27.0
12926,JRC,13,27.0,85.0,83,1776,departed,departed,True,4,13,55,8,afternoon,False,3.985383333333333,CEU,14,0.9285714285714286,1,107.60534999999999,5.645959722222221,0.0
12926,CEU,14,0.0,85.0,92,1767,departed,departed,False,4,13,55,8,afternoon,False,3.985383333333333,PGW,15,0.9333333333333333,1,0.0,5.645959722222221,29.0
12926,PGW,15,29.0,61.8,100,1759,departed,departed,True,4,13,55,8,afternoon,False,3.985383333333333,MAUL,16,0.9375,1,115.57611666666666,4.104944833333333,0.0
12926,MAUL,16,0.0,61.8,105,1754,departed,departed,False,4,13,55,8,afternoon,False,3.985383333333333,GRY,17,0.9411764705882353,1,0.0,4.104944833333333,0.0
12926,GRY,17,0.0,61.8,110,1749,departed,departed,False,4,13,55,8,afternoon,False,3.985383333333333,BTTN,18,0.9444444444444444,1,0.0,4.104944833333333,0.0
12926,BTTN,18,0.0,61.8,115,1744,departed,departed,False,4,13,55,8,afternoon,False,3.985383333333333,PHR,19,0.9473684210526315,1,0.0,4.104944833333333,0.0
12926,PHR,19,26.0,61.8,122,1737,departed,departed,False,4,13,55,8,afternoon,False,3.985383333333333,LDW,20,0.95,1,103.61996666666666,4.104944833333333,0.0
12926,LDW,20,0.0,61.8,127,1732,departed,departed,False,4,13,55,8,afternoon,False,3.985383333333333,LDH,21,0.9523809523809523,1,0.0,4.104944833333333,22.0
12926,LDH,21,22.0,49.6,135,1724,departed,departed,True,4,13,55,8,afternoon,False,3.985383333333333,BHOI,22,0.9545454545454546,1,87.67843333333333,3.294583555555555,0.0
12926,BHOI,22,0.0,49.6,138,1721,departed,departed,False,4,13,55,8,afternoon,False,3.985383333333333,DDL,23,0.9565217391304348,1,0.0,3.294583555555555,0.0
12926,DDL,23,25.0,49.6,143,1716,departed,departed,False,4,13,55,8,afternoon,False,3.985383333333333,SNL,24,0.9583333333333334,1,99.63458333333332,3.294583555555555,0.0
12926,SNL,24,0.0,49.6,151,1708,departed,departed,False,4,13,55,8,afternoon,False,3.985383333333333,LLKN,25,0.96,1,0.0,3.294583555555555,0.0
12926,LLKN,25,0.0,49.6,163,1696,departed,departed,False,4,13,55,8,afternoon,False,3.985383333333333,SMRL,26,0.9615384615384616,1,0.0,3.294583555555555,0.0
12926,SMRL,26,0.0,49.6,171,1688,departed,departed,False,4,13,55,8,afternoon,False,3.985383333333333,KMNN,27,0.9629629629629629,1,0.0,3.294583555555555,0.0
12926,KMNN,27,0.0,49.6,185,1674,departed,departed,False,4,13,55,8,afternoon,False,3.985383333333333,NMDA,28,0.9642857142857143,1,0.0,3.294583555555555,0.0
12926,NMDA,28,0.0,49.6,203,1656,departed,departed,False,4,13,55,8,afternoon,False,3.985383333333333,JNCV,29,0.9655172413793104,1,0.0,3.294583555555555,0.0
12926,JNCV,29,0.0,49.6,204,1655,departed,departed,False,4,13,55,8,afternoon,False,3.985383333333333,KARR,30,0.9666666666666667,1,0.0,3.294583555555555,0.0
12926,KARR,30,0.0,49.6,219,1640,departed,departed,False,4,13,55,8,afternoon,False,3.985383333333333,GHG,33,0.9090909090909091,3,0.0,3.294583555555555,0.0
12926,SASN,31,0.0,26.7,235,1624,departed,departed,True,4,13,55,8,afternoon,False,3.985383333333333,GHG,33,0.9393939393939394,2,0.0,1.773495583333333,0.0
12926,CDG,32,0.0,67.5,247,1612,departed,departed,True,4,13,55,8,afternoon,False,3.985383333333333,GHG,33,0.9696969696969697,1,0.0,4.48355625,0.0
12926,GHG,33,0.0,67.5,258,1601,departed,departed,False,4,13,55,8,afternoon,False,3.985383333333333,DHPR,34,0.9705882352941176,1,0.0,4.48355625,0.0
12926,DHPR,34,0.0,67.5,269,1590,departed,departed,False,4,13,55,8,afternoon,False,3.985383333333333,LLU,35,0.9714285714285714,1,0.0,4.48355625,0.0
12926,LLU,35,0.0,67.5,273,1586,departed,departed,False,4,13,55,8,afternoon,False,3.985383333333333,DKT,36,0.9722222222222222,1,0.0,4.48355625,0.0
12926,DKT,36,0.0,67.5,283,1576,departed,departed,False,4,13,55,8,afternoon,False,3.985383333333333,UMB,37,0.972972972972973,1,0.0,4.48355625,2.0
12926,UMB,37,2.0,84.8,292,1567,departed,departed,True,4,13,55,8,afternoon,False,3.985383333333333,MOY,38,0.9736842105263158,1,7.970766666666666,5.63267511111111,0.0
12926,MOY,38,0.0,84.8,301,1558,departed,departed,False,4,13,55,8,afternoon,False,3.985383333333333,SHDM,39,0.9743589743589743,1,0.0,5.63267511111111,0.0
12926,SHDM,39,0.0,84.8,311,1548,departed,departed,False,4,13,55,8,afternoon,False,3.985383333333333,DHMZ,40,0.975,1,0.0,5.63267511111111,0.0
12926,DHMZ,40,0.0,84.8,317,1542,departed,departed,False,4,13,55,8,afternoon,False,3.985383333333333,DPP,41,0.975609756097561,1,0.0,5.63267511111111,0.0
12926,DPP,41,0.0,84.8,322,1537,departed,departed,False,4,13,55,8,afternoon,False,3.985383333333333,DHKR,42,0.9761904761904762,1,0.0,5.63267511111111,0.0
12926,DHKR,42,0.0,84.8,328,1531,departed,departed,False,4,13,55,8,afternoon,False,3.985383333333333,KKDE,43,0.9767441860465116,1,0.0,5.63267511111111,4.0
12926,KKDE,43,4.0,86.1,333,1526,departed,departed,True,4,13,55,8,afternoon,False,3.985383333333333,AMIN,44,0.9772727272727273,1,15.941533333333332,5.7190250833333325,0.0
12926,AMIN,44,0.0,86.1,342,1517,departed,departed,False,4,13,55,8,afternoon,False,3.985383333333333,NLKR,45,0.9777777777777777,1,0.0,5.7190250833333325,0.0
12926,NLKR,45,0.0,86.1,350,1509,departed,departed,False,4,13,55,8,afternoon,False,3.985383333333333,TRR,46,0.9782608695652174,1,0.0,5.7190250833333325,0.0
12926,TRR,46,0.0,86.1,354,1505,departed,departed,False,4,13,55,8,afternoon,False,3.985383333333333,BZK,47,0.9787234042553191,1,0.0,5.7190250833333325,0.0
12926,BZK,47,0.0,86.1,359,1500,departed,departed,False,4,13,55,8,afternoon,False,3.985383333333333,KUN,48,0.9791666666666666,1,0.0,5.7190250833333325,6.0
12926,KUN,48,6.0,95.5,366,1493,departed,departed,True,4,13,55,8,afternoon,False,3.985383333333333,BZJT,49,0.9795918367346939,1,23.9123,6.343401805555556,0.0
12926,BZJT,49,0.0,95.5,376,1483,departed,departed,False,4,13,55,8,afternoon,False,3.985383333333333,GRA,50,0.98,1,0.0,6.343401805555556,0.0
12926,GRA,50,0.0,95.5,384,1475,departed,departed,False,4,13,55,8,afternoon,False,3.985383333333333,KFU,51,0.9803921568627451,1,0.0,6.343401805555556,0.0
12926,KFU,51,0.0,95.5,389,1470,departed,departed,False,4,13,55,8,afternoon,False,3.985383333333333,BBDE,52,0.9807692307692307,1,0.0,6.343401805555556,0.0
12926,BBDE,52,14.0,95.5,394,1465,departed,departed,False,4,13,55,8,afternoon,False,3.985383333333333,PNP,53,0.9811320754716981,1,55.795366666666666,6.343401805555556,14.0
12926,PNP,53,14.0,96.4,401,1458,departed,departed,True,4,13,55,8,afternoon,False,3.985383333333333,DWNA,54,0.9814814814814815,1,55.795366666666666,6.4031825555555555,0.0
12926,DWNA,54,0.0,96.4,409,1450,departed,departed,False,4,13,55,8,afternoon,False,3.985383333333333,SMK,55,0.9818181818181818,1,0.0,6.4031825555555555,0.0
12926,SMK,55,0.0,96.4,417,1442,departed,departed,False,4,13,55,8,afternoon,False,3.985383333333333,BDMJ,56,0.9821428571428571,1,0.0,6.4031825555555555,0.0
12926,BDMJ,56,18.0,96.4,424,1435,departed,departed,False,4,13,55,8,afternoon,False,3.985383333333333,GNU,57,0.9824561403508771,1,71.73689999999999,6.4031825555555555,0.0
12926,GNU,57,0.0,96.4,430,1429,departed,departed,False,4,13,55,8,afternoon,False,3.985383333333333,RUG,58,0.9827586206896551,1,0.0,6.4031825555555555,0.0
12926,RUG,58,15.0,96.4,434,1425,departed,departed,False,4,13,55,8,afternoon,False,3.985383333333333,SLKN,59,0.9830508474576272,1,59.78075,6.4031825555555555,0.0
12926,SLKN,59,15.0,96.4,437,1422,departed,departed,False,4,13,55,8,afternoon,False,3.985383333333333,SNP,60,0.9833333333333333,1,59.78075,6.4031825555555555,17.0
12926,SNP,60,17.0,82.8,446,1413,departed,departed,True,4,13,55,8,afternoon,False,3.985383333333333,HNN,61,0.9836065573770492,1,67.75151666666666,5.499829,0.0
12926,HNN,61,27.0,82.8,451,1408,departed,departed,False,4,13,55,8,afternoon,False,3.985383333333333,RDDE,62,0.9838709677419355,1,107.60534999999999,5.499829,0.0
12926,RDDE,62,26.0,82.8,456,1403,departed,departed,False,4,13,55,8,afternoon,False,3.985383333333333,NUR,63,0.9841269841269841,1,103.61996666666666,5.499829,0.0
12926,NUR,63,27.0,82.8,463,1396,departed,departed,False,4,13,55,8,afternoon,False,3.985383333333333,HUK,64,0.984375,1,107.60534999999999,5.499829,0.0
12926,HUK,64,0.0,82.8,468,1391,departed,departed,False,4,13,55,8,afternoon,False,3.985383333333333,KHKN,65,0.9846153846153847,1,0.0,5.499829,0.0
12926,KHKN,65,27.0,82.8,472,1387,departed,departed,False,4,13,55,8,afternoon,False,3.985383333333333,BHD,66,0.9848484848484849,1,107.60534999999999,5.499829,0.0
12926,BHD,66,0.0,82.8,475,1384,departed,departed,False,4,13,55,8,afternoon,False,3.985383333333333,ANDI,67,0.9850746268656716,1,0.0,5.499829,0.0
12926,ANDI,67,28.0,82.8,480,1379,departed,departed,False,4,13,55,8,afternoon,False,3.985383333333333,DAZ,68,0.9852941176470589,1,111.59073333333333,5.499829,0.0
12926,DAZ,68,30.0,82.8,482,1377,departed,departed,False,4,13,55,8,afternoon,False,3.985383333333333,SZM,69,0.9855072463768116,1,119.5615,5.499829,33.0
12926,SZM,69,33.0,4.9,486,1373,departed,departed,True,4,13,55,8,afternoon,False,3.985383333333333,DSB,70,0.9857142857142858,1,131.51765,0.3254729722222222,0.0
12926,DSB,70,15.0,4.9,488,1371,departed,departed,False,4,13,55,8,afternoon,False,3.985383333333333,NDLS,71,0.9859154929577465,1,59.78075,0.3254729722222222,2.0
12926,NDLS,71,2.0,62.2,490,1369,departed,departed,True,4,13,55,8,afternoon,False,3.985383333333333,CSB,72,0.9861111111111112,1,7.970766666666666,4.131514055555555,0.0
12926,CSB,72,7.0,62.2,491,1368,departed,departed,False,4,13,55,8,afternoon,False,3.985383333333333,TKJ,73,0.9863013698630136,1,27.897683333333333,4.131514055555555,0.0
12926,TKJ,73,10.0,62.2,493,1366,departed,departed,False,4,13,55,8,afternoon,False,3.985383333333333,NZM,74,0.9864864864864865,1,39.85383333333333,4.131514055555555,0.0
12926,NZM,74,12.0,62.2,497,1362,departed,departed,False,4,13,55,8,afternoon,False,3.985383333333333,OKA,75,0.9866666666666667,1,47.8246,4.131514055555555,0.0
12926,OKA,75,0.0,62.2,501,1358,departed,departed,False,4,13,55,8,afternoon,False,3.985383333333333,TKD,76,0.9868421052631579,1,0.0,4.131514055555555,0.0
12926,TKD,76,10.0,62.2,508,1351,departed,departed,False,4,13,55,8,afternoon,False,3.985383333333333,TKDC,77,0.987012987012987,1,39.85383333333333,4.131514055555555,0.0
12926,TKDC,77,0.0,62.2,513,1346,departed,departed,False,4,13,55,8,afternoon,False,3.985383333333333,FDB,78,0.9871794871794872,1,0.0,4.131514055555555,51.0
12926,FDB,78,51.0,53.8,518,1341,departed,departed,True,4,13,55,8,afternoon,False,3.985383333333333,FDN,79,0.9873417721518988,1,203.25455,3.5735603888888883,0.0
12926,FDN,79,0.0,53.8,522,1337,departed,departed,False,4,13,55,8,afternoon,False,3.985383333333333,BVH,80,0.9875,1,0.0,3.5735603888888883,0.0
12926,BVH,80,0.0,53.8,526,1333,departed,departed,False,4,13,55,8,afternoon,False,3.985383333333333,PYLA,81,0.9876543209876543,1,0.0,3.5735603888888883,0.0
12926,PYLA,81,0.0,53.8,532,1327,departed,departed,False,4,13,55,8,afternoon,False,3.985383333333333,AST,82,0.9878048780487805,1,0.0,3.5735603888888883,0.0
12926,AST,82,0.0,53.8,536,1323,departed,departed,False,4,13,55,8,afternoon,False,3.985383333333333,PWL,83,0.9879518072289156,1,0.0,3.5735603888888883,0.0
12926,PWL,83,0.0,53.8,547,1312,departed,departed,False,4,13,55,8,afternoon,False,3.985383333333333,RDE,84,0.9880952380952381,1,0.0,3.5735603888888883,0.0
12926,RDE,84,35.0,53.8,556,1303,departed,departed,False,4,13,55,8,afternoon,False,3.985383333333333,SHLK,85,0.9882352941176471,1,139.48841666666667,3.5735603888888883,0.0
12926,SHLK,85,0.0,53.8,567,1292,departed,departed,False,4,13,55,8,afternoon,False,3.985383333333333,BNCR,86,0.9883720930232558,1,0.0,3.5735603888888883,0.0
12926,BNCR,86,0.0,53.8,570,1289,departed,departed,False,4,13,55,8,afternoon,False,3.985383333333333,HDL,87,0.9885057471264368,1,0.0,3.5735603888888883,0.0
12926,HDL,87,0.0,53.8,577,1282,departed,departed,False,4,13,55,8,afternoon,False,3.985383333333333,KSV,88,0.9886363636363636,1,0.0,3.5735603888888883,0.0
12926,KSV,88,14.0,53.8,590,1269,departed,departed,False,4,13,55,8,afternoon,False,3.985383333333333,CHJ,89,0.9887640449438202,1,55.795366666666666,3.5735603888888883,0.0
12926,CHJ,89,10.0,53.8,600,1259,departed,departed,False,4,13,55,8,afternoon,False,3.985383333333333,AJH,90,0.9888888888888889,1,39.85383333333333,3.5735603888888883,0.0
12926,AJH,90,11.0,53.8,610,1249,departed,departed,False,4,13,55,8,afternoon,False,3.985383333333333,VRBD,91,0.989010989010989,1,43.839216666666665,3.5735603888888883,0.0
12926,VRBD,91,0.0,53.8,621,1238,departed,departed,False,4,13,55,8,afternoon,False,3.985383333333333,BTSR,92,0.9891304347826086,1,0.0,3.5735603888888883,0.0
12926,BTSR,92,3.0,53.8,628,1231,departed,departed,False,4,13,55,8,afternoon,False,3.985383333333333,MTJ,93,0.989247311827957,1,11.95615,3.5735603888888883,13.0
12926,MTJ,93,13.0,86.1,631,1228,at-station,at-station,True,4,13,55,8,afternoon,False,3.985383333333333,MSRP,94,0.9893617021276596,1,51.80998333333333,5.7190250833333325,0.0
12926,MSRP,94,0.0,86.1,639,1220,upcoming,upcoming,False,4,13,55,8,afternoon,False,3.985383333333333,CRG,95,0.9894736842105263,1,0.0,5.7190250833333325,0.0
12926,CRG,95,0.0,86.1,642,1217,upcoming,upcoming,False,4,13,55,8,afternoon,False,3.985383333333333,JJA,96,0.9895833333333334,1,0.0,5.7190250833333325,0.0
12926,JJA,96,0.0,86.1,648,1211,upcoming,upcoming,False,4,13,55,8,afternoon,False,3.985383333333333,RKR,97,0.9896907216494846,1,0.0,5.7190250833333325,0.0
12926,RKR,97,0.0,86.1,652,1207,upcoming,upcoming,False,4,13,55,8,afternoon,False,3.985383333333333,DUM,98,0.9897959183673469,1,0.0,5.7190250833333325,0.0
12926,DUM,98,0.0,86.1,656,1203,upcoming,upcoming,False,4,13,55,8,afternoon,False,3.985383333333333,BTE,99,0.98989898989899,1,0.0,5.7190250833333325,14.0
12926,BTE,99,13.0,76.4,664,1195,upcoming,upcoming,True,4,13,55,8,afternoon,False,3.985383333333333,SWAR,100,0.99,1,51.80998333333333,5.074721444444445,0.0
12926,SWAR,100,0.0,76.4,674,1185,upcoming,upcoming,False,4,13,55,8,afternoon,False,3.985383333333333,JCU,101,0.9900990099009901,1,0.0,5.074721444444445,0.0
12926,JCU,101,0.0,76.4,679,1180,upcoming,upcoming,False,4,13,55,8,afternoon,False,3.985383333333333,PNGR,102,0.9901960784313726,1,0.0,5.074721444444445,0.0
12926,PNGR,102,0.0,76.4,685,1174,upcoming,upcoming,False,4,13,55,8,afternoon,False,3.985383333333333,KEV,103,0.9902912621359223,1,0.0,5.074721444444445,0.0
12926,KEV,103,0.0,76.4,694,1165,upcoming,upcoming,False,4,13,55,8,afternoon,False,3.985383333333333,SABD,104,0.9903846153846154,1,0.0,5.074721444444445,0.0
12926,SABD,104,0.0,76.4,698,1161,upcoming,upcoming,False,4,13,55,8,afternoon,False,3.985383333333333,BXN,105,0.9904761904761905,1,0.0,5.074721444444445,14.0
12926,BXN,105,13.0,86.1,706,1153,upcoming,upcoming,True,4,13,55,8,afternoon,False,3.985383333333333,DY,106,0.9905660377358491,1,51.80998333333333,5.7190250833333325,0.0
12926,DY,106,0.0,86.1,715,1144,upcoming,upcoming,False,4,13,55,8,afternoon,False,3.985383333333333,FSP,107,0.9906542056074766,1,0.0,5.7190250833333325,0.0
12926,FSP,107,0.0,86.1,726,1133,upcoming,upcoming,False,4,13,55,8,afternoon,False,3.985383333333333,DNHK,108,0.9907407407407407,1,0.0,5.7190250833333325,0.0
12926,DNHK,108,0.0,86.1,731,1128,upcoming,upcoming,False,4,13,55,8,afternoon,False,3.985383333333333,HAN,109,0.9908256880733946,1,0.0,5.7190250833333325,14.0
12926,HAN,109,13.0,88.0,739,1120,upcoming,upcoming,True,4,13,55,8,afternoon,False,3.985383333333333,SKDM,110,0.990909090909091,1,51.80998333333333,5.845228888888888,0.0
12926,SKDM,110,0.0,88.0,744,1115,upcoming,upcoming,False,4,13,55,8,afternoon,False,3.985383333333333,SMVJ,111,0.990990990990991,1,0.0,5.845228888888888,0.0
12926,SMVJ,111,0.0,88.0,749,1110,upcoming,upcoming,False,4,13,55,8,afternoon,False,3.985383333333333,KNDP,112,0.9910714285714286,1,0.0,5.845228888888888,0.0
12926,KNDP,112,0.0,88.0,756,1103,upcoming,upcoming,False,4,13,55,8,afternoon,False,3.985383333333333,PDZ,113,0.9911504424778761,1,0.0,5.845228888888888,0.0
12926,PDZ,113,0.0,88.0,763,1096,upcoming,upcoming,False,4,13,55,8,afternoon,False,3.985383333333333,COO,114,0.9912280701754386,1,0.0,5.845228888888888,0.0
12926,COO,114,0.0,88.0,770,1089,upcoming,upcoming,False,4,13,55,8,afternoon,False,3.985383333333333,GGC,115,0.991304347826087,1,0.0,5.845228888888888,14.0
12926,GGC,115,13.0,89.3,783,1076,upcoming,upcoming,True,4,13,55,8,afternoon,False,3.985383333333333,LRU,116,0.9913793103448276,1,51.80998333333333,5.93157886111111,0.0
12926,LRU,116,0.0,89.3,789,1070,upcoming,upcoming,False,4,13,55,8,afternoon,False,3.985383333333333,NNW,117,0.9914529914529915,1,0.0,5.93157886111111,0.0
12926,NNW,117,0.0,89.3,800,1059,upcoming,upcoming,False,4,13,55,8,afternoon,False,3.985383333333333,NMD,118,0.9915254237288136,1,0.0,5.93157886111111,0.0
12926,NMD,118,0.0,89.3,810,1049,upcoming,upcoming,False,4,13,55,8,afternoon,False,3.985383333333333,MLZ,119,0.9915966386554622,1,0.0,5.93157886111111,0.0
12926,MLZ,119,0.0,89.3,817,1042,upcoming,upcoming,False,4,13,55,8,afternoon,False,3.985383333333333,MXL,120,0.9916666666666667,1,0.0,5.93157886111111,0.0
12926,MXL,120,0.0,89.3,828,1031,upcoming,upcoming,False,4,13,55,8,afternoon,False,3.985383333333333,RNT,121,0.9917355371900827,1,0.0,5.93157886111111,0.0
12926,RNT,121,0.0,89.3,837,1022,upcoming,upcoming,False,4,13,55,8,afternoon,False,3.985383333333333,SMDC,122,0.9918032786885246,1,0.0,5.93157886111111,0.0
12926,SMDC,122,0.0,89.3,843,1016,upcoming,upcoming,False,4,13,55,8,afternoon,False,3.985383333333333,SWM,123,0.991869918699187,1,0.0,5.93157886111111,14.0
12926,SWM,123,13.0,72.0,847,1012,upcoming,upcoming,True,4,13,55,8,afternoon,False,3.985383333333333,KTA,124,0.9919354838709677,1,51.80998333333333,4.7824599999999995,0.0
12926,KTA,124,0.0,72.0,854,1005,upcoming,upcoming,False,4,13,55,8,afternoon,False,3.985383333333333,RWJ,125,0.992,1,0.0,4.7824599999999995,0.0
12926,RWJ,125,0.0,72.0,862,997,upcoming,upcoming,False,4,13,55,8,afternoon,False,3.985383333333333,AMLI,126,0.9920634920634921,1,0.0,4.7824599999999995,0.0
12926,AMLI,126,0.0,72.0,870,989,upcoming,upcoming,False,4,13,55,8,afternoon,False,3.985383333333333,IDG,127,0.9921259842519685,1,0.0,4.7824599999999995,0.0
12926,IDG,127,0.0,72.0,883,976,upcoming,upcoming,False,4,13,55,8,afternoon,False,3.985383333333333,LKE,128,0.9921875,1,0.0,4.7824599999999995,0.0
12926,LKE,128,0.0,72.0,894,965,upcoming,upcoming,False,4,13,55,8,afternoon,False,3.985383333333333,LBN,129,0.9922480620155039,1,0.0,4.7824599999999995,0.0
12926,LBN,129,0.0,72.0,902,957,upcoming,upcoming,False,4,13,55,8,afternoon,False,3.985383333333333,GKB,130,0.9923076923076923,1,0.0,4.7824599999999995,0.0
12926,GKB,130,0.0,72.0,911,948,upcoming,upcoming,False,4,13,55,8,afternoon,False,3.985383333333333,KPZ,131,0.9923664122137404,1,0.0,4.7824599999999995,0.0
12926,KPZ,131,0.0,72.0,921,938,upcoming,upcoming,False,4,13,55,8,afternoon,False,3.985383333333333,ARE,132,0.9924242424242424,1,0.0,4.7824599999999995,0.0
12926,ARE,132,0.0,72.0,930,929,upcoming,upcoming,False,4,13,55,8,afternoon,False,3.985383333333333,KPTN,133,0.9924812030075187,1,0.0,4.7824599999999995,0.0
12926,KPTN,133,0.0,72.0,941,918,upcoming,upcoming,False,4,13,55,8,afternoon,False,3.985383333333333,GNCN,134,0.9925373134328358,1,0.0,4.7824599999999995,0.0
12926,GNCN,134,0.0,72.0,946,913,upcoming,upcoming,False,4,13,55,8,afternoon,False,3.985383333333333,GQL,135,0.9925925925925926,1,0.0,4.7824599999999995,0.0
12926,GQL,135,0.0,72.0,949,910,upcoming,upcoming,False,4,13,55,8,afternoon,False,3.985383333333333,KCCN,136,0.9926470588235294,1,0.0,4.7824599999999995,0.0
12926,KCCN,136,0.0,72.0,952,907,upcoming,upcoming,False,4,13,55,8,afternoon,False,3.985383333333333,KOTA,137,0.9927007299270073,1,0.0,4.7824599999999995,14.0
12926,KOTA,137,13.0,81.5,955,904,upcoming,upcoming,True,4,13,55,8,afternoon,False,3.985383333333333,NKOT,138,0.9927536231884058,1,51.80998333333333,5.413479027777778,0.0
12926,NKOT,138,0.0,81.5,964,895,upcoming,upcoming,False,4,13,55,8,afternoon,False,3.985383333333333,DDV,139,0.9928057553956835,1,0.0,5.413479027777778,0.0
12926,DDV,139,0.0,81.5,971,888,upcoming,upcoming,False,4,13,55,8,afternoon,False,3.985383333333333,ALNI,140,0.9928571428571429,1,0.0,5.413479027777778,0.0
12926,ALNI,140,0.0,81.5,977,882,upcoming,upcoming,False,4,13,55,8,afternoon,False,3.985383333333333,RDT,141,0.9929078014184397,1,0.0,5.413479027777778,0.0
12926,RDT,141,0.0,81.5,989,870,upcoming,upcoming,False,4,13,55,8,afternoon,False,3.985383333333333,DARA,142,0.9929577464788732,1,0.0,5.413479027777778,0.0
12926,DARA,142,0.0,81.5,1002,857,upcoming,upcoming,False,4,13,55,8,afternoon,False,3.985383333333333,KIW,143,0.993006993006993,1,0.0,5.413479027777778,0.0
12926,KIW,143,0.0,81.5,1011,848,upcoming,upcoming,False,4,13,55,8,afternoon,False,3.985383333333333,MKX,144,0.9930555555555556,1,0.0,5.413479027777778,0.0
12926,MKX,144,0.0,81.5,1017,842,upcoming,upcoming,False,4,13,55,8,afternoon,False,3.985383333333333,RMA,145,0.993103448275862,1,0.0,5.413479027777778,14.0
12926,RMA,145,13.0,76.3,1027,832,upcoming,upcoming,True,4,13,55,8,afternoon,False,3.985383333333333,JHW,146,0.9931506849315068,1,51.80998333333333,5.068079138888889,0.0
12926,JHW,146,0.0,76.3,1038,821,upcoming,upcoming,False,4,13,55,8,afternoon,False,3.985383333333333,DKRA,147,0.9931972789115646,1,0.0,5.068079138888889,0.0
12926,DKRA,147,0.0,76.3,1045,814,upcoming,upcoming,False,4,13,55,8,afternoon,False,3.985383333333333,BWM,148,0.9932432432432432,1,0.0,5.068079138888889,0.0
12926,BWM,148,0.0,76.3,1055,804,upcoming,upcoming,False,4,13,55,8,afternoon,False,3.985383333333333,KRLS,149,0.9932885906040269,1,0.0,5.068079138888889,0.0
12926,KRLS,149,0.0,76.3,1068,791,upcoming,upcoming,False,4,13,55,8,afternoon,False,3.985383333333333,GOH,150,0.9933333333333333,1,0.0,5.068079138888889,0.0
12926,GOH,150,0.0,76.3,1078,781,upcoming,upcoming,False,4,13,55,8,afternoon,False,3.985383333333333,SGZ,151,0.9933774834437086,1,0.0,5.068079138888889,14.0
12926,SGZ,151,13.0,41.5,1088,771,upcoming,upcoming,True,4,13,55,8,afternoon,False,3.985383333333333,SVA,152,0.993421052631579,1,51.80998333333333,2.7565568055555554,0.0
12926,SVA,152,0.0,41.5,1102,757,upcoming,upcoming,False,4,13,55,8,afternoon,False,3.985383333333333,NKH,153,0.9934640522875817,1,0.0,2.7565568055555554,0.0
12926,NKH,153,0.0,41.5,1107,752,upcoming,upcoming,False,4,13,55,8,afternoon,False,3.985383333333333,CMU,154,0.9935064935064936,1,0.0,2.7565568055555554,0.0
12926,CMU,154,0.0,41.5,1117,742,upcoming,upcoming,False,4,13,55,8,afternoon,False,3.985383333333333,TLZ,155,0.9935483870967742,1,0.0,2.7565568055555554,0.0
12926,TLZ,155,0.0,41.5,1122,737,upcoming,upcoming,False,4,13,55,8,afternoon,False,3.985383333333333,THUR,156,0.9935897435897436,1,0.0,2.7565568055555554,0.0
12926,THUR,156,0.0,41.5,1131,728,upcoming,upcoming,False,4,13,55,8,afternoon,False,3.985383333333333,VMA,157,0.9936305732484076,1,0.0,2.7565568055555554,0.0
12926,VMA,157,0.0,41.5,1140,719,upcoming,upcoming,False,4,13,55,8,afternoon,False,3.985383333333333,LNR,158,0.9936708860759493,1,0.0,2.7565568055555554,0.0
12926,LNR,158,0.0,41.5,1152,707,upcoming,upcoming,False,4,13,55,8,afternoon,False,3.985383333333333,MEP,159,0.9937106918238994,1,0.0,2.7565568055555554,0.0
12926,MEP,159,0.0,41.5,1163,696,upcoming,upcoming,False,4,13,55,8,afternoon,False,3.985383333333333,RLK,160,0.99375,1,0.0,2.7565568055555554,0.0
12926,RLK,160,0.0,41.5,1169,690,upcoming,upcoming,False,4,13,55,8,afternoon,False,3.985383333333333,NAD,161,0.9937888198757764,1,0.0,2.7565568055555554,14.0
12926,NAD,161,13.0,60.0,1180,679,upcoming,upcoming,True,4,13,55,8,afternoon,False,3.985383333333333,BRNA,162,0.9938271604938271,1,51.80998333333333,3.985383333333333,0.0
12926,BRNA,162,0.0,60.0,1188,671,upcoming,upcoming,False,4,13,55,8,afternoon,False,3.985383333333333,KUH,163,0.9938650306748467,1,0.0,3.985383333333333,14.0
12926,KUH,163,13.0,56.0,1193,666,upcoming,upcoming,True,4,13,55,8,afternoon,False,3.985383333333333,RNH,164,0.9939024390243902,1,51.80998333333333,3.719691111111111,0.0
12926,RNH,164,0.0,56.0,1204,655,upcoming,upcoming,False,4,13,55,8,afternoon,False,3.985383333333333,BOD,165,0.9939393939393939,1,0.0,3.719691111111111,0.0
12926,BOD,165,0.0,56.0,1211,648,upcoming,upcoming,False,4,13,55,8,afternoon,False,3.985383333333333,RTME,166,0.9939759036144579,1,0.0,3.719691111111111,0.0
12926,RTME,166,0.0,56.0,1218,641,upcoming,upcoming,False,4,13,55,8,afternoon,False,3.985383333333333,RTM,167,0.9940119760479041,1,0.0,3.719691111111111,14.0
12926,RTM,167,13.0,76.2,1221,638,upcoming,upcoming,True,4,13,55,8,afternoon,False,3.985383333333333,RTD,168,0.9940476190476191,1,51.80998333333333,5.0614368333333335,0.0
12926,RTD,168,0.0,76.2,1222,637,upcoming,upcoming,False,4,13,55,8,afternoon,False,3.985383333333333,MRN,169,0.9940828402366864,1,0.0,5.0614368333333335,0.0
12926,MRN,169,0.0,76.2,1232,627,upcoming,upcoming,False,4,13,55,8,afternoon,False,3.985383333333333,BILD,170,0.9941176470588236,1,0.0,5.0614368333333335,0.0
12926,BILD,170,0.0,76.2,1241,618,upcoming,upcoming,False,4,13,55,8,afternoon,False,3.985383333333333,RTI,171,0.9941520467836257,1,0.0,5.0614368333333335,0.0
12926,RTI,171,0.0,76.2,1248,611,upcoming,upcoming,False,4,13,55,8,afternoon,False,3.985383333333333,BOG,172,0.9941860465116279,1,0.0,5.0614368333333335,0.0
12926,BOG,172,0.0,76.2,1260,599,upcoming,upcoming,False,4,13,55,8,afternoon,False,3.985383333333333,BMI,173,0.9942196531791907,1,0.0,5.0614368333333335,0.0
12926,BMI,173,0.0,76.2,1266,593,upcoming,upcoming,False,4,13,55,8,afternoon,False,3.985383333333333,AGR,174,0.9942528735632183,1,0.0,5.0614368333333335,0.0
12926,AGR,174,0.0,76.2,1270,589,upcoming,upcoming,False,4,13,55,8,afternoon,False,3.985383333333333,PCN,175,0.9942857142857143,1,0.0,5.0614368333333335,0.0
12926,PCN,175,0.0,76.2,1279,580,upcoming,upcoming,False,4,13,55,8,afternoon,False,3.985383333333333,BJG,176,0.9943181818181818,1,0.0,5.0614368333333335,0.0
12926,BJG,176,0.0,76.2,1286,573,upcoming,upcoming,False,4,13,55,8,afternoon,False,3.985383333333333,THDR,177,0.9943502824858758,1,0.0,5.0614368333333335,0.0
12926,THDR,177,0.0,76.2,1293,566,upcoming,upcoming,False,4,13,55,8,afternoon,False,3.985383333333333,MGN,178,0.9943820224719101,1,0.0,5.0614368333333335,14.0
12926,MGN,178,13.0,82.5,1301,558,upcoming,upcoming,True,4,13,55,8,afternoon,False,3.985383333333333,ANAS,179,0.994413407821229,1,51.80998333333333,5.479902083333332,0.0
12926,ANAS,179,0.0,82.5,1316,543,upcoming,upcoming,False,4,13,55,8,afternoon,False,3.985383333333333,BIO,180,0.9944444444444445,1,0.0,5.479902083333332,0.0
12926,BIO,180,0.0,82.5,1324,535,upcoming,upcoming,False,4,13,55,8,afternoon,False,3.985383333333333,DHD,181,0.994475138121547,1,0.0,5.479902083333332,14.0
12926,DHD,181,13.0,62.6,1334,525,upcoming,upcoming,True,4,13,55,8,afternoon,False,3.985383333333333,RET,182,0.9945054945054945,1,51.80998333333333,4.158083277777778,0.0
12926,RET,182,0.0,62.6,1339,520,upcoming,upcoming,False,4,13,55,8,afternoon,False,3.985383333333333,JKT,183,0.994535519125683,1,0.0,4.158083277777778,0.0
12926,JKT,183,0.0,62.6,1345,514,upcoming,upcoming,False,4,13,55,8,afternoon,False,3.985383333333333,USRA,184,0.9945652173913043,1,0.0,4.158083277777778,0.0
12926,USRA,184,0.0,62.6,1352,507,upcoming,upcoming,False,4,13,55,8,afternoon,False,3.985383333333333,MAM,185,0.9945945945945946,1,0.0,4.158083277777778,0.0
12926,MAM,185,0.0,62.6,1357,502,upcoming,upcoming,False,4,13,55,8,afternoon,False,3.985383333333333,LMK,186,0.9946236559139785,1,0.0,4.158083277777778,0.0
12926,LMK,186,0.0,62.6,1366,493,upcoming,upcoming,False,4,13,55,8,afternoon,False,3.985383333333333,PPD,187,0.9946524064171123,1,0.0,4.158083277777778,0.0
12926,PPD,187,0.0,62.6,1374,485,upcoming,upcoming,False,4,13,55,8,afternoon,False,3.985383333333333,SAT,188,0.9946808510638298,1,0.0,4.158083277777778,0.0
12926,SAT,188,0.0,62.6,1386,473,upcoming,upcoming,False,4,13,55,8,afternoon,False,3.985383333333333,CCL,189,0.9947089947089947,1,0.0,4.158083277777778,0.0
12926,CCL,189,0.0,62.6,1394,465,upcoming,upcoming,False,4,13,55,8,afternoon,False,3.985383333333333,KIZ,190,0.9947368421052631,1,0.0,4.158083277777778,0.0
12926,KIZ,190,0.0,62.6,1401,458,upcoming,upcoming,False,4,13,55,8,afternoon,False,3.985383333333333,GDA,191,0.9947643979057592,1,0.0,4.158083277777778,14.0
12926,GDA,191,13.0,72.0,1406,453,upcoming,upcoming,True,4,13,55,8,afternoon,False,3.985383333333333,KRSA,192,0.9947916666666666,1,51.80998333333333,4.7824599999999995,0.0
12926,KRSA,192,0.0,72.0,1417,442,upcoming,upcoming,False,4,13,55,8,afternoon,False,3.985383333333333,DRL,193,0.9948186528497409,1,0.0,4.7824599999999995,0.0
12926,DRL,193,0.0,72.0,1429,430,upcoming,upcoming,False,4,13,55,8,afternoon,False,3.985383333333333,BKRL,194,0.9948453608247423,1,0.0,4.7824599999999995,0.0
12926,BKRL,194,0.0,72.0,1436,423,upcoming,upcoming,False,4,13,55,8,afternoon,False,3.985383333333333,CPN,195,0.9948717948717949,1,0.0,4.7824599999999995,0.0
12926,CPN,195,0.0,72.0,1442,417,upcoming,upcoming,False,4,13,55,8,afternoon,False,3.985383333333333,LAN,196,0.9948979591836735,1,0.0,4.7824599999999995,0.0
12926,LAN,196,0.0,72.0,1448,411,upcoming,upcoming,False,4,13,55,8,afternoon,False,3.985383333333333,SMLA,197,0.9949238578680203,1,0.0,4.7824599999999995,0.0
12926,SMLA,197,0.0,72.0,1453,406,upcoming,upcoming,False,4,13,55,8,afternoon,False,3.985383333333333,AIR,198,0.9949494949494949,1,0.0,4.7824599999999995,0.0
12926,AIR,198,0.0,72.0,1459,400,upcoming,upcoming,False,4,13,55,8,afternoon,False,3.985383333333333,PIO,199,0.9949748743718593,1,0.0,4.7824599999999995,0.0
12926,PIO,199,0.0,72.0,1465,394,upcoming,upcoming,False,4,13,55,8,afternoon,False,3.985383333333333,CYI,200,0.995,1,0.0,4.7824599999999995,0.0
12926,CYI,200,0.0,72.0,1472,387,upcoming,upcoming,False,4,13,55,8,afternoon,False,3.985383333333333,BRCY,201,0.9950248756218906,1,0.0,4.7824599999999995,0.0
12926,BRCY,201,0.0,72.0,1476,383,upcoming,upcoming,False,4,13,55,8,afternoon,False,3.985383333333333,BRC,202,0.995049504950495,1,0.0,4.7824599999999995,14.0
12926,BRC,202,13.0,80.4,1478,381,upcoming,upcoming,True,4,13,55,8,afternoon,False,3.985383333333333,VS,203,0.9950738916256158,1,51.80998333333333,5.340413666666667,0.0
12926,VS,203,0.0,80.4,1481,378,upcoming,upcoming,False,4,13,55,8,afternoon,False,3.985383333333333,MPR,204,0.9950980392156863,1,0.0,5.340413666666667,0.0
12926,MPR,204,0.0,80.4,1487,372,upcoming,upcoming,False,4,13,55,8,afternoon,False,3.985383333333333,VRM,205,0.9951219512195122,1,0.0,5.340413666666667,0.0
12926,VRM,205,0.0,80.4,1492,367,upcoming,upcoming,False,4,13,55,8,afternoon,False,3.985383333333333,ITA,206,0.9951456310679612,1,0.0,5.340413666666667,0.0
12926,ITA,206,0.0,80.4,1496,363,upcoming,upcoming,False,4,13,55,8,afternoon,False,3.985383333333333,KSPR,207,0.9951690821256038,1,0.0,5.340413666666667,0.0
12926,KSPR,207,0.0,80.4,1500,359,upcoming,upcoming,False,4,13,55,8,afternoon,False,3.985383333333333,MYG,208,0.9951923076923077,1,0.0,5.340413666666667,0.0
12926,MYG,208,0.0,80.4,1508,351,upcoming,upcoming,False,4,13,55,8,afternoon,False,3.985383333333333,LKD,209,0.9952153110047847,1,0.0,5.340413666666667,0.0
12926,LKD,209,0.0,80.4,1516,343,upcoming,upcoming,False,4,13,55,8,afternoon,False,3.985383333333333,PLJ,210,0.9952380952380953,1,0.0,5.340413666666667,0.0
12926,PLJ,210,0.0,80.4,1523,336,upcoming,upcoming,False,4,13,55,8,afternoon,False,3.985383333333333,VRE,211,0.995260663507109,1,0.0,5.340413666666667,0.0
12926,VRE,211,0.0,80.4,1530,329,upcoming,upcoming,False,4,13,55,8,afternoon,False,3.985383333333333,NIU,212,0.9952830188679245,1,0.0,5.340413666666667,0.0
12926,NIU,212,0.0,80.4,1537,322,upcoming,upcoming,False,4,13,55,8,afternoon,False,3.985383333333333,CVJ,213,0.9953051643192489,1,0.0,5.340413666666667,0.0
12926,CVJ,213,0.0,80.4,1543,316,upcoming,upcoming,False,4,13,55,8,afternoon,False,3.985383333333333,BH,214,0.9953271028037384,1,0.0,5.340413666666667,14.0
12926,BH,214,13.0,52.8,1549,310,upcoming,upcoming,True,4,13,55,8,afternoon,False,3.985383333333333,AKV,215,0.9953488372093023,1,51.80998333333333,3.507137333333333,0.0
12926,AKV,215,0.0,52.8,1558,301,upcoming,upcoming,False,4,13,55,8,afternoon,False,3.985383333333333,SNJL,216,0.9953703703703703,1,0.0,3.507137333333333,0.0
12926,SNJL,216,0.0,52.8,1564,295,upcoming,upcoming,False,4,13,55,8,afternoon,False,3.985383333333333,PAO,217,0.9953917050691244,1,0.0,3.507137333333333,0.0
12926,PAO,217,0.0,52.8,1568,291,upcoming,upcoming,False,4,13,55,8,afternoon,False,3.985383333333333,HAT,218,0.9954128440366973,1,0.0,3.507137333333333,0.0
12926,HAT,218,0.0,52.8,1572,287,upcoming,upcoming,False,4,13,55,8,afternoon,False,3.985383333333333,KSB,219,0.9954337899543378,1,0.0,3.507137333333333,0.0
12926,KSB,219,0.0,52.8,1576,283,upcoming,upcoming,False,4,13,55,8,afternoon,False,3.985383333333333,KIM,220,0.9954545454545455,1,0.0,3.507137333333333,0.0
12926,KIM,220,0.0,52.8,1584,275,upcoming,upcoming,False,4,13,55,8,afternoon,False,3.985383333333333,KDSD,221,0.995475113122172,1,0.0,3.507137333333333,0.0
12926,KDSD,221,0.0,52.8,1587,272,upcoming,upcoming,False,4,13,55,8,afternoon,False,3.985383333333333,SYN,222,0.9954954954954955,1,0.0,3.507137333333333,0.0
12926,SYN,222,0.0,52.8,1594,265,upcoming,upcoming,False,4,13,55,8,afternoon,False,3.985383333333333,GTX,223,0.9955156950672646,1,0.0,3.507137333333333,0.0
12926,GTX,223,0.0,52.8,1597,262,upcoming,upcoming,False,4,13,55,8,afternoon,False,3.985383333333333,KSE,224,0.9955357142857143,1,0.0,3.507137333333333,0.0
12926,KSE,224,0.0,52.8,1601,258,upcoming,upcoming,False,4,13,55,8,afternoon,False,3.985383333333333,URN,225,0.9955555555555555,1,0.0,3.507137333333333,0.0
12926,URN,225,0.0,52.8,1604,255,upcoming,upcoming,False,4,13,55,8,afternoon,False,3.985383333333333,ST,226,0.995575221238938,1,0.0,3.507137333333333,14.0
12926,ST,226,13.0,91.6,1608,251,upcoming,upcoming,True,4,13,55,8,afternoon,False,3.985383333333333,UDN,227,0.9955947136563876,1,51.80998333333333,6.084351888888889,0.0
12926,UDN,227,0.0,91.6,1612,247,upcoming,upcoming,False,4,13,55,8,afternoon,False,3.985383333333333,BHET,228,0.9956140350877193,1,0.0,6.084351888888889,0.0
12926,BHET,228,0.0,91.6,1617,242,upcoming,upcoming,False,4,13,55,8,afternoon,False,3.985383333333333,SCH,229,0.9956331877729258,1,0.0,6.084351888888889,0.0
12926,SCH,229,0.0,91.6,1622,237,upcoming,upcoming,False,4,13,55,8,afternoon,False,3.985383333333333,MRL,230,0.9956521739130435,1,0.0,6.084351888888889,0.0
12926,MRL,230,0.0,91.6,1629,230,upcoming,upcoming,False,4,13,55,8,afternoon,False,3.985383333333333,NVS,231,0.9956709956709957,1,0.0,6.084351888888889,14.0
12926,NVS,231,13.0,70.9,1637,222,upcoming,upcoming,True,4,13,55,8,afternoon,False,3.985383333333333,GNST,232,0.9956896551724138,1,51.80998333333333,4.709394638888889,0.0
12926,GNST,232,0.0,70.9,1640,219,upcoming,upcoming,False,4,13,55,8,afternoon,False,3.985383333333333,HXR,233,0.9957081545064378,1,0.0,4.709394638888889,0.0
12926,HXR,233,0.0,70.9,1643,216,upcoming,upcoming,False,4,13,55,8,afternoon,False,3.985383333333333,VDH,234,0.9957264957264957,1,0.0,4.709394638888889,0.0
12926,VDH,234,0.0,70.9,1646,213,upcoming,upcoming,False,4,13,55,8,afternoon,False,3.985383333333333,ACL,235,0.9957446808510638,1,0.0,4.709394638888889,0.0
12926,ACL,235,0.0,70.9,1649,210,upcoming,upcoming,False,4,13,55,8,afternoon,False,3.985383333333333,AML,236,0.9957627118644068,1,0.0,4.709394638888889,0.0
12926,AML,236,0.0,70.9,1653,206,upcoming,upcoming,False,4,13,55,8,afternoon,False,3.985383333333333,BIM,237,0.9957805907172996,1,0.0,4.709394638888889,0.0
12926,BIM,237,0.0,70.9,1658,201,upcoming,upcoming,False,4,13,55,8,afternoon,False,3.985383333333333,JRS,238,0.9957983193277311,1,0.0,4.709394638888889,0.0
12926,JRS,238,0.0,70.9,1662,197,upcoming,upcoming,False,4,13,55,8,afternoon,False,3.985383333333333,DGI,239,0.99581589958159,1,0.0,4.709394638888889,0.0
12926,DGI,239,0.0,70.9,1667,192,upcoming,upcoming,False,4,13,55,8,afternoon,False,3.985383333333333,BL,240,0.9958333333333333,1,0.0,4.709394638888889,14.0
12926,BL,240,13.0,86.7,1676,183,upcoming,upcoming,True,4,13,55,8,afternoon,False,3.985383333333333,ATUL,241,0.995850622406639,1,51.80998333333333,5.758878916666666,0.0
12926,ATUL,241,0.0,86.7,1683,176,upcoming,upcoming,False,4,13,55,8,afternoon,False,3.985383333333333,PAD,242,0.9958677685950413,1,0.0,5.758878916666666,0.0
12926,PAD,242,0.0,86.7,1687,172,upcoming,upcoming,False,4,13,55,8,afternoon,False,3.985383333333333,UVD,243,0.9958847736625515,1,0.0,5.758878916666666,0.0
12926,UVD,243,0.0,86.7,1692,167,upcoming,upcoming,False,4,13,55,8,afternoon,False,3.985383333333333,BAGD,244,0.9959016393442623,1,0.0,5.758878916666666,0.0
12926,BAGD,244,0.0,86.7,1696,163,upcoming,upcoming,False,4,13,55,8,afternoon,False,3.985383333333333,VAPI,245,0.9959183673469387,1,0.0,5.758878916666666,14.0
12926,VAPI,245,13.0,105.0,1702,157,upcoming,upcoming,True,4,13,55,8,afternoon,False,3.985383333333333,KEB,246,0.9959349593495935,1,51.80998333333333,6.974420833333332,0.0
12926,KEB,246,0.0,105.0,1709,150,upcoming,upcoming,False,4,13,55,8,afternoon,False,3.985383333333333,BLD,247,0.9959514170040485,1,0.0,6.974420833333332,0.0
12926,BLD,247,0.0,105.0,1714,145,upcoming,upcoming,False,4,13,55,8,afternoon,False,3.985383333333333,SJN,248,0.9959677419354839,1,0.0,6.974420833333332,0.0
12926,SJN,248,0.0,105.0,1725,134,upcoming,upcoming,False,4,13,55,8,afternoon,False,3.985383333333333,UBR,249,0.9959839357429718,1,0.0,6.974420833333332,0.0
12926,UBR,249,0.0,105.0,1731,128,upcoming,upcoming,False,4,13,55,8,afternoon,False,3.985383333333333,BRRD,250,0.996,1,0.0,6.974420833333332,0.0
12926,BRRD,250,0.0,105.0,1735,124,upcoming,upcoming,False,4,13,55,8,afternoon,False,3.985383333333333,GVD,251,0.9960159362549801,1,0.0,6.974420833333332,0.0
12926,GVD,251,0.0,105.0,1740,119,upcoming,upcoming,False,4,13,55,8,afternoon,False,3.985383333333333,DRD,252,0.996031746031746,1,0.0,6.974420833333332,14.0
12926,DRD,252,13.0,69.2,1751,108,upcoming,upcoming,True,4,13,55,8,afternoon,False,3.985383333333333,VGN,253,0.9960474308300395,1,51.80998333333333,4.596475444444445,0.0
12926,VGN,253,0.0,69.2,1763,96,upcoming,upcoming,False,4,13,55,8,afternoon,False,3.985383333333333,BOR,254,0.9960629921259843,1,0.0,4.596475444444445,0.0
12926,BOR,254,0.0,69.2,1772,87,upcoming,upcoming,False,4,13,55,8,afternoon,False,3.985383333333333,UOI,255,0.996078431372549,1,0.0,4.596475444444445,0.0
12926,UOI,255,0.0,69.2,1777,82,upcoming,upcoming,False,4,13,55,8,afternoon,False,3.985383333333333,PLG,256,0.99609375,1,0.0,4.596475444444445,0.0
12926,PLG,256,0.0,69.2,1784,75,upcoming,upcoming,False,4,13,55,8,afternoon,False,3.985383333333333,KLV,257,0.9961089494163424,1,0.0,4.596475444444445,0.0
12926,KLV,257,0.0,69.2,1792,67,upcoming,upcoming,False,4,13,55,8,afternoon,False,3.985383333333333,SAH,258,0.9961240310077519,1,0.0,4.596475444444445,0.0
12926,SAH,258,0.0,69.2,1798,61,upcoming,upcoming,False,4,13,55,8,afternoon,False,3.985383333333333,VTN,259,0.9961389961389961,1,0.0,4.596475444444445,0.0
12926,VTN,259,0.0,69.2,1806,53,upcoming,upcoming,False,4,13,55,8,afternoon,False,3.985383333333333,VR,260,0.9961538461538462,1,0.0,4.596475444444445,0.0
12926,VR,260,0.0,69.2,1815,44,upcoming,upcoming,False,4,13,55,8,afternoon,False,3.985383333333333,NSP,261,0.9961685823754789,1,0.0,4.596475444444445,0.0
12926,NSP,261,0.0,69.2,1819,40,upcoming,upcoming,False,4,13,55,8,afternoon,False,3.985383333333333,BSR,262,0.9961832061068703,1,0.0,4.596475444444445,0.0
12926,BSR,262,0.0,69.2,1823,36,upcoming,upcoming,False,4,13,55,8,afternoon,False,3.985383333333333,NIG,263,0.9961977186311787,1,0.0,4.596475444444445,0.0
12926,NIG,263,0.0,69.2,1827,32,upcoming,upcoming,False,4,13,55,8,afternoon,False,3.985383333333333,BYR,264,0.9962121212121212,1,0.0,4.596475444444445,0.0
12926,BYR,264,0.0,69.2,1832,27,upcoming,upcoming,False,4,13,55,8,afternoon,False,3.985383333333333,MIRA,265,0.9962264150943396,1,0.0,4.596475444444445,0.0
12926,MIRA,265,0.0,69.2,1835,24,upcoming,upcoming,False,4,13,55,8,afternoon,False,3.985383333333333,DIC,266,0.9962406015037594,1,0.0,4.596475444444445,0.0
12926,DIC,266,0.0,69.2,1838,21,upcoming,upcoming,False,4,13,55,8,afternoon,False,3.985383333333333,BVI,267,0.9962546816479401,1,0.0,4.596475444444445,14.0
12926,BVI,267,13.0,18.0,1841,18,upcoming,upcoming,True,4,13,55,8,afternoon,False,3.985383333333333,KILE,268,0.996268656716418,1,51.80998333333333,1.1956149999999999,0.0
12926,KILE,268,0.0,18.0,1843,16,upcoming,upcoming,False,4,13,55,8,afternoon,False,3.985383333333333,MDD,269,0.9962825278810409,1,0.0,1.1956149999999999,0.0
12926,MDD,269,0.0,18.0,1845,14,upcoming,upcoming,False,4,13,55,8,afternoon,False,3.985383333333333,GMN,270,0.9962962962962963,1,0.0,1.1956149999999999,0.0
12926,GMN,270,0.0,18.0,1848,11,upcoming,upcoming,False,4,13,55,8,afternoon,False,3.985383333333333,RMAR,271,0.996309963099631,1,0.0,1.1956149999999999,0.0
12926,RMAR,271,0.0,18.0,1849,10,upcoming,upcoming,False,4,13,55,8,afternoon,False,3.985383333333333,JOS,272,0.9963235294117647,1,0.0,1.1956149999999999,0.0
12926,JOS,272,0.0,18.0,1851,8,upcoming,upcoming,False,4,13,55,8,afternoon,False,3.985383333333333,ADH,273,0.9963369963369964,1,0.0,1.1956149999999999,0.0
12926,ADH,273,0.0,18.0,1853,6,upcoming,upcoming,False,4,13,55,8,afternoon,False,3.985383333333333,VLP,274,0.9963503649635036,1,0.0,1.1956149999999999,0.0
12926,VLP,274,0.0,18.0,1855,4,upcoming,upcoming,False,4,13,55,8,afternoon,False,3.985383333333333,STC,275,0.9963636363636363,1,0.0,1.1956149999999999,0.0
12926,STC,275,0.0,18.0,1857,2,upcoming,upcoming,False,4,13,55,8,afternoon,False,3.985383333333333,BDTS,276,0.9963768115942029,1,0.0,1.1956149999999999,14.0
12926,ASR,1,7.0,90.0,0,1859,departed,departed,True,4,13,59,8,afternoon,False,42.08238333333334,BEAS,7,0.14285714285714285,6,294.5766833333334,63.12357500000001,4.0
12926,MOW,2,0.0,90.0,10,1849,departed,departed,False,4,13,59,8,afternoon,False,42.08238333333334,BEAS,7,0.2857142857142857,5,0.0,63.12357500000001,4.0
12926,JNL,3,0.0,90.0,19,1840,departed,departed,False,4,13,59,8,afternoon,False,42.08238333333334,BEAS,7,0.42857142857142855,4,0.0,63.12357500000001,4.0
12926,TRA,4,0.0,90.0,25,1834,departed,departed,False,4,13,59,8,afternoon,False,42.08238333333334,BEAS,7,0.5714285714285714,3,0.0,63.12357500000001,4.0
12926,BTR,5,0.0,90.0,31,1828,departed,departed,False,4,13,59,8,afternoon,False,42.08238333333334,BEAS,7,0.7142857142857143,2,0.0,63.12357500000001,4.0
12926,BBKR,6,0.0,90.0,37,1822,departed,departed,False,4,13,59,8,afternoon,False,42.08238333333334,BEAS,7,0.8571428571428571,1,0.0,63.12357500000001,4.0
12926,BEAS,7,4.0,60.0,42,1817,departed,departed,True,4,13,59,8,afternoon,False,42.08238333333334,JUC,12,0.5833333333333334,5,168.32953333333336,42.08238333333334,0.0
12926,DIW,8,0.0,60.0,46,1813,departed,departed,False,4,13,59,8,afternoon,False,42.08238333333334,JUC,12,0.6666666666666666,4,0.0,42.08238333333334,0.0
12926,HMR,9,0.0,60.0,58,1801,departed,departed,False,4,13,59,8,afternoon,False,42.08238333333334,JUC,12,0.75,3,0.0,42.08238333333334,0.0
12926,KRE,10,0.0,60.0,64,1795,departed,departed,False,4,13,59,8,afternoon,False,42.08238333333334,JUC,12,0.8333333333333334,2,0.0,42.08238333333334,0.0
12926,SRX,11,0.0,60.0,71,1788,departed,departed,False,4,13,59,8,afternoon,False,42.08238333333334,JUC,12,0.9166666666666666,1,0.0,42.08238333333334,0.0
12926,JUC,12,0.0,30.0,79,1780,departed,departed,True,4,13,59,8,afternoon,False,42.08238333333334,JRC,13,0.9230769230769231,1,0.0,21.04119166666667,27.0
12926,JRC,13,27.0,85.0,83,1776,departed,departed,True,4,13,59,8,afternoon,False,42.08238333333334,PGW,15,0.8666666666666667,2,1136.2243500000002,59.61670972222223,29.0
12926,CEU,14,0.0,85.0,92,1767,departed,departed,False,4,13,59,8,afternoon,False,42.08238333333334,PGW,15,0.9333333333333333,1,0.0,59.61670972222223,29.0
12926,PGW,15,29.0,61.8,100,1759,departed,departed,True,4,13,59,8,afternoon,False,42.08238333333334,PHR,19,0.7894736842105263,4,1220.389116666667,43.344854833333336,26.0
12926,MAUL,16,0.0,61.8,105,1754,departed,departed,False,4,13,59,8,afternoon,False,42.08238333333334,PHR,19,0.8421052631578947,3,0.0,43.344854833333336,26.0
12926,GRY,17,0.0,61.8,110,1749,departed,departed,False,4,13,59,8,afternoon,False,42.08238333333334,PHR,19,0.8947368421052632,2,0.0,43.344854833333336,26.0
12926,BTTN,18,0.0,61.8,115,1744,departed,departed,False,4,13,59,8,afternoon,False,42.08238333333334,PHR,19,0.9473684210526315,1,0.0,43.344854833333336,26.0
12926,PHR,19,0.0,61.8,122,1737,departed,departed,False,4,13,59,8,afternoon,False,42.08238333333334,LDH,21,0.9047619047619048,2,0.0,43.344854833333336,22.0
12926,LDW,20,0.0,61.8,127,1732,departed,departed,False,4,13,59,8,afternoon,False,42.08238333333334,LDH,21,0.9523809523809523,1,0.0,43.344854833333336,22.0
12926,LDH,21,22.0,49.6,135,1724,departed,departed,True,4,13,59,8,afternoon,False,42.08238333333334,DDL,23,0.9130434782608695,2,925.8124333333335,34.788103555555566,25.0
12926,BHOI,22,0.0,49.6,138,1721,departed,departed,False,4,13,59,8,afternoon,False,42.08238333333334,DDL,23,0.9565217391304348,1,0.0,34.788103555555566,25.0
12926,DDL,23,0.0,49.6,143,1716,departed,departed,False,4,13,59,8,afternoon,False,42.08238333333334,SASN,31,0.7419354838709677,8,0.0,34.788103555555566,0.0
12926,SNL,24,0.0,49.6,151,1708,departed,departed,False,4,13,59,8,afternoon,False,42.08238333333334,SASN,31,0.7741935483870968,7,0.0,34.788103555555566,0.0
12926,LLKN,25,0.0,49.6,163,1696,departed,departed,False,4,13,59,8,afternoon,False,42.08238333333334,SASN,31,0.8064516129032258,6,0.0,34.788103555555566,0.0
12926,SMRL,26,0.0,49.6,171,1688,departed,departed,False,4,13,59,8,afternoon,False,42.08238333333334,SASN,31,0.8387096774193549,5,0.0,34.788103555555566,0.0
12926,KMNN,27,0.0,49.6,185,1674,departed,departed,False,4,13,59,8,afternoon,False,42.08238333333334,SASN,31,0.8709677419354839,4,0.0,34.788103555555566,0.0
12926,NMDA,28,0.0,49.6,203,1656,departed,departed,False,4,13,59,8,afternoon,False,42.08238333333334,SASN,31,0.9032258064516129,3,0.0,34.788103555555566,0.0
12926,JNCV,29,0.0,49.6,204,1655,departed,departed,False,4,13,59,8,afternoon,False,42.08238333333334,SASN,31,0.9354838709677419,2,0.0,34.788103555555566,0.0
12926,KARR,30,0.0,49.6,219,1640,departed,departed,False,4,13,59,8,afternoon,False,42.08238333333334,SASN,31,0.967741935483871,1,0.0,34.788103555555566,0.0
12926,GHG,33,0.0,67.5,258,1601,departed,departed,False,4,13,59,8,afternoon,False,42.08238333333334,UMB,37,0.8918918918918919,4,0.0,47.34268125000001,2.0
12926,DHPR,34,0.0,67.5,269,1590,departed,departed,False,4,13,59,8,afternoon,False,42.08238333333334,UMB,37,0.918918918918919,3,0.0,47.34268125000001,2.0
12926,LLU,35,0.0,67.5,273,1586,departed,departed,False,4,13,59,8,afternoon,False,42.08238333333334,UMB,37,0.9459459459459459,2,0.0,47.34268125000001,2.0
12926,DKT,36,0.0,67.5,283,1576,departed,departed,False,4,13,59,8,afternoon,False,42.08238333333334,UMB,37,0.972972972972973,1,0.0,47.34268125000001,2.0
12926,UMB,37,2.0,84.8,292,1567,departed,departed,True,4,13,59,8,afternoon,False,42.08238333333334,KKDE,43,0.8604651162790697,6,84.16476666666668,59.476435111111115,4.0
12926,MOY,38,0.0,84.8,301,1558,departed,departed,False,4,13,59,8,afternoon,False,42.08238333333334,KKDE,43,0.8837209302325582,5,0.0,59.476435111111115,4.0
12926,SHDM,39,0.0,84.8,311,1548,departed,departed,False,4,13,59,8,afternoon,False,42.08238333333334,KKDE,43,0.9069767441860465,4,0.0,59.476435111111115,4.0
12926,DHMZ,40,0.0,84.8,317,1542,departed,departed,False,4,13,59,8,afternoon,False,42.08238333333334,KKDE,43,0.9302325581395349,3,0.0,59.476435111111115,4.0
12926,DPP,41,0.0,84.8,322,1537,departed,departed,False,4,13,59,8,afternoon,False,42.08238333333334,KKDE,43,0.9534883720930233,2,0.0,59.476435111111115,4.0
12926,DHKR,42,0.0,84.8,328,1531,departed,departed,False,4,13,59,8,afternoon,False,42.08238333333334,KKDE,43,0.9767441860465116,1,0.0,59.476435111111115,4.0
12926,KKDE,43,4.0,86.1,333,1526,departed,departed,True,4,13,59,8,afternoon,False,42.08238333333334,KUN,48,0.8958333333333334,5,168.32953333333336,60.38822008333334,6.0
12926,AMIN,44,0.0,86.1,342,1517,departed,departed,False,4,13,59,8,afternoon,False,42.08238333333334,KUN,48,0.9166666666666666,4,0.0,60.38822008333334,6.0
12926,NLKR,45,0.0,86.1,350,1509,departed,departed,False,4,13,59,8,afternoon,False,42.08238333333334,KUN,48,0.9375,3,0.0,60.38822008333334,6.0
12926,TRR,46,0.0,86.1,354,1505,departed,departed,False,4,13,59,8,afternoon,False,42.08238333333334,KUN,48,0.9583333333333334,2,0.0,60.38822008333334,6.0
12926,BZK,47,0.0,86.1,359,1500,departed,departed,False,4,13,59,8,afternoon,False,42.08238333333334,KUN,48,0.9791666666666666,1,0.0,60.38822008333334,6.0
12926,KUN,48,6.0,95.5,366,1493,departed,departed,True,4,13,59,8,afternoon,False,42.08238333333334,BBDE,52,0.9230769230769231,4,252.49430000000004,66.98112680555556,14.0
12926,BZJT,49,0.0,95.5,376,1483,departed,departed,False,4,13,59,8,afternoon,False,42.08238333333334,BBDE,52,0.9423076923076923,3,0.0,66.98112680555556,14.0
12926,GRA,50,0.0,95.5,384,1475,departed,departed,False,4,13,59,8,afternoon,False,42.08238333333334,BBDE,52,0.9615384615384616,2,0.0,66.98112680555556,14.0
12926,KFU,51,0.0,95.5,389,1470,departed,departed,False,4,13,59,8,afternoon,False,42.08238333333334,BBDE,52,0.9807692307692307,1,0.0,66.98112680555556,14.0
12926,BBDE,52,0.0,95.5,394,1465,departed,departed,False,4,13,59,8,afternoon,False,42.08238333333334,PNP,53,0.9811320754716981,1,0.0,66.98112680555556,14.0
12926,PNP,53,14.0,96.4,401,1458,departed,departed,True,4,13,59,8,afternoon,False,42.08238333333334,BDMJ,56,0.9464285714285714,3,589.1533666666668,67.61236255555556,18.0
12926,DWNA,54,0.0,96.4,409,1450,departed,departed,False,4,13,59,8,afternoon,False,42.08238333333334,BDMJ,56,0.9642857142857143,2,0.0,67.61236255555556,18.0
12926,SMK,55,0.0,96.4,417,1442,departed,departed,False,4,13,59,8,afternoon,False,42.08238333333334,BDMJ,56,0.9821428571428571,1,0.0,67.61236255555556,18.0
12926,BDMJ,56,0.0,96.4,424,1435,departed,departed,False,4,13,59,8,afternoon,False,42.08238333333334,RUG,58,0.9655172413793104,2,0.0,67.61236255555556,15.0
12926,GNU,57,0.0,96.4,430,1429,departed,departed,False,4,13,59,8,afternoon,False,42.08238333333334,RUG,58,0.9827586206896551,1,0.0,67.61236255555556,15.0
12926,RUG,58,0.0,96.4,434,1425,departed,departed,False,4,13,59,8,afternoon,False,42.08238333333334,SLKN,59,0.9830508474576272,1,0.0,67.61236255555556,15.0
12926,SLKN,59,0.0,96.4,437,1422,departed,departed,False,4,13,59,8,afternoon,False,42.08238333333334,SNP,60,0.9833333333333333,1,0.0,67.61236255555556,17.0
12926,SNP,60,17.0,82.8,446,1413,departed,departed,True,4,13,59,8,afternoon,False,42.08238333333334,HNN,61,0.9836065573770492,1,715.4005166666668,58.07368900000001,27.0
12926,HNN,61,0.0,82.8,451,1408,departed,departed,False,4,13,59,8,afternoon,False,42.08238333333334,RDDE,62,0.9838709677419355,1,0.0,58.07368900000001,26.0
12926,RDDE,62,0.0,82.8,456,1403,departed,departed,False,4,13,59,8,afternoon,False,42.08238333333334,NUR,63,0.9841269841269841,1,0.0,58.07368900000001,27.0
12926,NUR,63,0.0,82.8,463,1396,departed,departed,False,4,13,59,8,afternoon,False,42.08238333333334,KHKN,65,0.9692307692307692,2,0.0,58.07368900000001,27.0
12926,HUK,64,0.0,82.8,468,1391,departed,departed,False,4,13,59,8,afternoon,False,42.08238333333334,KHKN,65,0.9846153846153847,1,0.0,58.07368900000001,27.0
12926,KHKN,65,0.0,82.8,472,1387,departed,departed,False,4,13,59,8,afternoon,False,42.08238333333334,ANDI,67,0.9701492537313433,2,0.0,58.07368900000001,28.0
12926,BHD,66,0.0,82.8,475,1384,departed,departed,False,4,13,59,8,afternoon,False,42.08238333333334,ANDI,67,0.9850746268656716,1,0.0,58.07368900000001,28.0
12926,ANDI,67,0.0,82.8,480,1379,departed,departed,False,4,13,59,8,afternoon,False,42.08238333333334,DAZ,68,0.9852941176470589,1,0.0,58.07368900000001,30.0
12926,DAZ,68,0.0,82.8,482,1377,departed,departed,False,4,13,59,8,afternoon,False,42.08238333333334,SZM,69,0.9855072463768116,1,0.0,58.07368900000001,33.0
12926,SZM,69,33.0,4.9,486,1373,departed,departed,True,4,13,59,8,afternoon,False,42.08238333333334,DSB,70,0.9857142857142858,1,1388.7186500000003,3.436727972222223,15.0
12926,DSB,70,0.0,4.9,488,1371,departed,departed,False,4,13,59,8,afternoon,False,42.08238333333334,NDLS,71,0.9859154929577465,1,0.0,3.436727972222223,2.0
12926,NDLS,71,2.0,62.2,490,1369,departed,departed,True,4,13,59,8,afternoon,False,42.08238333333334,CSB,72,0.9861111111111112,1,84.16476666666668,43.62540405555556,7.0
12926,CSB,72,0.0,62.2,491,1368,departed,departed,False,4,13,59,8,afternoon,False,42.08238333333334,TKJ,73,0.9863013698630136,1,0.0,43.62540405555556,10.0
12926,TKJ,73,0.0,62.2,493,1366,departed,departed,False,4,13,59,8,afternoon,False,42.08238333333334,NZM,74,0.9864864864864865,1,0.0,43.62540405555556,12.0
12926,NZM,74,0.0,62.2,497,1362,departed,departed,False,4,13,59,8,afternoon,False,42.08238333333334,TKD,76,0.9736842105263158,2,0.0,43.62540405555556,10.0
12926,OKA,75,0.0,62.2,501,1358,departed,departed,False,4,13,59,8,afternoon,False,42.08238333333334,TKD,76,0.9868421052631579,1,0.0,43.62540405555556,10.0
12926,TKD,76,0.0,62.2,508,1351,departed,departed,False,4,13,59,8,afternoon,False,42.08238333333334,FDB,78,0.9743589743589743,2,0.0,43.62540405555556,51.0
12926,TKDC,77,0.0,62.2,513,1346,departed,departed,False,4,13,59,8,afternoon,False,42.08238333333334,FDB,78,0.9871794871794872,1,0.0,43.62540405555556,51.0
12926,FDB,78,51.0,53.8,518,1341,departed,departed,True,4,13,59,8,afternoon,False,42.08238333333334,RDE,84,0.9285714285714286,6,2146.20155,37.733870388888896,35.0
12926,FDN,79,0.0,53.8,522,1337,departed,departed,False,4,13,59,8,afternoon,False,42.08238333333334,RDE,84,0.9404761904761905,5,0.0,37.733870388888896,35.0
12926,BVH,80,0.0,53.8,526,1333,departed,departed,False,4,13,59,8,afternoon,False,42.08238333333334,RDE,84,0.9523809523809523,4,0.0,37.733870388888896,35.0
12926,PYLA,81,0.0,53.8,532,1327,departed,departed,False,4,13,59,8,afternoon,False,42.08238333333334,RDE,84,0.9642857142857143,3,0.0,37.733870388888896,35.0
12926,AST,82,0.0,53.8,536,1323,departed,departed,False,4,13,59,8,afternoon,False,42.08238333333334,RDE,84,0.9761904761904762,2,0.0,37.733870388888896,35.0
12926,PWL,83,0.0,53.8,547,1312,departed,departed,False,4,13,59,8,afternoon,False,42.08238333333334,RDE,84,0.9880952380952381,1,0.0,37.733870388888896,35.0
12926,RDE,84,0.0,53.8,556,1303,departed,departed,False,4,13,59,8,afternoon,False,42.08238333333334,KSV,88,0.9545454545454546,4,0.0,37.733870388888896,14.0
12926,SHLK,85,0.0,53.8,567,1292,departed,departed,False,4,13,59,8,afternoon,False,42.08238333333334,KSV,88,0.9659090909090909,3,0.0,37.733870388888896,14.0
12926,BNCR,86,0.0,53.8,570,1289,departed,departed,False,4,13,59,8,afternoon,False,42.08238333333334,KSV,88,0.9772727272727273,2,0.0,37.733870388888896,14.0
12926,HDL,87,0.0,53.8,577,1282,departed,departed,False,4,13,59,8,afternoon,False,42.08238333333334,KSV,88,0.9886363636363636,1,0.0,37.733870388888896,14.0
12926,KSV,88,0.0,53.8,590,1269,departed,departed,False,4,13,59,8,afternoon,False,42.08238333333334,CHJ,89,0.9887640449438202,1,0.0,37.733870388888896,10.0
12926,CHJ,89,0.0,53.8,600,1259,departed,departed,False,4,13,59,8,afternoon,False,42.08238333333334,AJH,90,0.9888888888888889,1,0.0,37.733870388888896,11.0
12926,AJH,90,0.0,53.8,610,1249,departed,departed,False,4,13,59,8,afternoon,False,42.08238333333334,BTSR,92,0.9782608695652174,2,0.0,37.733870388888896,3.0
12926,VRBD,91,0.0,53.8,621,1238,departed,departed,False,4,13,59,8,afternoon,False,42.08238333333334,BTSR,92,0.9891304347826086,1,0.0,37.733870388888896,3.0
12926,BTSR,92,0.0,53.8,628,1231,departed,departed,False,4,13,59,8,afternoon,False,42.08238333333334,MTJ,93,0.989247311827957,1,0.0,37.733870388888896,13.0
12926,MTJ,93,13.0,86.1,631,1228,at-station,at-station,True,4,13,59,8,afternoon,False,42.08238333333334,CRG,95,0.9789473684210527,2,547.0709833333334,60.38822008333334,15.0
12926,MSRP,94,0.0,86.1,639,1220,upcoming,upcoming,False,4,13,59,8,afternoon,False,42.08238333333334,CRG,95,0.9894736842105263,1,0.0,60.38822008333334,15.0
12926,CRG,95,0.0,86.1,642,1217,upcoming,upcoming,False,4,13,59,8,afternoon,False,42.08238333333334,BTE,99,0.9595959595959596,4,0.0,60.38822008333334,19.0
12926,JJA,96,0.0,86.1,648,1211,upcoming,upcoming,False,4,13,59,8,afternoon,False,42.08238333333334,BTE,99,0.9696969696969697,3,0.0,60.38822008333334,19.0
12926,RKR,97,0.0,86.1,652,1207,upcoming,upcoming,False,4,13,59,8,afternoon,False,42.08238333333334,BTE,99,0.9797979797979798,2,0.0,60.38822008333334,19.0
12926,DUM,98,0.0,86.1,656,1203,upcoming,upcoming,False,4,13,59,8,afternoon,False,42.08238333333334,BTE,99,0.98989898989899,1,0.0,60.38822008333334,19.0
12926,BTE,99,14.0,76.4,664,1195,upcoming,upcoming,True,4,13,59,8,afternoon,False,42.08238333333334,SWAR,100,0.99,1,589.1533666666668,53.584901444444455,21.0
12926,SWAR,100,0.0,76.4,674,1185,upcoming,upcoming,False,4,13,59,8,afternoon,False,42.08238333333334,JCU,101,0.9900990099009901,1,0.0,53.584901444444455,19.0
12926,JCU,101,0.0,76.4,679,1180,upcoming,upcoming,False,4,13,59,8,afternoon,False,42.08238333333334,BXN,105,0.9619047619047619,4,0.0,53.584901444444455,19.0
12926,PNGR,102,0.0,76.4,685,1174,upcoming,upcoming,False,4,13,59,8,afternoon,False,42.08238333333334,BXN,105,0.9714285714285714,3,0.0,53.584901444444455,19.0
12926,KEV,103,0.0,76.4,694,1165,upcoming,upcoming,False,4,13,59,8,afternoon,False,42.08238333333334,BXN,105,0.9809523809523809,2,0.0,53.584901444444455,19.0
12926,SABD,104,0.0,76.4,698,1161,upcoming,upcoming,False,4,13,59,8,afternoon,False,42.08238333333334,BXN,105,0.9904761904761905,1,0.0,53.584901444444455,19.0
12926,BXN,105,14.0,86.1,706,1153,upcoming,upcoming,True,4,13,59,8,afternoon,False,42.08238333333334,HAN,109,0.963302752293578,4,589.1533666666668,60.38822008333334,19.0
12926,DY,106,0.0,86.1,715,1144,upcoming,upcoming,False,4,13,59,8,afternoon,False,42.08238333333334,HAN,109,0.9724770642201835,3,0.0,60.38822008333334,19.0
12926,FSP,107,0.0,86.1,726,1133,upcoming,upcoming,False,4,13,59,8,afternoon,False,42.08238333333334,HAN,109,0.981651376146789,2,0.0,60.38822008333334,19.0
12926,DNHK,108,0.0,86.1,731,1128,upcoming,upcoming,False,4,13,59,8,afternoon,False,42.08238333333334,HAN,109,0.9908256880733946,1,0.0,60.38822008333334,19.0
12926,HAN,109,14.0,88.0,739,1120,upcoming,upcoming,True,4,13,59,8,afternoon,False,42.08238333333334,GGC,115,0.9478260869565217,6,589.1533666666668,61.7208288888889,19.0
12926,SKDM,110,0.0,88.0,744,1115,upcoming,upcoming,False,4,13,59,8,afternoon,False,42.08238333333334,GGC,115,0.9565217391304348,5,0.0,61.7208288888889,19.0
12926,SMVJ,111,0.0,88.0,749,1110,upcoming,upcoming,False,4,13,59,8,afternoon,False,42.08238333333334,GGC,115,0.9652173913043478,4,0.0,61.7208288888889,19.0
12926,KNDP,112,0.0,88.0,756,1103,upcoming,upcoming,False,4,13,59,8,afternoon,False,42.08238333333334,GGC,115,0.9739130434782609,3,0.0,61.7208288888889,19.0
12926,PDZ,113,0.0,88.0,763,1096,upcoming,upcoming,False,4,13,59,8,afternoon,False,42.08238333333334,GGC,115,0.9826086956521739,2,0.0,61.7208288888889,19.0
12926,COO,114,0.0,88.0,770,1089,upcoming,upcoming,False,4,13,59,8,afternoon,False,42.08238333333334,GGC,115,0.991304347826087,1,0.0,61.7208288888889,19.0
12926,GGC,115,14.0,89.3,783,1076,upcoming,upcoming,True,4,13,59,8,afternoon,False,42.08238333333334,SWM,123,0.9349593495934959,8,589.1533666666668,62.632613861111125,19.0
12926,LRU,116,0.0,89.3,789,1070,upcoming,upcoming,False,4,13,59,8,afternoon,False,42.08238333333334,SWM,123,0.943089430894309,7,0.0,62.632613861111125,19.0
12926,NNW,117,0.0,89.3,800,1059,upcoming,upcoming,False,4,13,59,8,afternoon,False,42.08238333333334,SWM,123,0.9512195121951219,6,0.0,62.632613861111125,19.0
12926,NMD,118,0.0,89.3,810,1049,upcoming,upcoming,False,4,13,59,8,afternoon,False,42.08238333333334,SWM,123,0.959349593495935,5,0.0,62.632613861111125,19.0
12926,MLZ,119,0.0,89.3,817,1042,upcoming,upcoming,False,4,13,59,8,afternoon,False,42.08238333333334,SWM,123,0.967479674796748,4,0.0,62.632613861111125,19.0
12926,MXL,120,0.0,89.3,828,1031,upcoming,upcoming,False,4,13,59,8,afternoon,False,42.08238333333334,SWM,123,0.975609756097561,3,0.0,62.632613861111125,19.0
12926,RNT,121,0.0,89.3,837,1022,upcoming,upcoming,False,4,13,59,8,afternoon,False,42.08238333333334,SWM,123,0.983739837398374,2,0.0,62.632613861111125,19.0
12926,SMDC,122,0.0,89.3,843,1016,upcoming,upcoming,False,4,13,59,8,afternoon,False,42.08238333333334,SWM,123,0.991869918699187,1,0.0,62.632613861111125,19.0
12926,SWM,123,14.0,72.0,847,1012,upcoming,upcoming,True,4,13,59,8,afternoon,False,42.08238333333334,KOTA,137,0.8978102189781022,14,589.1533666666668,50.49886000000001,19.0
12926,KTA,124,0.0,72.0,854,1005,upcoming,upcoming,False,4,13,59,8,afternoon,False,42.08238333333334,KOTA,137,0.9051094890510949,13,0.0,50.49886000000001,19.0
12926,RWJ,125,0.0,72.0,862,997,upcoming,upcoming,False,4,13,59,8,afternoon,False,42.08238333333334,KOTA,137,0.9124087591240876,12,0.0,50.49886000000001,19.0
12926,AMLI,126,0.0,72.0,870,989,upcoming,upcoming,False,4,13,59,8,afternoon,False,42.08238333333334,KOTA,137,0.9197080291970803,11,0.0,50.49886000000001,19.0
12926,IDG,127,0.0,72.0,883,976,upcoming,upcoming,False,4,13,59,8,afternoon,False,42.08238333333334,KOTA,137,0.927007299270073,10,0.0,50.49886000000001,19.0
12926,LKE,128,0.0,72.0,894,965,upcoming,upcoming,False,4,13,59,8,afternoon,False,42.08238333333334,KOTA,137,0.9343065693430657,9,0.0,50.49886000000001,19.0
12926,LBN,129,0.0,72.0,902,957,upcoming,upcoming,False,4,13,59,8,afternoon,False,42.08238333333334,KOTA,137,0.9416058394160584,8,0.0,50.49886000000001,19.0
12926,GKB,130,0.0,72.0,911,948,upcoming,upcoming,False,4,13,59,8,afternoon,False,42.08238333333334,KOTA,137,0.948905109489051,7,0.0,50.49886000000001,19.0
12926,KPZ,131,0.0,72.0,921,938,upcoming,upcoming,False,4,13,59,8,afternoon,False,42.08238333333334,KOTA,137,0.9562043795620438,6,0.0,50.49886000000001,19.0
12926,ARE,132,0.0,72.0,930,929,upcoming,upcoming,False,4,13,59,8,afternoon,False,42.08238333333334,KOTA,137,0.9635036496350365,5,0.0,50.49886000000001,19.0
12926,KPTN,133,0.0,72.0,941,918,upcoming,upcoming,False,4,13,59,8,afternoon,False,42.08238333333334,KOTA,137,0.9708029197080292,4,0.0,50.49886000000001,19.0
12926,GNCN,134,0.0,72.0,946,913,upcoming,upcoming,False,4,13,59,8,afternoon,False,42.08238333333334,KOTA,137,0.9781021897810219,3,0.0,50.49886000000001,19.0
12926,GQL,135,0.0,72.0,949,910,upcoming,upcoming,False,4,13,59,8,afternoon,False,42.08238333333334,KOTA,137,0.9854014598540146,2,0.0,50.49886000000001,19.0
12926,KCCN,136,0.0,72.0,952,907,upcoming,upcoming,False,4,13,59,8,afternoon,False,42.08238333333334,KOTA,137,0.9927007299270073,1,0.0,50.49886000000001,19.0
12926,KOTA,137,14.0,81.5,955,904,upcoming,upcoming,True,4,13,59,8,afternoon,False,42.08238333333334,RMA,145,0.9448275862068966,8,589.1533666666668,57.16190402777779,19.0
12926,NKOT,138,0.0,81.5,964,895,upcoming,upcoming,False,4,13,59,8,afternoon,False,42.08238333333334,RMA,145,0.9517241379310345,7,0.0,57.16190402777779,19.0
12926,DDV,139,0.0,81.5,971,888,upcoming,upcoming,False,4,13,59,8,afternoon,False,42.08238333333334,RMA,145,0.9586206896551724,6,0.0,57.16190402777779,19.0
12926,ALNI,140,0.0,81.5,977,882,upcoming,upcoming,False,4,13,59,8,afternoon,False,42.08238333333334,RMA,145,0.9655172413793104,5,0.0,57.16190402777779,19.0
12926,RDT,141,0.0,81.5,989,870,upcoming,upcoming,False,4,13,59,8,afternoon,False,42.08238333333334,RMA,145,0.9724137931034482,4,0.0,57.16190402777779,19.0
12926,DARA,142,0.0,81.5,1002,857,upcoming,upcoming,False,4,13,59,8,afternoon,False,42.08238333333334,RMA,145,0.9793103448275862,3,0.0,57.16190402777779,19.0
12926,KIW,143,0.0,81.5,1011,848,upcoming,upcoming,False,4,13,59,8,afternoon,False,42.08238333333334,RMA,145,0.9862068965517241,2,0.0,57.16190402777779,19.0
12926,MKX,144,0.0,81.5,1017,842,upcoming,upcoming,False,4,13,59,8,afternoon,False,42.08238333333334,RMA,145,0.993103448275862,1,0.0,57.16190402777779,19.0
12926,RMA,145,14.0,76.3,1027,832,upcoming,upcoming,True,4,13,59,8,afternoon,False,42.08238333333334,SGZ,151,0.9602649006622517,6,589.1533666666668,53.5147641388889,19.0
12926,JHW,146,0.0,76.3,1038,821,upcoming,upcoming,False,4,13,59,8,afternoon,False,42.08238333333334,SGZ,151,0.9668874172185431,5,0.0,53.5147641388889,19.0
12926,DKRA,147,0.0,76.3,1045,814,upcoming,upcoming,False,4,13,59,8,afternoon,False,42.08238333333334,SGZ,151,0.9735099337748344,4,0.0,53.5147641388889,19.0
12926,BWM,148,0.0,76.3,1055,804,upcoming,upcoming,False,4,13,59,8,afternoon,False,42.08238333333334,SGZ,151,0.9801324503311258,3,0.0,53.5147641388889,19.0
12926,KRLS,149,0.0,76.3,1068,791,upcoming,upcoming,False,4,13,59,8,afternoon,False,42.08238333333334,SGZ,151,0.9867549668874173,2,0.0,53.5147641388889,19.0
12926,GOH,150,0.0,76.3,1078,781,upcoming,upcoming,False,4,13,59,8,afternoon,False,42.08238333333334,SGZ,151,0.9933774834437086,1,0.0,53.5147641388889,19.0
12926,SGZ,151,14.0,41.5,1088,771,upcoming,upcoming,True,4,13,59,8,afternoon,False,42.08238333333334,NAD,161,0.937888198757764,10,589.1533666666668,29.10698180555556,19.0
12926,SVA,152,0.0,41.5,1102,757,upcoming,upcoming,False,4,13,59,8,afternoon,False,42.08238333333334,NAD,161,0.9440993788819876,9,0.0,29.10698180555556,19.0
12926,NKH,153,0.0,41.5,1107,752,upcoming,upcoming,False,4,13,59,8,afternoon,False,42.08238333333334,NAD,161,0.9503105590062112,8,0.0,29.10698180555556,19.0
12926,CMU,154,0.0,41.5,1117,742,upcoming,upcoming,False,4,13,59,8,afternoon,False,42.08238333333334,NAD,161,0.9565217391304348,7,0.0,29.10698180555556,19.0
12926,TLZ,155,0.0,41.5,1122,737,upcoming,upcoming,False,4,13,59,8,afternoon,False,42.08238333333334,NAD,161,0.9627329192546584,6,0.0,29.10698180555556,19.0
12926,THUR,156,0.0,41.5,1131,728,upcoming,upcoming,False,4,13,59,8,afternoon,False,42.08238333333334,NAD,161,0.968944099378882,5,0.0,29.10698180555556,19.0
12926,VMA,157,0.0,41.5,1140,719,upcoming,upcoming,False,4,13,59,8,afternoon,False,42.08238333333334,NAD,161,0.9751552795031055,4,0.0,29.10698180555556,19.0
12926,LNR,158,0.0,41.5,1152,707,upcoming,upcoming,False,4,13,59,8,afternoon,False,42.08238333333334,NAD,161,0.9813664596273292,3,0.0,29.10698180555556,19.0
12926,MEP,159,0.0,41.5,1163,696,upcoming,upcoming,False,4,13,59,8,afternoon,False,42.08238333333334,NAD,161,0.9875776397515528,2,0.0,29.10698180555556,19.0
12926,RLK,160,0.0,41.5,1169,690,upcoming,upcoming,False,4,13,59,8,afternoon,False,42.08238333333334,NAD,161,0.9937888198757764,1,0.0,29.10698180555556,19.0
12926,NAD,161,14.0,60.0,1180,679,upcoming,upcoming,True,4,13,59,8,afternoon,False,42.08238333333334,KUH,163,0.9877300613496932,2,589.1533666666668,42.08238333333334,19.0
12926,BRNA,162,0.0,60.0,1188,671,upcoming,upcoming,False,4,13,59,8,afternoon,False,42.08238333333334,KUH,163,0.9938650306748467,1,0.0,42.08238333333334,19.0
12926,KUH,163,14.0,56.0,1193,666,upcoming,upcoming,True,4,13,59,8,afternoon,False,42.08238333333334,RTM,167,0.9760479041916168,4,589.1533666666668,39.27689111111112,19.0
12926,RNH,164,0.0,56.0,1204,655,upcoming,upcoming,False,4,13,59,8,afternoon,False,42.08238333333334,RTM,167,0.9820359281437125,3,0.0,39.27689111111112,19.0
12926,BOD,165,0.0,56.0,1211,648,upcoming,upcoming,False,4,13,59,8,afternoon,False,42.08238333333334,RTM,167,0.9880239520958084,2,0.0,39.27689111111112,19.0
12926,RTME,166,0.0,56.0,1218,641,upcoming,upcoming,False,4,13,59,8,afternoon,False,42.08238333333334,RTM,167,0.9940119760479041,1,0.0,39.27689111111112,19.0
12926,RTM,167,14.0,76.2,1221,638,upcoming,upcoming,True,4,13,59,8,afternoon,False,42.08238333333334,MGN,178,0.9382022471910112,11,589.1533666666668,53.444626833333345,19.0
12926,RTD,168,0.0,76.2,1222,637,upcoming,upcoming,False,4,13,59,8,afternoon,False,42.08238333333334,MGN,178,0.9438202247191011,10,0.0,53.444626833333345,19.0
12926,MRN,169,0.0,76.2,1232,627,upcoming,upcoming,False,4,13,59,8,afternoon,False,42.08238333333334,MGN,178,0.949438202247191,9,0.0,53.444626833333345,19.0
12926,BILD,170,0.0,76.2,1241,618,upcoming,upcoming,False,4,13,59,8,afternoon,False,42.08238333333334,MGN,178,0.9550561797752809,8,0.0,53.444626833333345,19.0
12926,RTI,171,0.0,76.2,1248,611,upcoming,upcoming,False,4,13,59,8,afternoon,False,42.08238333333334,MGN,178,0.9606741573033708,7,0.0,53.444626833333345,19.0
12926,BOG,172,0.0,76.2,1260,599,upcoming,upcoming,False,4,13,59,8,afternoon,False,42.08238333333334,MGN,178,0.9662921348314607,6,0.0,53.444626833333345,19.0
12926,BMI,173,0.0,76.2,1266,593,upcoming,upcoming,False,4,13,59,8,afternoon,False,42.08238333333334,MGN,178,0.9719101123595506,5,0.0,53.444626833333345,19.0
12926,AGR,174,0.0,76.2,1270,589,upcoming,upcoming,False,4,13,59,8,afternoon,False,42.08238333333334,MGN,178,0.9775280898876404,4,0.0,53.444626833333345,19.0
12926,PCN,175,0.0,76.2,1279,580,upcoming,upcoming,False,4,13,59,8,afternoon,False,42.08238333333334,MGN,178,0.9831460674157303,3,0.0,53.444626833333345,19.0
12926,BJG,176,0.0,76.2,1286,573,upcoming,upcoming,False,4,13,59,8,afternoon,False,42.08238333333334,MGN,178,0.9887640449438202,2,0.0,53.444626833333345,19.0
12926,THDR,177,0.0,76.2,1293,566,upcoming,upcoming,False,4,13,59,8,afternoon,False,42.08238333333334,MGN,178,0.9943820224719101,1,0.0,53.444626833333345,19.0
12926,MGN,178,14.0,82.5,1301,558,upcoming,upcoming,True,4,13,59,8,afternoon,False,42.08238333333334,DHD,181,0.9834254143646409,3,589.1533666666668,57.86327708333334,19.0
12926,ANAS,179,0.0,82.5,1316,543,upcoming,upcoming,False,4,13,59,8,afternoon,False,42.08238333333334,DHD,181,0.988950276243094,2,0.0,57.86327708333334,19.0
12926,BIO,180,0.0,82.5,1324,535,upcoming,upcoming,False,4,13,59,8,afternoon,False,42.08238333333334,DHD,181,0.994475138121547,1,0.0,57.86327708333334,19.0
12926,DHD,181,14.0,62.6,1334,525,upcoming,upcoming,True,4,13,59,8,afternoon,False,42.08238333333334,GDA,191,0.9476439790575916,10,589.1533666666668,43.90595327777779,19.0
12926,RET,182,0.0,62.6,1339,520,upcoming,upcoming,False,4,13,59,8,afternoon,False,42.08238333333334,GDA,191,0.9528795811518325,9,0.0,43.90595327777779,19.0
12926,JKT,183,0.0,62.6,1345,514,upcoming,upcoming,False,4,13,59,8,afternoon,False,42.08238333333334,GDA,191,0.9581151832460733,8,0.0,43.90595327777779,19.0
12926,USRA,184,0.0,62.6,1352,507,upcoming,upcoming,False,4,13,59,8,afternoon,False,42.08238333333334,GDA,191,0.9633507853403142,7,0.0,43.90595327777779,19.0
12926,MAM,185,0.0,62.6,1357,502,upcoming,upcoming,False,4,13,59,8,afternoon,False,42.08238333333334,GDA,191,0.9685863874345549,6,0.0,43.90595327777779,19.0
12926,LMK,186,0.0,62.6,1366,493,upcoming,upcoming,False,4,13,59,8,afternoon,False,42.08238333333334,GDA,191,0.9738219895287958,5,0.0,43.90595327777779,19.0
12926,PPD,187,0.0,62.6,1374,485,upcoming,upcoming,False,4,13,59,8,afternoon,False,42.08238333333334,GDA,191,0.9790575916230366,4,0.0,43.90595327777779,19.0
12926,SAT,188,0.0,62.6,1386,473,upcoming,upcoming,False,4,13,59,8,afternoon,False,42.08238333333334,GDA,191,0.9842931937172775,3,0.0,43.90595327777779,19.0
12926,CCL,189,0.0,62.6,1394,465,upcoming,upcoming,False,4,13,59,8,afternoon,False,42.08238333333334,GDA,191,0.9895287958115183,2,0.0,43.90595327777779,19.0
12926,KIZ,190,0.0,62.6,1401,458,upcoming,upcoming,False,4,13,59,8,afternoon,False,42.08238333333334,GDA,191,0.9947643979057592,1,0.0,43.90595327777779,19.0
12926,GDA,191,14.0,72.0,1406,453,upcoming,upcoming,True,4,13,59,8,afternoon,False,42.08238333333334,BRC,202,0.9455445544554455,11,589.1533666666668,50.49886000000001,19.0
12926,KRSA,192,0.0,72.0,1417,442,upcoming,upcoming,False,4,13,59,8,afternoon,False,42.08238333333334,BRC,202,0.9504950495049505,10,0.0,50.49886000000001,19.0
12926,DRL,193,0.0,72.0,1429,430,upcoming,upcoming,False,4,13,59,8,afternoon,False,42.08238333333334,BRC,202,0.9554455445544554,9,0.0,50.49886000000001,19.0
12926,BKRL,194,0.0,72.0,1436,423,upcoming,upcoming,False,4,13,59,8,afternoon,False,42.08238333333334,BRC,202,0.9603960396039604,8,0.0,50.49886000000001,19.0
12926,CPN,195,0.0,72.0,1442,417,upcoming,upcoming,False,4,13,59,8,afternoon,False,42.08238333333334,BRC,202,0.9653465346534653,7,0.0,50.49886000000001,19.0
12926,LAN,196,0.0,72.0,1448,411,upcoming,upcoming,False,4,13,59,8,afternoon,False,42.08238333333334,BRC,202,0.9702970297029703,6,0.0,50.49886000000001,19.0
12926,SMLA,197,0.0,72.0,1453,406,upcoming,upcoming,False,4,13,59,8,afternoon,False,42.08238333333334,BRC,202,0.9752475247524752,5,0.0,50.49886000000001,19.0
12926,AIR,198,0.0,72.0,1459,400,upcoming,upcoming,False,4,13,59,8,afternoon,False,42.08238333333334,BRC,202,0.9801980198019802,4,0.0,50.49886000000001,19.0
12926,PIO,199,0.0,72.0,1465,394,upcoming,upcoming,False,4,13,59,8,afternoon,False,42.08238333333334,BRC,202,0.9851485148514851,3,0.0,50.49886000000001,19.0
12926,CYI,200,0.0,72.0,1472,387,upcoming,upcoming,False,4,13,59,8,afternoon,False,42.08238333333334,BRC,202,0.9900990099009901,2,0.0,50.49886000000001,19.0
12926,BRCY,201,0.0,72.0,1476,383,upcoming,upcoming,False,4,13,59,8,afternoon,False,42.08238333333334,BRC,202,0.995049504950495,1,0.0,50.49886000000001,19.0
12926,BRC,202,14.0,80.4,1478,381,upcoming,upcoming,True,4,13,59,8,afternoon,False,42.08238333333334,BH,214,0.9439252336448598,12,589.1533666666668,56.39039366666668,19.0
12926,VS,203,0.0,80.4,1481,378,upcoming,upcoming,False,4,13,59,8,afternoon,False,42.08238333333334,BH,214,0.9485981308411215,11,0.0,56.39039366666668,19.0
12926,MPR,204,0.0,80.4,1487,372,upcoming,upcoming,False,4,13,59,8,afternoon,False,42.08238333333334,BH,214,0.9532710280373832,10,0.0,56.39039366666668,19.0
12926,VRM,205,0.0,80.4,1492,367,upcoming,upcoming,False,4,13,59,8,afternoon,False,42.08238333333334,BH,214,0.9579439252336449,9,0.0,56.39039366666668,19.0
12926,ITA,206,0.0,80.4,1496,363,upcoming,upcoming,False,4,13,59,8,afternoon,False,42.08238333333334,BH,214,0.9626168224299065,8,0.0,56.39039366666668,19.0
12926,KSPR,207,0.0,80.4,1500,359,upcoming,upcoming,False,4,13,59,8,afternoon,False,42.08238333333334,BH,214,0.9672897196261683,7,0.0,56.39039366666668,19.0
12926,MYG,208,0.0,80.4,1508,351,upcoming,upcoming,False,4,13,59,8,afternoon,False,42.08238333333334,BH,214,0.9719626168224299,6,0.0,56.39039366666668,19.0
12926,LKD,209,0.0,80.4,1516,343,upcoming,upcoming,False,4,13,59,8,afternoon,False,42.08238333333334,BH,214,0.9766355140186916,5,0.0,56.39039366666668,19.0
12926,PLJ,210,0.0,80.4,1523,336,upcoming,upcoming,False,4,13,59,8,afternoon,False,42.08238333333334,BH,214,0.9813084112149533,4,0.0,56.39039366666668,19.0
12926,VRE,211,0.0,80.4,1530,329,upcoming,upcoming,False,4,13,59,8,afternoon,False,42.08238333333334,BH,214,0.985981308411215,3,0.0,56.39039366666668,19.0
12926,NIU,212,0.0,80.4,1537,322,upcoming,upcoming,False,4,13,59,8,afternoon,False,42.08238333333334,BH,214,0.9906542056074766,2,0.0,56.39039366666668,19.0
12926,CVJ,213,0.0,80.4,1543,316,upcoming,upcoming,False,4,13,59,8,afternoon,False,42.08238333333334,BH,214,0.9953271028037384,1,0.0,56.39039366666668,19.0
12926,BH,214,14.0,52.8,1549,310,upcoming,upcoming,True,4,13,59,8,afternoon,False,42.08238333333334,ST,226,0.9469026548672567,12,589.1533666666668,37.03249733333334,19.0
12926,AKV,215,0.0,52.8,1558,301,upcoming,upcoming,False,4,13,59,8,afternoon,False,42.08238333333334,ST,226,0.9513274336283186,11,0.0,37.03249733333334,19.0
12926,SNJL,216,0.0,52.8,1564,295,upcoming,upcoming,False,4,13,59,8,afternoon,False,42.08238333333334,ST,226,0.9557522123893806,10,0.0,37.03249733333334,19.0
12926,PAO,217,0.0,52.8,1568,291,upcoming,upcoming,False,4,13,59,8,afternoon,False,42.08238333333334,ST,226,0.9601769911504425,9,0.0,37.03249733333334,19.0
12926,HAT,218,0.0,52.8,1572,287,upcoming,upcoming,False,4,13,59,8,afternoon,False,42.08238333333334,ST,226,0.9646017699115044,8,0.0,37.03249733333334,19.0
12926,KSB,219,0.0,52.8,1576,283,upcoming,upcoming,False,4,13,59,8,afternoon,False,42.08238333333334,ST,226,0.9690265486725663,7,0.0,37.03249733333334,19.0
12926,KIM,220,0.0,52.8,1584,275,upcoming,upcoming,False,4,13,59,8,afternoon,False,42.08238333333334,ST,226,0.9734513274336283,6,0.0,37.03249733333334,19.0
12926,KDSD,221,0.0,52.8,1587,272,upcoming,upcoming,False,4,13,59,8,afternoon,False,42.08238333333334,ST,226,0.9778761061946902,5,0.0,37.03249733333334,19.0
12926,SYN,222,0.0,52.8,1594,265,upcoming,upcoming,False,4,13,59,8,afternoon,False,42.08238333333334,ST,226,0.9823008849557522,4,0.0,37.03249733333334,19.0
12926,GTX,223,0.0,52.8,1597,262,upcoming,upcoming,False,4,13,59,8,afternoon,False,42.08238333333334,ST,226,0.9867256637168141,3,0.0,37.03249733333334,19.0
12926,KSE,224,0.0,52.8,1601,258,upcoming,upcoming,False,4,13,59,8,afternoon,False,42.08238333333334,ST,226,0.9911504424778761,2,0.0,37.03249733333334,19.0
12926,URN,225,0.0,52.8,1604,255,upcoming,upcoming,False,4,13,59,8,afternoon,False,42.08238333333334,ST,226,0.995575221238938,1,0.0,37.03249733333334,19.0
12926,ST,226,14.0,91.6,1608,251,upcoming,upcoming,True,4,13,59,8,afternoon,False,42.08238333333334,NVS,231,0.9783549783549783,5,589.1533666666668,64.2457718888889,19.0
12926,UDN,227,0.0,91.6,1612,247,upcoming,upcoming,False,4,13,59,8,afternoon,False,42.08238333333334,NVS,231,0.9826839826839827,4,0.0,64.2457718888889,19.0
12926,BHET,228,0.0,91.6,1617,242,upcoming,upcoming,False,4,13,59,8,afternoon,False,42.08238333333334,NVS,231,0.987012987012987,3,0.0,64.2457718888889,19.0
12926,SCH,229,0.0,91.6,1622,237,upcoming,upcoming,False,4,13,59,8,afternoon,False,42.08238333333334,NVS,231,0.9913419913419913,2,0.0,64.2457718888889,19.0
12926,MRL,230,0.0,91.6,1629,230,upcoming,upcoming,False,4,13,59,8,afternoon,False,42.08238333333334,NVS,231,0.9956709956709957,1,0.0,64.2457718888889,19.0
12926,NVS,231,14.0,70.9,1637,222,upcoming,upcoming,True,4,13,59,8,afternoon,False,42.08238333333334,BL,240,0.9625,9,589.1533666666668,49.727349638888896,19.0
12926,GNST,232,0.0,70.9,1640,219,upcoming,upcoming,False,4,13,59,8,afternoon,False,42.08238333333334,BL,240,0.9666666666666667,8,0.0,49.727349638888896,19.0
12926,HXR,233,0.0,70.9,1643,216,upcoming,upcoming,False,4,13,59,8,afternoon,False,42.08238333333334,BL,240,0.9708333333333333,7,0.0,49.727349638888896,19.0
12926,VDH,234,0.0,70.9,1646,213,upcoming,upcoming,False,4,13,59,8,afternoon,False,42.08238333333334,BL,240,0.975,6,0.0,49.727349638888896,19.0
12926,ACL,235,0.0,70.9,1649,210,upcoming,upcoming,False,4,13,59,8,afternoon,False,42.08238333333334,BL,240,0.9791666666666666,5,0.0,49.727349638888896,19.0
12926,AML,236,0.0,70.9,1653,206,upcoming,upcoming,False,4,13,59,8,afternoon,False,42.08238333333334,BL,240,0.9833333333333333,4,0.0,49.727349638888896,19.0
12926,BIM,237,0.0,70.9,1658,201,upcoming,upcoming,False,4,13,59,8,afternoon,False,42.08238333333334,BL,240,0.9875,3,0.0,49.727349638888896,19.0
12926,JRS,238,0.0,70.9,1662,197,upcoming,upcoming,False,4,13,59,8,afternoon,False,42.08238333333334,BL,240,0.9916666666666667,2,0.0,49.727349638888896,19.0
12926,DGI,239,0.0,70.9,1667,192,upcoming,upcoming,False,4,13,59,8,afternoon,False,42.08238333333334,BL,240,0.9958333333333333,1,0.0,49.727349638888896,19.0
12926,BL,240,14.0,86.7,1676,183,upcoming,upcoming,True,4,13,59,8,afternoon,False,42.08238333333334,VAPI,245,0.9795918367346939,5,589.1533666666668,60.80904391666668,19.0
12926,ATUL,241,0.0,86.7,1683,176,upcoming,upcoming,False,4,13,59,8,afternoon,False,42.08238333333334,VAPI,245,0.9836734693877551,4,0.0,60.80904391666668,19.0
12926,PAD,242,0.0,86.7,1687,172,upcoming,upcoming,False,4,13,59,8,afternoon,False,42.08238333333334,VAPI,245,0.9877551020408163,3,0.0,60.80904391666668,19.0
12926,UVD,243,0.0,86.7,1692,167,upcoming,upcoming,False,4,13,59,8,afternoon,False,42.08238333333334,VAPI,245,0.9918367346938776,2,0.0,60.80904391666668,19.0
12926,BAGD,244,0.0,86.7,1696,163,upcoming,upcoming,False,4,13,59,8,afternoon,False,42.08238333333334,VAPI,245,0.9959183673469387,1,0.0,60.80904391666668,19.0
12926,VAPI,245,14.0,105.0,1702,157,upcoming,upcoming,True,4,13,59,8,afternoon,False,42.08238333333334,DRD,252,0.9722222222222222,7,589.1533666666668,73.64417083333335,19.0
12926,KEB,246,0.0,105.0,1709,150,upcoming,upcoming,False,4,13,59,8,afternoon,False,42.08238333333334,DRD,252,0.9761904761904762,6,0.0,73.64417083333335,19.0
12926,BLD,247,0.0,105.0,1714,145,upcoming,upcoming,False,4,13,59,8,afternoon,False,42.08238333333334,DRD,252,0.9801587301587301,5,0.0,73.64417083333335,19.0
12926,SJN,248,0.0,105.0,1725,134,upcoming,upcoming,False,4,13,59,8,afternoon,False,42.08238333333334,DRD,252,0.9841269841269841,4,0.0,73.64417083333335,19.0
12926,UBR,249,0.0,105.0,1731,128,upcoming,upcoming,False,4,13,59,8,afternoon,False,42.08238333333334,DRD,252,0.9880952380952381,3,0.0,73.64417083333335,19.0
12926,BRRD,250,0.0,105.0,1735,124,upcoming,upcoming,False,4,13,59,8,afternoon,False,42.08238333333334,DRD,252,0.9920634920634921,2,0.0,73.64417083333335,19.0
12926,GVD,251,0.0,105.0,1740,119,upcoming,upcoming,False,4,13,59,8,afternoon,False,42.08238333333334,DRD,252,0.996031746031746,1,0.0,73.64417083333335,19.0
12926,DRD,252,14.0,69.2,1751,108,upcoming,upcoming,True,4,13,59,8,afternoon,False,42.08238333333334,BVI,267,0.9438202247191011,15,589.1533666666668,48.535015444444454,19.0
12926,VGN,253,0.0,69.2,1763,96,upcoming,upcoming,False,4,13,59,8,afternoon,False,42.08238333333334,BVI,267,0.947565543071161,14,0.0,48.535015444444454,19.0
12926,BOR,254,0.0,69.2,1772,87,upcoming,upcoming,False,4,13,59,8,afternoon,False,42.08238333333334,BVI,267,0.951310861423221,13,0.0,48.535015444444454,19.0
12926,UOI,255,0.0,69.2,1777,82,upcoming,upcoming,False,4,13,59,8,afternoon,False,42.08238333333334,BVI,267,0.9550561797752809,12,0.0,48.535015444444454,19.0
12926,PLG,256,0.0,69.2,1784,75,upcoming,upcoming,False,4,13,59,8,afternoon,False,42.08238333333334,BVI,267,0.9588014981273408,11,0.0,48.535015444444454,19.0
12926,KLV,257,0.0,69.2,1792,67,upcoming,upcoming,False,4,13,59,8,afternoon,False,42.08238333333334,BVI,267,0.9625468164794008,10,0.0,48.535015444444454,19.0
12926,SAH,258,0.0,69.2,1798,61,upcoming,upcoming,False,4,13,59,8,afternoon,False,42.08238333333334,BVI,267,0.9662921348314607,9,0.0,48.535015444444454,19.0
12926,VTN,259,0.0,69.2,1806,53,upcoming,upcoming,False,4,13,59,8,afternoon,False,42.08238333333334,BVI,267,0.9700374531835206,8,0.0,48.535015444444454,19.0
12926,VR,260,0.0,69.2,1815,44,upcoming,upcoming,False,4,13,59,8,afternoon,False,42.08238333333334,BVI,267,0.9737827715355806,7,0.0,48.535015444444454,19.0
12926,NSP,261,0.0,69.2,1819,40,upcoming,upcoming,False,4,13,59,8,afternoon,False,42.08238333333334,BVI,267,0.9775280898876404,6,0.0,48.535015444444454,19.0
12926,BSR,262,0.0,69.2,1823,36,upcoming,upcoming,False,4,13,59,8,afternoon,False,42.08238333333334,BVI,267,0.9812734082397003,5,0.0,48.535015444444454,19.0
12926,NIG,263,0.0,69.2,1827,32,upcoming,upcoming,False,4,13,59,8,afternoon,False,42.08238333333334,BVI,267,0.9850187265917603,4,0.0,48.535015444444454,19.0
12926,BYR,264,0.0,69.2,1832,27,upcoming,upcoming,False,4,13,59,8,afternoon,False,42.08238333333334,BVI,267,0.9887640449438202,3,0.0,48.535015444444454,19.0
12926,MIRA,265,0.0,69.2,1835,24,upcoming,upcoming,False,4,13,59,8,afternoon,False,42.08238333333334,BVI,267,0.9925093632958801,2,0.0,48.535015444444454,19.0
12926,DIC,266,0.0,69.2,1838,21,upcoming,upcoming,False,4,13,59,8,afternoon,False,42.08238333333334,BVI,267,0.9962546816479401,1,0.0,48.535015444444454,19.0
12926,BVI,267,14.0,18.0,1841,18,upcoming,upcoming,True,4,13,59,8,afternoon,False,42.08238333333334,BDTS,276,0.967391304347826,9,589.1533666666668,12.624715000000002,19.0
12926,KILE,268,0.0,18.0,1843,16,upcoming,upcoming,False,4,13,59,8,afternoon,False,42.08238333333334,BDTS,276,0.9710144927536232,8,0.0,12.624715000000002,19.0
12926,MDD,269,0.0,18.0,1845,14,upcoming,upcoming,False,4,13,59,8,afternoon,False,42.08238333333334,BDTS,276,0.9746376811594203,7,0.0,12.624715000000002,19.0
12926,GMN,270,0.0,18.0,1848,11,upcoming,upcoming,False,4,13,59,8,afternoon,False,42.08238333333334,BDTS,276,0.9782608695652174,6,0.0,12.624715000000002,19.0
12926,RMAR,271,0.0,18.0,1849,10,upcoming,upcoming,False,4,13,59,8,afternoon,False,42.08238333333334,BDTS,276,0.9818840579710145,5,0.0,12.624715000000002,19.0
12926,JOS,272,0.0,18.0,1851,8,upcoming,upcoming,False,4,13,59,8,afternoon,False,42.08238333333334,BDTS,276,0.9855072463768116,4,0.0,12.624715000000002,19.0
12926,ADH,273,0.0,18.0,1853,6,upcoming,upcoming,False,4,13,59,8,afternoon,False,42.08238333333334,BDTS,276,0.9891304347826086,3,0.0,12.624715000000002,19.0
12926,VLP,274,0.0,18.0,1855,4,upcoming,upcoming,False,4,13,59,8,afternoon,False,42.08238333333334,BDTS,276,0.9927536231884058,2,0.0,12.624715000000002,19.0
12926,STC,275,0.0,18.0,1857,2,upcoming,upcoming,False,4,13,59,8,afternoon,False,42.08238333333334,BDTS,276,0.9963768115942029,1,0.0,12.624715000000002,19.0
12927,DDR,1,0.0,84.7,0,469,at-station,at-station,True,4,13,55,8,afternoon,False,3.934633333333333,MRU,2,0.5,1,0.0,5.554390722222222,0.0
12927,MRU,2,0.0,84.7,2,467,upcoming,upcoming,False,4,13,55,8,afternoon,False,3.934633333333333,MM,3,0.6666666666666666,1,0.0,5.554390722222222,0.0
12927,MM,3,0.0,84.7,3,466,upcoming,upcoming,False,4,13,55,8,afternoon,False,3.934633333333333,BA,4,0.75,1,0.0,5.554390722222222,0.0
12927,BA,4,0.0,84.7,4,465,upcoming,upcoming,False,4,13,55,8,afternoon,False,3.934633333333333,KHAR,5,0.8,1,0.0,5.554390722222222,0.0
12927,KHAR,5,0.0,84.7,6,463,upcoming,upcoming,False,4,13,55,8,afternoon,False,3.934633333333333,STC,6,0.8333333333333334,1,0.0,5.554390722222222,0.0
12927,STC,6,0.0,84.7,7,462,upcoming,upcoming,False,4,13,55,8,afternoon,False,3.934633333333333,VLP,7,0.8571428571428571,1,0.0,5.554390722222222,0.0
12927,VLP,7,0.0,84.7,10,459,upcoming,upcoming,False,4,13,55,8,afternoon,False,3.934633333333333,ADH,8,0.875,1,0.0,5.554390722222222,0.0
12927,ADH,8,0.0,84.7,12,457,upcoming,upcoming,False,4,13,55,8,afternoon,False,3.934633333333333,JOS,9,0.8888888888888888,1,0.0,5.554390722222222,0.0
12927,JOS,9,0.0,84.7,13,456,upcoming,upcoming,False,4,13,55,8,afternoon,False,3.934633333333333,RMAR,10,0.9,1,0.0,5.554390722222222,0.0
12927,RMAR,10,0.0,84.7,15,454,upcoming,upcoming,False,4,13,55,8,afternoon,False,3.934633333333333,GMN,11,0.9090909090909091,1,0.0,5.554390722222222,0.0
12927,GMN,11,0.0,84.7,17,452,upcoming,upcoming,False,4,13,55,8,afternoon,False,3.934633333333333,MDD,12,0.9166666666666666,1,0.0,5.554390722222222,0.0
12927,MDD,12,0.0,84.7,19,450,upcoming,upcoming,False,4,13,55,8,afternoon,False,3.934633333333333,KILE,13,0.9230769230769231,1,0.0,5.554390722222222,0.0
12927,KILE,13,0.0,84.7,21,448,upcoming,upcoming,False,4,13,55,8,afternoon,False,3.934633333333333,DIC,15,0.8666666666666667,2,0.0,5.554390722222222,0.0
12927,BVI,14,0.0,70.3,24,445,upcoming,upcoming,True,4,13,55,8,afternoon,False,3.934633333333333,DIC,15,0.9333333333333333,1,0.0,4.610078722222222,0.0
12927,DIC,15,0.0,70.3,26,443,upcoming,upcoming,False,4,13,55,8,afternoon,False,3.934633333333333,MIRA,16,0.9375,1,0.0,4.610078722222222,0.0
12927,MIRA,16,0.0,70.3,30,439,upcoming,upcoming,False,4,13,55,8,afternoon,False,3.934633333333333,BYR,17,0.9411764705882353,1,0.0,4.610078722222222,0.0
12927,BYR,17,0.0,70.3,33,436,upcoming,upcoming,False,4,13,55,8,afternoon,False,3.934633333333333,NIG,18,0.9444444444444444,1,0.0,4.610078722222222,0.0
12927,NIG,18,0.0,70.3,38,431,upcoming,upcoming,False,4,13,55,8,afternoon,False,3.934633333333333,BSR,19,0.9473684210526315,1,0.0,4.610078722222222,0.0
12927,BSR,19,0.0,70.3,42,427,upcoming,upcoming,False,4,13,55,8,afternoon,False,3.934633333333333,NSP,20,0.95,1,0.0,4.610078722222222,0.0
12927,NSP,20,0.0,70.3,46,423,upcoming,upcoming,False,4,13,55,8,afternoon,False,3.934633333333333,VR,21,0.9523809523809523,1,0.0,4.610078722222222,0.0
12927,VR,21,0.0,70.3,50,419,upcoming,upcoming,False,4,13,55,8,afternoon,False,3.934633333333333,VTN,22,0.9545454545454546,1,0.0,4.610078722222222,0.0
12927,VTN,22,0.0,70.3,58,411,upcoming,upcoming,False,4,13,55,8,afternoon,False,3.934633333333333,SAH,23,0.9565217391304348,1,0.0,4.610078722222222,0.0
12927,SAH,23,0.0,70.3,67,402,upcoming,upcoming,False,4,13,55,8,afternoon,False,3.934633333333333,KLV,24,0.9583333333333334,1,0.0,4.610078722222222,0.0
12927,KLV,24,0.0,70.3,72,397,upcoming,upcoming,False,4,13,55,8,afternoon,False,3.934633333333333,PLG,25,0.96,1,0.0,4.610078722222222,0.0
12927,PLG,25,0.0,70.3,81,388,upcoming,upcoming,False,4,13,55,8,afternoon,False,3.934633333333333,UOI,26,0.9615384615384616,1,0.0,4.610078722222222,0.0
12927,UOI,26,0.0,70.3,87,382,upcoming,upcoming,False,4,13,55,8,afternoon,False,3.934633333333333,BOR,27,0.9629629629629629,1,0.0,4.610078722222222,0.0
12927,BOR,27,0.0,70.3,93,376,upcoming,upcoming,False,4,13,55,8,afternoon,False,3.934633333333333,VGN,28,0.9642857142857143,1,0.0,4.610078722222222,0.0
12927,VGN,28,0.0,70.3,101,368,upcoming,upcoming,False,4,13,55,8,afternoon,False,3.934633333333333,DRD,29,0.9655172413793104,1,0.0,4.610078722222222,0.0
12927,DRD,29,0.0,70.3,114,355,upcoming,upcoming,False,4,13,55,8,afternoon,False,3.934633333333333,GVD,30,0.9666666666666667,1,0.0,4.610078722222222,0.0
12927,GVD,30,0.0,70.3,125,344,upcoming,upcoming,False,4,13,55,8,afternoon,False,3.934633333333333,BRRD,31,0.967741935483871,1,0.0,4.610078722222222,0.0
12927,BRRD,31,0.0,70.3,129,340,upcoming,upcoming,False,4,13,55,8,afternoon,False,3.934633333333333,UBR,32,0.96875,1,0.0,4.610078722222222,0.0
12927,UBR,32,0.0,70.3,134,335,upcoming,upcoming,False,4,13,55,8,afternoon,False,3.934633333333333,SJN,33,0.9696969696969697,1,0.0,4.610078722222222,0.0
12927,SJN,33,0.0,70.3,139,330,upcoming,upcoming,False,4,13,55,8,afternoon,False,3.934633333333333,BLD,34,0.9705882352941176,1,0.0,4.610078722222222,0.0
12927,BLD,34,0.0,70.3,151,318,upcoming,upcoming,False,4,13,55,8,afternoon,False,3.934633333333333,KEB,35,0.9714285714285714,1,0.0,4.610078722222222,0.0
12927,KEB,35,0.0,70.3,156,313,upcoming,upcoming,False,4,13,55,8,afternoon,False,3.934633333333333,VAPI,36,0.9722222222222222,1,0.0,4.610078722222222,0.0
12927,VAPI,36,0.0,70.3,162,307,upcoming,upcoming,False,4,13,55,8,afternoon,False,3.934633333333333,BAGD,37,0.972972972972973,1,0.0,4.610078722222222,0.0
12927,BAGD,37,0.0,70.3,169,300,upcoming,upcoming,False,4,13,55,8,afternoon,False,3.934633333333333,UVD,38,0.9736842105263158,1,0.0,4.610078722222222,0.0
12927,UVD,38,0.0,70.3,172,297,upcoming,upcoming,False,4,13,55,8,afternoon,False,3.934633333333333,PAD,39,0.9743589743589743,1,0.0,4.610078722222222,0.0
12927,PAD,39,0.0,70.3,178,291,upcoming,upcoming,False,4,13,55,8,afternoon,False,3.934633333333333,ATUL,40,0.975,1,0.0,4.610078722222222,0.0
12927,ATUL,40,0.0,70.3,181,288,upcoming,upcoming,False,4,13,55,8,afternoon,False,3.934633333333333,DGI,42,0.9523809523809523,2,0.0,4.610078722222222,0.0
12927,BL,41,0.0,62.7,188,281,upcoming,upcoming,True,4,13,55,8,afternoon,False,3.934633333333333,DGI,42,0.9761904761904762,1,0.0,4.111691833333333,0.0
12927,DGI,42,0.0,62.7,197,272,upcoming,upcoming,False,4,13,55,8,afternoon,False,3.934633333333333,JRS,43,0.9767441860465116,1,0.0,4.111691833333333,0.0
12927,JRS,43,0.0,62.7,202,267,upcoming,upcoming,False,4,13,55,8,afternoon,False,3.934633333333333,BIM,44,0.9772727272727273,1,0.0,4.111691833333333,0.0
12927,BIM,44,0.0,62.7,206,263,upcoming,upcoming,False,4,13,55,8,afternoon,False,3.934633333333333,AML,45,0.9777777777777777,1,0.0,4.111691833333333,0.0
12927,AML,45,0.0,62.7,212,257,upcoming,upcoming,False,4,13,55,8,afternoon,False,3.934633333333333,ACL,46,0.9782608695652174,1,0.0,4.111691833333333,0.0
12927,ACL,46,0.0,62.7,215,254,upcoming,upcoming,False,4,13,55,8,afternoon,False,3.934633333333333,VDH,47,0.9787234042553191,1,0.0,4.111691833333333,0.0
12927,VDH,47,0.0,62.7,219,250,upcoming,upcoming,False,4,13,55,8,afternoon,False,3.934633333333333,HXR,48,0.9791666666666666,1,0.0,4.111691833333333,0.0
12927,HXR,48,0.0,62.7,222,247,upcoming,upcoming,False,4,13,55,8,afternoon,False,3.934633333333333,GNST,49,0.9795918367346939,1,0.0,4.111691833333333,0.0
12927,GNST,49,0.0,62.7,224,245,upcoming,upcoming,False,4,13,55,8,afternoon,False,3.934633333333333,NVS,50,0.98,1,0.0,4.111691833333333,0.0
12927,NVS,50,0.0,62.7,227,242,upcoming,upcoming,False,4,13,55,8,afternoon,False,3.934633333333333,MRL,51,0.9803921568627451,1,0.0,4.111691833333333,0.0
12927,MRL,51,0.0,62.7,236,233,upcoming,upcoming,False,4,13,55,8,afternoon,False,3.934633333333333,SCH,52,0.9807692307692307,1,0.0,4.111691833333333,0.0
12927,SCH,52,0.0,62.7,242,227,upcoming,upcoming,False,4,13,55,8,afternoon,False,3.934633333333333,BHET,53,0.9811320754716981,1,0.0,4.111691833333333,0.0
12927,BHET,53,0.0,62.7,247,222,upcoming,upcoming,False,4,13,55,8,afternoon,False,3.934633333333333,UDN,54,0.9814814814814815,1,0.0,4.111691833333333,0.0
12927,UDN,54,0.0,62.7,253,216,upcoming,upcoming,False,4,13,55,8,afternoon,False,3.934633333333333,URN,56,0.9642857142857143,2,0.0,4.111691833333333,0.0
12927,ST,55,0.0,80.5,257,212,upcoming,upcoming,True,4,13,55,8,afternoon,False,3.934633333333333,URN,56,0.9821428571428571,1,0.0,5.278966388888889,0.0
12927,URN,56,0.0,80.5,260,209,upcoming,upcoming,False,4,13,55,8,afternoon,False,3.934633333333333,KSE,57,0.9824561403508771,1,0.0,5.278966388888889,0.0
12927,KSE,57,0.0,80.5,264,205,upcoming,upcoming,False,4,13,55,8,afternoon,False,3.934633333333333,GTX,58,0.9827586206896551,1,0.0,5.278966388888889,0.0
12927,GTX,58,0.0,80.5,267,202,upcoming,upcoming,False,4,13,55,8,afternoon,False,3.934633333333333,SYN,59,0.9830508474576272,1,0.0,5.278966388888889,0.0
12927,SYN,59,0.0,80.5,270,199,upcoming,upcoming,False,4,13,55,8,afternoon,False,3.934633333333333,KDSD,60,0.9833333333333333,1,0.0,5.278966388888889,0.0
12927,KDSD,60,0.0,80.5,277,192,upcoming,upcoming,False,4,13,55,8,afternoon,False,3.934633333333333,KIM,61,0.9836065573770492,1,0.0,5.278966388888889,0.0
12927,KIM,61,0.0,80.5,280,189,upcoming,upcoming,False,4,13,55,8,afternoon,False,3.934633333333333,KSB,62,0.9838709677419355,1,0.0,5.278966388888889,0.0
12927,KSB,62,0.0,80.5,288,181,upcoming,upcoming,False,4,13,55,8,afternoon,False,3.934633333333333,HAT,63,0.9841269841269841,1,0.0,5.278966388888889,0.0
12927,HAT,63,0.0,80.5,292,177,upcoming,upcoming,False,4,13,55,8,afternoon,False,3.934633333333333,PAO,64,0.984375,1,0.0,5.278966388888889,0.0
12927,PAO,64,0.0,80.5,296,173,upcoming,upcoming,False,4,13,55,8,afternoon,False,3.934633333333333,SNJL,65,0.9846153846153847,1,0.0,5.278966388888889,0.0
12927,SNJL,65,0.0,80.5,301,168,upcoming,upcoming,False,4,13,55,8,afternoon,False,3.934633333333333,AKV,66,0.9848484848484849,1,0.0,5.278966388888889,0.0
12927,AKV,66,0.0,80.5,306,163,upcoming,upcoming,False,4,13,55,8,afternoon,False,3.934633333333333,CVJ,68,0.9705882352941176,2,0.0,5.278966388888889,0.0
12927,BH,67,0.0,78.8,316,153,upcoming,upcoming,True,4,13,55,8,afternoon,False,3.934633333333333,CVJ,68,0.9852941176470589,1,0.0,5.167485111111111,0.0
12927,CVJ,68,0.0,78.8,321,148,upcoming,upcoming,False,4,13,55,8,afternoon,False,3.934633333333333,NIU,69,0.9855072463768116,1,0.0,5.167485111111111,0.0
12927,NIU,69,0.0,78.8,328,141,upcoming,upcoming,False,4,13,55,8,afternoon,False,3.934633333333333,VRE,70,0.9857142857142858,1,0.0,5.167485111111111,0.0
12927,VRE,70,0.0,78.8,335,134,upcoming,upcoming,False,4,13,55,8,afternoon,False,3.934633333333333,PLJ,71,0.9859154929577465,1,0.0,5.167485111111111,0.0
12927,PLJ,71,0.0,78.8,341,128,upcoming,upcoming,False,4,13,55,8,afternoon,False,3.934633333333333,LKD,72,0.9861111111111112,1,0.0,5.167485111111111,0.0
12927,LKD,72,0.0,78.8,348,121,upcoming,upcoming,False,4,13,55,8,afternoon,False,3.934633333333333,MYG,73,0.9863013698630136,1,0.0,5.167485111111111,0.0
12927,MYG,73,0.0,78.8,356,113,upcoming,upcoming,False,4,13,55,8,afternoon,False,3.934633333333333,KSPR,74,0.9864864864864865,1,0.0,5.167485111111111,0.0
12927,KSPR,74,0.0,78.8,364,105,upcoming,upcoming,False,4,13,55,8,afternoon,False,3.934633333333333,ITA,75,0.9866666666666667,1,0.0,5.167485111111111,0.0
12927,ITA,75,0.0,78.8,368,101,upcoming,upcoming,False,4,13,55,8,afternoon,False,3.934633333333333,VRM,76,0.9868421052631579,1,0.0,5.167485111111111,0.0
12927,VRM,76,0.0,78.8,372,97,upcoming,upcoming,False,4,13,55,8,afternoon,False,3.934633333333333,MPR,77,0.987012987012987,1,0.0,5.167485111111111,0.0
12927,MPR,77,0.0,78.8,378,91,upcoming,upcoming,False,4,13,55,8,afternoon,False,3.934633333333333,VS,80,0.9625,3,0.0,5.167485111111111,0.0
12927,VS,78,0.0,18.0,383,86,upcoming,upcoming,True,4,13,55,8,afternoon,False,3.934633333333333,VS,80,0.975,2,0.0,1.1803899999999998,0.0
12927,BRC,79,0.0,49.8,386,83,upcoming,upcoming,True,4,13,55,8,afternoon,False,3.934633333333333,VS,80,0.9875,1,0.0,3.2657456666666667,0.0
12927,VS,80,0.0,49.8,389,80,upcoming,upcoming,False,4,13,55,8,afternoon,False,3.934633333333333,PRTN,81,0.9876543209876543,1,0.0,3.2657456666666667,0.0
12927,PRTN,81,0.0,49.8,392,77,upcoming,upcoming,False,4,13,55,8,afternoon,False,3.934633333333333,KEP,82,0.9878048780487805,1,0.0,3.2657456666666667,0.0
12927,KEP,82,0.0,49.8,400,69,upcoming,upcoming,False,4,13,55,8,afternoon,False,3.934633333333333,KDHL,83,0.9879518072289156,1,0.0,3.2657456666666667,0.0
12927,KDHL,83,0.0,49.8,403,66,upcoming,upcoming,False,4,13,55,8,afternoon,False,3.934633333333333,BILP,84,0.9880952380952381,1,0.0,3.2657456666666667,0.0
12927,BILP,84,0.0,49.8,408,61,upcoming,upcoming,False,4,13,55,8,afternoon,False,3.934633333333333,TWV,85,0.9882352941176471,1,0.0,3.2657456666666667,0.0
12927,TWV,85,0.0,49.8,412,57,upcoming,upcoming,False,4,13,55,8,afternoon,False,3.934633333333333,DB,86,0.9883720930232558,1,0.0,3.2657456666666667,0.0
12927,DB,86,0.0,49.8,419,50,upcoming,upcoming,False,4,13,55,8,afternoon,False,3.934633333333333,VRJ,87,0.9885057471264368,1,0.0,3.2657456666666667,0.0
12927,VRJ,87,0.0,49.8,431,38,upcoming,upcoming,False,4,13,55,8,afternoon,False,3.934633333333333,CDD,88,0.9886363636363636,1,0.0,3.2657456666666667,0.0
12927,CDD,88,0.0,49.8,437,32,upcoming,upcoming,False,4,13,55,8,afternoon,False,3.934633333333333,MORY,89,0.9887640449438202,1,0.0,3.2657456666666667,0.0
12927,MORY,89,0.0,49.8,444,25,upcoming,upcoming,False,4,13,55,8,afternoon,False,3.934633333333333,TKWA,90,0.9888888888888889,1,0.0,3.2657456666666667,0.0
12927,TKWA,90,0.0,49.8,454,15,upcoming,upcoming,False,4,13,55,8,afternoon,False,3.934633333333333,GDWR,91,0.989010989010989,1,0.0,3.2657456666666667,0.0
12927,GDWR,91,0.0,49.8,463,6,upcoming,upcoming,False,4,13,55,8,afternoon,False,46.0375,EKNR,92,0.9891304347826086,1,0.0,38.211125,0.0
12927,MRU,2,0.0,84.7,2,467,upcoming,upcoming,False,4,13,59,8,afternoon,False,42.10286666666666,BVI,14,0.14285714285714285,12,0.0,59.435213444444436,0.0
12927,MM,3,0.0,84.7,3,466,upcoming,upcoming,False,4,13,59,8,afternoon,False,42.10286666666666,BVI,14,0.21428571428571427,11,0.0,59.435213444444436,0.0
12927,BA,4,0.0,84.7,4,465,upcoming,upcoming,False,4,13,59,8,afternoon,False,42.10286666666666,BVI,14,0.2857142857142857,10,0.0,59.435213444444436,0.0
12927,KHAR,5,0.0,84.7,6,463,upcoming,upcoming,False,4,13,59,8,afternoon,False,42.10286666666666,BVI,14,0.35714285714285715,9,0.0,59.435213444444436,0.0
12927,STC,6,0.0,84.7,7,462,upcoming,upcoming,False,4,13,59,8,afternoon,False,42.10286666666666,BVI,14,0.42857142857142855,8,0.0,59.435213444444436,0.0
12927,VLP,7,0.0,84.7,10,459,upcoming,upcoming,False,4,13,59,8,afternoon,False,42.10286666666666,BVI,14,0.5,7,0.0,59.435213444444436,0.0
12927,ADH,8,0.0,84.7,12,457,upcoming,upcoming,False,4,13,59,8,afternoon,False,42.10286666666666,BVI,14,0.5714285714285714,6,0.0,59.435213444444436,0.0
12927,JOS,9,0.0,84.7,13,456,upcoming,upcoming,False,4,13,59,8,afternoon,False,42.10286666666666,BVI,14,0.6428571428571429,5,0.0,59.435213444444436,0.0
12927,RMAR,10,0.0,84.7,15,454,upcoming,upcoming,False,4,13,59,8,afternoon,False,42.10286666666666,BVI,14,0.7142857142857143,4,0.0,59.435213444444436,0.0
12927,GMN,11,0.0,84.7,17,452,upcoming,upcoming,False,4,13,59,8,afternoon,False,42.10286666666666,BVI,14,0.7857142857142857,3,0.0,59.435213444444436,0.0
12927,MDD,12,0.0,84.7,19,450,upcoming,upcoming,False,4,13,59,8,afternoon,False,42.10286666666666,BVI,14,0.8571428571428571,2,0.0,59.435213444444436,0.0
12927,KILE,13,0.0,84.7,21,448,upcoming,upcoming,False,4,13,59,8,afternoon,False,42.10286666666666,BVI,14,0.9285714285714286,1,0.0,59.435213444444436,0.0
12927,DIC,15,0.0,70.3,26,443,upcoming,upcoming,False,4,13,59,8,afternoon,False,42.10286666666666,BL,41,0.36585365853658536,26,0.0,49.33052544444443,0.0
12927,MIRA,16,0.0,70.3,30,439,upcoming,upcoming,False,4,13,59,8,afternoon,False,42.10286666666666,BL,41,0.3902439024390244,25,0.0,49.33052544444443,0.0
12927,BYR,17,0.0,70.3,33,436,upcoming,upcoming,False,4,13,59,8,afternoon,False,42.10286666666666,BL,41,0.4146341463414634,24,0.0,49.33052544444443,0.0
12927,NIG,18,0.0,70.3,38,431,upcoming,upcoming,False,4,13,59,8,afternoon,False,42.10286666666666,BL,41,0.43902439024390244,23,0.0,49.33052544444443,0.0
12927,BSR,19,0.0,70.3,42,427,upcoming,upcoming,False,4,13,59,8,afternoon,False,42.10286666666666,BL,41,0.4634146341463415,22,0.0,49.33052544444443,0.0
12927,NSP,20,0.0,70.3,46,423,upcoming,upcoming,False,4,13,59,8,afternoon,False,42.10286666666666,BL,41,0.4878048780487805,21,0.0,49.33052544444443,0.0
12927,VR,21,0.0,70.3,50,419,upcoming,upcoming,False,4,13,59,8,afternoon,False,42.10286666666666,BL,41,0.5121951219512195,20,0.0,49.33052544444443,0.0
12927,VTN,22,0.0,70.3,58,411,upcoming,upcoming,False,4,13,59,8,afternoon,False,42.10286666666666,BL,41,0.5365853658536586,19,0.0,49.33052544444443,0.0
12927,SAH,23,0.0,70.3,67,402,upcoming,upcoming,False,4,13,59,8,afternoon,False,42.10286666666666,BL,41,0.5609756097560976,18,0.0,49.33052544444443,0.0
12927,KLV,24,0.0,70.3,72,397,upcoming,upcoming,False,4,13,59,8,afternoon,False,42.10286666666666,BL,41,0.5853658536585366,17,0.0,49.33052544444443,0.0
12927,PLG,25,0.0,70.3,81,388,upcoming,upcoming,False,4,13,59,8,afternoon,False,42.10286666666666,BL,41,0.6097560975609756,16,0.0,49.33052544444443,0.0
12927,UOI,26,0.0,70.3,87,382,upcoming,upcoming,False,4,13,59,8,afternoon,False,42.10286666666666,BL,41,0.6341463414634146,15,0.0,49.33052544444443,0.0
12927,BOR,27,0.0,70.3,93,376,upcoming,upcoming,False,4,13,59,8,afternoon,False,42.10286666666666,BL,41,0.6585365853658537,14,0.0,49.33052544444443,0.0
12927,VGN,28,0.0,70.3,101,368,upcoming,upcoming,False,4,13,59,8,afternoon,False,42.10286666666666,BL,41,0.6829268292682927,13,0.0,49.33052544444443,0.0
12927,DRD,29,0.0,70.3,114,355,upcoming,upcoming,False,4,13,59,8,afternoon,False,42.10286666666666,BL,41,0.7073170731707317,12,0.0,49.33052544444443,0.0
12927,GVD,30,0.0,70.3,125,344,upcoming,upcoming,False,4,13,59,8,afternoon,False,42.10286666666666,BL,41,0.7317073170731707,11,0.0,49.33052544444443,0.0
12927,BRRD,31,0.0,70.3,129,340,upcoming,upcoming,False,4,13,59,8,afternoon,False,42.10286666666666,BL,41,0.7560975609756098,10,0.0,49.33052544444443,0.0
12927,UBR,32,0.0,70.3,134,335,upcoming,upcoming,False,4,13,59,8,afternoon,False,42.10286666666666,BL,41,0.7804878048780488,9,0.0,49.33052544444443,0.0
12927,SJN,33,0.0,70.3,139,330,upcoming,upcoming,False,4,13,59,8,afternoon,False,42.10286666666666,BL,41,0.8048780487804879,8,0.0,49.33052544444443,0.0
12927,BLD,34,0.0,70.3,151,318,upcoming,upcoming,False,4,13,59,8,afternoon,False,42.10286666666666,BL,41,0.8292682926829268,7,0.0,49.33052544444443,0.0
12927,KEB,35,0.0,70.3,156,313,upcoming,upcoming,False,4,13,59,8,afternoon,False,42.10286666666666,BL,41,0.8536585365853658,6,0.0,49.33052544444443,0.0
12927,VAPI,36,0.0,70.3,162,307,upcoming,upcoming,False,4,13,59,8,afternoon,False,42.10286666666666,BL,41,0.8780487804878049,5,0.0,49.33052544444443,0.0
12927,BAGD,37,0.0,70.3,169,300,upcoming,upcoming,False,4,13,59,8,afternoon,False,42.10286666666666,BL,41,0.9024390243902439,4,0.0,49.33052544444443,0.0
12927,UVD,38,0.0,70.3,172,297,upcoming,upcoming,False,4,13,59,8,afternoon,False,42.10286666666666,BL,41,0.926829268292683,3,0.0,49.33052544444443,0.0
12927,PAD,39,0.0,70.3,178,291,upcoming,upcoming,False,4,13,59,8,afternoon,False,42.10286666666666,BL,41,0.9512195121951219,2,0.0,49.33052544444443,0.0
12927,ATUL,40,0.0,70.3,181,288,upcoming,upcoming,False,4,13,59,8,afternoon,False,42.10286666666666,BL,41,0.975609756097561,1,0.0,49.33052544444443,0.0
12927,DGI,42,0.0,62.7,197,272,upcoming,upcoming,False,4,13,59,8,afternoon,False,42.10286666666666,ST,55,0.7636363636363637,13,0.0,43.99749566666666,0.0
12927,JRS,43,0.0,62.7,202,267,upcoming,upcoming,False,4,13,59,8,afternoon,False,42.10286666666666,ST,55,0.7818181818181819,12,0.0,43.99749566666666,0.0
12927,BIM,44,0.0,62.7,206,263,upcoming,upcoming,False,4,13,59,8,afternoon,False,42.10286666666666,ST,55,0.8,11,0.0,43.99749566666666,0.0
12927,AML,45,0.0,62.7,212,257,upcoming,upcoming,False,4,13,59,8,afternoon,False,42.10286666666666,ST,55,0.8181818181818182,10,0.0,43.99749566666666,0.0
12927,ACL,46,0.0,62.7,215,254,upcoming,upcoming,False,4,13,59,8,afternoon,False,42.10286666666666,ST,55,0.8363636363636363,9,0.0,43.99749566666666,0.0
12927,VDH,47,0.0,62.7,219,250,upcoming,upcoming,False,4,13,59,8,afternoon,False,42.10286666666666,ST,55,0.8545454545454545,8,0.0,43.99749566666666,0.0
12927,HXR,48,0.0,62.7,222,247,upcoming,upcoming,False,4,13,59,8,afternoon,False,42.10286666666666,ST,55,0.8727272727272727,7,0.0,43.99749566666666,0.0
12927,GNST,49,0.0,62.7,224,245,upcoming,upcoming,False,4,13,59,8,afternoon,False,42.10286666666666,ST,55,0.8909090909090909,6,0.0,43.99749566666666,0.0
12927,NVS,50,0.0,62.7,227,242,upcoming,upcoming,False,4,13,59,8,afternoon,False,42.10286666666666,ST,55,0.9090909090909091,5,0.0,43.99749566666666,0.0
12927,MRL,51,0.0,62.7,236,233,upcoming,upcoming,False,4,13,59,8,afternoon,False,42.10286666666666,ST,55,0.9272727272727272,4,0.0,43.99749566666666,0.0
12927,SCH,52,0.0,62.7,242,227,upcoming,upcoming,False,4,13,59,8,afternoon,False,42.10286666666666,ST,55,0.9454545454545454,3,0.0,43.99749566666666,0.0
12927,BHET,53,0.0,62.7,247,222,upcoming,upcoming,False,4,13,59,8,afternoon,False,42.10286666666666,ST,55,0.9636363636363636,2,0.0,43.99749566666666,0.0
12927,UDN,54,0.0,62.7,253,216,upcoming,upcoming,False,4,13,59,8,afternoon,False,42.10286666666666,ST,55,0.9818181818181818,1,0.0,43.99749566666666,0.0
12927,URN,56,0.0,80.5,260,209,upcoming,upcoming,False,4,13,59,8,afternoon,False,42.10286666666666,BH,67,0.835820895522388,11,0.0,56.48801277777776,0.0
12927,KSE,57,0.0,80.5,264,205,upcoming,upcoming,False,4,13,59,8,afternoon,False,42.10286666666666,BH,67,0.8507462686567164,10,0.0,56.48801277777776,0.0
12927,GTX,58,0.0,80.5,267,202,upcoming,upcoming,False,4,13,59,8,afternoon,False,42.10286666666666,BH,67,0.8656716417910447,9,0.0,56.48801277777776,0.0
12927,SYN,59,0.0,80.5,270,199,upcoming,upcoming,False,4,13,59,8,afternoon,False,42.10286666666666,BH,67,0.8805970149253731,8,0.0,56.48801277777776,0.0
12927,KDSD,60,0.0,80.5,277,192,upcoming,upcoming,False,4,13,59,8,afternoon,False,42.10286666666666,BH,67,0.8955223880597015,7,0.0,56.48801277777776,0.0
12927,KIM,61,0.0,80.5,280,189,upcoming,upcoming,False,4,13,59,8,afternoon,False,42.10286666666666,BH,67,0.9104477611940298,6,0.0,56.48801277777776,0.0
12927,KSB,62,0.0,80.5,288,181,upcoming,upcoming,False,4,13,59,8,afternoon,False,42.10286666666666,BH,67,0.9253731343283582,5,0.0,56.48801277777776,0.0
12927,HAT,63,0.0,80.5,292,177,upcoming,upcoming,False,4,13,59,8,afternoon,False,42.10286666666666,BH,67,0.9402985074626866,4,0.0,56.48801277777776,0.0
12927,PAO,64,0.0,80.5,296,173,upcoming,upcoming,False,4,13,59,8,afternoon,False,42.10286666666666,BH,67,0.9552238805970149,3,0.0,56.48801277777776,0.0
12927,SNJL,65,0.0,80.5,301,168,upcoming,upcoming,False,4,13,59,8,afternoon,False,42.10286666666666,BH,67,0.9701492537313433,2,0.0,56.48801277777776,0.0
12927,AKV,66,0.0,80.5,306,163,upcoming,upcoming,False,4,13,59,8,afternoon,False,42.10286666666666,BH,67,0.9850746268656716,1,0.0,56.48801277777776,0.0
12927,CVJ,68,0.0,78.8,321,148,upcoming,upcoming,False,4,13,59,8,afternoon,False,42.10286666666666,VS,78,0.8717948717948718,10,0.0,55.29509822222221,0.0
12927,NIU,69,0.0,78.8,328,141,upcoming,upcoming,False,4,13,59,8,afternoon,False,42.10286666666666,VS,78,0.8846153846153846,9,0.0,55.29509822222221,0.0
12927,VRE,70,0.0,78.8,335,134,upcoming,upcoming,False,4,13,59,8,afternoon,False,42.10286666666666,VS,78,0.8974358974358975,8,0.0,55.29509822222221,0.0
12927,PLJ,71,0.0,78.8,341,128,upcoming,upcoming,False,4,13,59,8,afternoon,False,42.10286666666666,VS,78,0.9102564102564102,7,0.0,55.29509822222221,0.0
12927,LKD,72,0.0,78.8,348,121,upcoming,upcoming,False,4,13,59,8,afternoon,False,42.10286666666666,VS,78,0.9230769230769231,6,0.0,55.29509822222221,0.0
12927,MYG,73,0.0,78.8,356,113,upcoming,upcoming,False,4,13,59,8,afternoon,False,42.10286666666666,VS,78,0.9358974358974359,5,0.0,55.29509822222221,0.0
12927,KSPR,74,0.0,78.8,364,105,upcoming,upcoming,False,4,13,59,8,afternoon,False,42.10286666666666,VS,78,0.9487179487179487,4,0.0,55.29509822222221,0.0
12927,ITA,75,0.0,78.8,368,101,upcoming,upcoming,False,4,13,59,8,afternoon,False,42.10286666666666,VS,78,0.9615384615384616,3,0.0,55.29509822222221,0.0
12927,VRM,76,0.0,78.8,372,97,upcoming,upcoming,False,4,13,59,8,afternoon,False,42.10286666666666,VS,78,0.9743589743589743,2,0.0,55.29509822222221,0.0
12927,MPR,77,0.0,78.8,378,91,upcoming,upcoming,False,4,13,59,8,afternoon,False,42.10286666666666,VS,78,0.9871794871794872,1,0.0,55.29509822222221,0.0
12927,VS,80,0.0,49.8,389,80,upcoming,upcoming,False,4,13,59,8,afternoon,False,42.10286666666666,EKNR,92,0.8695652173913043,12,0.0,34.94537933333332,0.0
12927,PRTN,81,0.0,49.8,392,77,upcoming,upcoming,False,4,13,59,8,afternoon,False,42.10286666666666,EKNR,92,0.8804347826086957,11,0.0,34.94537933333332,0.0
12927,KEP,82,0.0,49.8,400,69,upcoming,upcoming,False,4,13,59,8,afternoon,False,42.10286666666666,EKNR,92,0.8913043478260869,10,0.0,34.94537933333332,0.0
12927,KDHL,83,0.0,49.8,403,66,upcoming,upcoming,False,4,13,59,8,afternoon,False,42.10286666666666,EKNR,92,0.9021739130434783,9,0.0,34.94537933333332,0.0
12927,BILP,84,0.0,49.8,408,61,upcoming,upcoming,False,4,13,59,8,afternoon,False,42.10286666666666,EKNR,92,0.9130434782608695,8,0.0,34.94537933333332,0.0
12927,TWV,85,0.0,49.8,412,57,upcoming,upcoming,False,4,13,59,8,afternoon,False,42.10286666666666,EKNR,92,0.9239130434782609,7,0.0,34.94537933333332,0.0
12927,DB,86,0.0,49.8,419,50,upcoming,upcoming,False,4,13,59,8,afternoon,False,42.10286666666666,EKNR,92,0.9347826086956522,6,0.0,34.94537933333332,0.0
12927,VRJ,87,0.0,49.8,431,38,upcoming,upcoming,False,4,13,59,8,afternoon,False,42.10286666666666,EKNR,92,0.9456521739130435,5,0.0,34.94537933333332,0.0
12927,CDD,88,0.0,49.8,437,32,upcoming,upcoming,False,4,13,59,8,afternoon,False,42.10286666666666,EKNR,92,0.9565217391304348,4,0.0,34.94537933333332,0.0
12927,MORY,89,0.0,49.8,444,25,upcoming,upcoming,False,4,13,59,8,afternoon,False,42.10286666666666,EKNR,92,0.967391304347826,3,0.0,34.94537933333332,0.0
12927,TKWA,90,0.0,49.8,454,15,upcoming,upcoming,False,4,13,59,8,afternoon,False,42.10286666666666,EKNR,92,0.9782608695652174,2,0.0,34.94537933333332,0.0
12927,GDWR,91,0.0,49.8,463,6,upcoming,upcoming,False,4,13,59,8,afternoon,False,42.10286666666666,EKNR,92,0.9891304347826086,1,0.0,34.94537933333332,0.0
12928,EKNR,1,0.0,58.6,0,469,at-station,at-station,True,4,13,55,8,afternoon,False,3.9252166666666666,GDWR,2,0.5,1,0.0,3.8336282777777777,0.0
12928,GDWR,2,0.0,58.6,6,463,upcoming,upcoming,False,4,13,55,8,afternoon,False,3.9252166666666666,TKWA,3,0.6666666666666666,1,0.0,3.8336282777777777,0.0
12928,TKWA,3,0.0,58.6,15,454,upcoming,upcoming,False,4,13,55,8,afternoon,False,3.9252166666666666,MORY,4,0.75,1,0.0,3.8336282777777777,0.0
12928,MORY,4,0.0,58.6,26,443,upcoming,upcoming,False,4,13,55,8,afternoon,False,3.9252166666666666,CDD,5,0.8,1,0.0,3.8336282777777777,0.0
12928,CDD,5,0.0,58.6,32,437,upcoming,upcoming,False,4,13,55,8,afternoon,False,3.9252166666666666,VRJ,6,0.8333333333333334,1,0.0,3.8336282777777777,0.0
12928,VRJ,6,0.0,58.6,39,430,upcoming,upcoming,False,4,13,55,8,afternoon,False,3.9252166666666666,DB,7,0.8571428571428571,1,0.0,3.8336282777777777,0.0
12928,DB,7,0.0,58.6,50,419,upcoming,upcoming,False,4,13,55,8,afternoon,False,3.9252166666666666,TWV,8,0.875,1,0.0,3.8336282777777777,0.0
12928,TWV,8,0.0,58.6,58,411,upcoming,upcoming,False,4,13,55,8,afternoon,False,3.9252166666666666,BILP,9,0.8888888888888888,1,0.0,3.8336282777777777,0.0
12928,BILP,9,0.0,58.6,62,407,upcoming,upcoming,False,4,13,55,8,afternoon,False,3.9252166666666666,KDHL,10,0.9,1,0.0,3.8336282777777777,0.0
12928,KDHL,10,0.0,58.6,66,403,upcoming,upcoming,False,4,13,55,8,afternoon,False,3.9252166666666666,KEP,11,0.9090909090909091,1,0.0,3.8336282777777777,0.0
12928,KEP,11,0.0,58.6,70,399,upcoming,upcoming,False,4,13,55,8,afternoon,False,3.9252166666666666,PRTN,12,0.9166666666666666,1,0.0,3.8336282777777777,0.0
12928,PRTN,12,0.0,58.6,77,392,upcoming,upcoming,False,4,13,55,8,afternoon,False,3.9252166666666666,VS,13,0.9230769230769231,1,0.0,3.8336282777777777,0.0
12928,VS,13,0.0,58.6,80,389,upcoming,upcoming,False,4,13,55,8,afternoon,False,3.9252166666666666,VS,15,0.8666666666666667,2,0.0,3.8336282777777777,0.0
12928,BRC,14,0.0,81.9,83,386,upcoming,upcoming,True,4,13,55,8,afternoon,False,3.9252166666666666,VS,15,0.9333333333333333,1,0.0,5.357920750000001,0.0
12928,VS,15,0.0,81.9,86,383,upcoming,upcoming,False,4,13,55,8,afternoon,False,3.9252166666666666,MPR,16,0.9375,1,0.0,5.357920750000001,0.0
12928,MPR,16,0.0,81.9,92,377,upcoming,upcoming,False,4,13,55,8,afternoon,False,3.9252166666666666,VRM,17,0.9411764705882353,1,0.0,5.357920750000001,0.0
12928,VRM,17,0.0,81.9,97,372,upcoming,upcoming,False,4,13,55,8,afternoon,False,3.9252166666666666,ITA,18,0.9444444444444444,1,0.0,5.357920750000001,0.0
12928,ITA,18,0.0,81.9,101,368,upcoming,upcoming,False,4,13,55,8,afternoon,False,3.9252166666666666,KSPR,19,0.9473684210526315,1,0.0,5.357920750000001,0.0
12928,KSPR,19,0.0,81.9,105,364,upcoming,upcoming,False,4,13,55,8,afternoon,False,3.9252166666666666,MYG,20,0.95,1,0.0,5.357920750000001,0.0
12928,MYG,20,0.0,81.9,113,356,upcoming,upcoming,False,4,13,55,8,afternoon,False,3.9252166666666666,LKD,21,0.9523809523809523,1,0.0,5.357920750000001,0.0
12928,LKD,21,0.0,81.9,121,348,upcoming,upcoming,False,4,13,55,8,afternoon,False,3.9252166666666666,PLJ,22,0.9545454545454546,1,0.0,5.357920750000001,0.0
12928,PLJ,22,0.0,81.9,128,341,upcoming,upcoming,False,4,13,55,8,afternoon,False,3.9252166666666666,VRE,23,0.9565217391304348,1,0.0,5.357920750000001,0.0
12928,VRE,23,0.0,81.9,134,335,upcoming,upcoming,False,4,13,55,8,afternoon,False,3.9252166666666666,NIU,24,0.9583333333333334,1,0.0,5.357920750000001,0.0
12928,NIU,24,0.0,81.9,141,328,upcoming,upcoming,False,4,13,55,8,afternoon,False,3.9252166666666666,CVJ,25,0.96,1,0.0,5.357920750000001,0.0
12928,CVJ,25,0.0,81.9,148,321,upcoming,upcoming,False,4,13,55,8,afternoon,False,3.9252166666666666,AKV,27,0.9259259259259259,2,0.0,5.357920750000001,0.0
12928,BH,26,0.0,60.0,154,315,upcoming,upcoming,True,4,13,55,8,afternoon,False,3.9252166666666666,AKV,27,0.9629629629629629,1,0.0,3.9252166666666666,0.0
12928,AKV,27,0.0,60.0,163,306,upcoming,upcoming,False,4,13,55,8,afternoon,False,3.9252166666666666,SNJL,28,0.9642857142857143,1,0.0,3.9252166666666666,0.0
12928,SNJL,28,0.0,60.0,169,300,upcoming,upcoming,False,4,13,55,8,afternoon,False,3.9252166666666666,PAO,29,0.9655172413793104,1,0.0,3.9252166666666666,0.0
12928,PAO,29,0.0,60.0,173,296,upcoming,upcoming,False,4,13,55,8,afternoon,False,3.9252166666666666,HAT,30,0.9666666666666667,1,0.0,3.9252166666666666,0.0
12928,HAT,30,0.0,60.0,177,292,upcoming,upcoming,False,4,13,55,8,afternoon,False,3.9252166666666666,KSB,31,0.967741935483871,1,0.0,3.9252166666666666,0.0
12928,KSB,31,0.0,60.0,181,288,upcoming,upcoming,False,4,13,55,8,afternoon,False,3.9252166666666666,KIM,32,0.96875,1,0.0,3.9252166666666666,0.0
12928,KIM,32,0.0,60.0,189,280,upcoming,upcoming,False,4,13,55,8,afternoon,False,3.9252166666666666,KDSD,33,0.9696969696969697,1,0.0,3.9252166666666666,0.0
12928,KDSD,33,0.0,60.0,192,277,upcoming,upcoming,False,4,13,55,8,afternoon,False,3.9252166666666666,SYN,34,0.9705882352941176,1,0.0,3.9252166666666666,0.0
12928,SYN,34,0.0,60.0,199,270,upcoming,upcoming,False,4,13,55,8,afternoon,False,3.9252166666666666,GTX,35,0.9714285714285714,1,0.0,3.9252166666666666,0.0
12928,GTX,35,0.0,60.0,202,267,upcoming,upcoming,False,4,13,55,8,afternoon,False,3.9252166666666666,KSE,36,0.9722222222222222,1,0.0,3.9252166666666666,0.0
12928,KSE,36,0.0,60.0,206,263,upcoming,upcoming,False,4,13,55,8,afternoon,False,3.9252166666666666,URN,37,0.972972972972973,1,0.0,3.9252166666666666,0.0
12928,URN,37,0.0,60.0,209,260,upcoming,upcoming,False,4,13,55,8,afternoon,False,3.9252166666666666,UDN,39,0.9487179487179487,2,0.0,3.9252166666666666,0.0
12928,ST,38,0.0,56.7,213,256,upcoming,upcoming,True,4,13,55,8,afternoon,False,3.9252166666666666,UDN,39,0.9743589743589743,1,0.0,3.70932975,0.0
12928,UDN,39,0.0,56.7,217,252,upcoming,upcoming,False,4,13,55,8,afternoon,False,3.9252166666666666,BHET,40,0.975,1,0.0,3.70932975,0.0
12928,BHET,40,0.0,56.7,222,247,upcoming,upcoming,False,4,13,55,8,afternoon,False,3.9252166666666666,SCH,41,0.975609756097561,1,0.0,3.70932975,0.0
12928,SCH,41,0.0,56.7,227,242,upcoming,upcoming,False,4,13,55,8,afternoon,False,3.9252166666666666,MRL,42,0.9761904761904762,1,0.0,3.70932975,0.0
12928,MRL,42,0.0,56.7,234,235,upcoming,upcoming,False,4,13,55,8,afternoon,False,3.9252166666666666,NVS,43,0.9767441860465116,1,0.0,3.70932975,0.0
12928,NVS,43,0.0,56.7,242,227,upcoming,upcoming,False,4,13,55,8,afternoon,False,3.9252166666666666,GNST,44,0.9772727272727273,1,0.0,3.70932975,0.0
12928,GNST,44,0.0,56.7,245,224,upcoming,upcoming,False,4,13,55,8,afternoon,False,3.9252166666666666,HXR,45,0.9777777777777777,1,0.0,3.70932975,0.0
12928,HXR,45,0.0,56.7,247,222,upcoming,upcoming,False,4,13,55,8,afternoon,False,3.9252166666666666,VDH,46,0.9782608695652174,1,0.0,3.70932975,0.0
12928,VDH,46,0.0,56.7,251,218,upcoming,upcoming,False,4,13,55,8,afternoon,False,3.9252166666666666,ACL,47,0.9787234042553191,1,0.0,3.70932975,0.0
12928,ACL,47,0.0,56.7,254,215,upcoming,upcoming,False,4,13,55,8,afternoon,False,3.9252166666666666,AML,48,0.9791666666666666,1,0.0,3.70932975,0.0
12928,AML,48,0.0,56.7,258,211,upcoming,upcoming,False,4,13,55,8,afternoon,False,3.9252166666666666,BIM,49,0.9795918367346939,1,0.0,3.70932975,0.0
12928,BIM,49,0.0,56.7,263,206,upcoming,upcoming,False,4,13,55,8,afternoon,False,3.9252166666666666,JRS,50,0.98,1,0.0,3.70932975,0.0
12928,JRS,50,0.0,56.7,267,202,upcoming,upcoming,False,4,13,55,8,afternoon,False,3.9252166666666666,DGI,51,0.9803921568627451,1,0.0,3.70932975,0.0
12928,DGI,51,0.0,56.7,272,197,upcoming,upcoming,False,4,13,55,8,afternoon,False,3.9252166666666666,ATUL,53,0.9622641509433962,2,0.0,3.70932975,0.0
12928,BL,52,0.0,75.7,281,188,upcoming,upcoming,True,4,13,55,8,afternoon,False,3.9252166666666666,ATUL,53,0.9811320754716981,1,0.0,4.952315027777778,0.0
12928,ATUL,53,0.0,75.7,288,181,upcoming,upcoming,False,4,13,55,8,afternoon,False,3.9252166666666666,PAD,54,0.9814814814814815,1,0.0,4.952315027777778,0.0
12928,PAD,54,0.0,75.7,292,177,upcoming,upcoming,False,4,13,55,8,afternoon,False,3.9252166666666666,UVD,55,0.9818181818181818,1,0.0,4.952315027777778,0.0
12928,UVD,55,0.0,75.7,297,172,upcoming,upcoming,False,4,13,55,8,afternoon,False,3.9252166666666666,BAGD,56,0.9821428571428571,1,0.0,4.952315027777778,0.0
12928,BAGD,56,0.0,75.7,300,169,upcoming,upcoming,False,4,13,55,8,afternoon,False,3.9252166666666666,VAPI,57,0.9824561403508771,1,0.0,4.952315027777778,0.0
12928,VAPI,57,0.0,75.7,307,162,upcoming,upcoming,False,4,13,55,8,afternoon,False,3.9252166666666666,KEB,58,0.9827586206896551,1,0.0,4.952315027777778,0.0
12928,KEB,58,0.0,75.7,314,155,upcoming,upcoming,False,4,13,55,8,afternoon,False,3.9252166666666666,BLD,59,0.9830508474576272,1,0.0,4.952315027777778,0.0
12928,BLD,59,0.0,75.7,319,150,upcoming,upcoming,False,4,13,55,8,afternoon,False,3.9252166666666666,SJN,60,0.9833333333333333,1,0.0,4.952315027777778,0.0
12928,SJN,60,0.0,75.7,330,139,upcoming,upcoming,False,4,13,55,8,afternoon,False,3.9252166666666666,UBR,61,0.9836065573770492,1,0.0,4.952315027777778,0.0
12928,UBR,61,0.0,75.7,335,134,upcoming,upcoming,False,4,13,55,8,afternoon,False,3.9252166666666666,BRRD,62,0.9838709677419355,1,0.0,4.952315027777778,0.0
12928,BRRD,62,0.0,75.7,340,129,upcoming,upcoming,False,4,13,55,8,afternoon,False,3.9252166666666666,GVD,63,0.9841269841269841,1,0.0,4.952315027777778,0.0
12928,GVD,63,0.0,75.7,345,124,upcoming,upcoming,False,4,13,55,8,afternoon,False,3.9252166666666666,DRD,64,0.984375,1,0.0,4.952315027777778,0.0
12928,DRD,64,0.0,75.7,356,113,upcoming,upcoming,False,4,13,55,8,afternoon,False,3.9252166666666666,VGN,65,0.9846153846153847,1,0.0,4.952315027777778,0.0
12928,VGN,65,0.0,75.7,368,101,upcoming,upcoming,False,4,13,55,8,afternoon,False,3.9252166666666666,BOR,66,0.9848484848484849,1,0.0,4.952315027777778,0.0
12928,BOR,66,0.0,75.7,377,92,upcoming,upcoming,False,4,13,55,8,afternoon,False,3.9252166666666666,UOI,67,0.9850746268656716,1,0.0,4.952315027777778,0.0
12928,UOI,67,0.0,75.7,382,87,upcoming,upcoming,False,4,13,55,8,afternoon,False,3.9252166666666666,PLG,68,0.9852941176470589,1,0.0,4.952315027777778,0.0
12928,PLG,68,0.0,75.7,389,80,upcoming,upcoming,False,4,13,55,8,afternoon,False,3.9252166666666666,KLV,69,0.9855072463768116,1,0.0,4.952315027777778,0.0
12928,KLV,69,0.0,75.7,397,72,upcoming,upcoming,False,4,13,55,8,afternoon,False,3.9252166666666666,SAH,70,0.9857142857142858,1,0.0,4.952315027777778,0.0
12928,SAH,70,0.0,75.7,403,66,upcoming,upcoming,False,4,13,55,8,afternoon,False,3.9252166666666666,VTN,71,0.9859154929577465,1,0.0,4.952315027777778,0.0
12928,VTN,71,0.0,75.7,411,58,upcoming,upcoming,False,4,13,55,8,afternoon,False,3.9252166666666666,VR,72,0.9861111111111112,1,0.0,4.952315027777778,0.0
12928,VR,72,0.0,75.7,419,50,upcoming,upcoming,False,4,13,55,8,afternoon,False,3.9252166666666666,NSP,73,0.9863013698630136,1,0.0,4.952315027777778,0.0
12928,NSP,73,0.0,75.7,424,45,upcoming,upcoming,False,4,13,55,8,afternoon,False,3.9252166666666666,BSR,74,0.9864864864864865,1,0.0,4.952315027777778,0.0
12928,BSR,74,0.0,75.7,428,41,upcoming,upcoming,False,4,13,55,8,afternoon,False,3.9252166666666666,NIG,75,0.9866666666666667,1,0.0,4.952315027777778,0.0
12928,NIG,75,0.0,75.7,432,37,upcoming,upcoming,False,4,13,55,8,afternoon,False,3.9252166666666666,BYR,76,0.9868421052631579,1,0.0,4.952315027777778,0.0
12928,BYR,76,0.0,75.7,436,33,upcoming,upcoming,False,4,13,55,8,afternoon,False,3.9252166666666666,MIRA,77,0.987012987012987,1,0.0,4.952315027777778,0.0
12928,MIRA,77,0.0,75.7,440,29,upcoming,upcoming,False,4,13,55,8,afternoon,False,3.9252166666666666,DIC,78,0.9871794871794872,1,0.0,4.952315027777778,0.0
12928,DIC,78,0.0,75.7,443,26,upcoming,upcoming,False,4,13,55,8,afternoon,False,3.9252166666666666,KILE,80,0.975,2,0.0,4.952315027777778,0.0
12928,BVI,79,0.0,25.3,445,24,upcoming,upcoming,True,4,13,55,8,afternoon,False,3.9252166666666666,KILE,80,0.9875,1,0.0,1.6551330277777778,0.0
12928,KILE,80,0.0,25.3,448,21,upcoming,upcoming,False,4,13,55,8,afternoon,False,3.9252166666666666,MDD,81,0.9876543209876543,1,0.0,1.6551330277777778,0.0
12928,MDD,81,0.0,25.3,450,19,upcoming,upcoming,False,4,13,55,8,afternoon,False,3.9252166666666666,GMN,82,0.9878048780487805,1,0.0,1.6551330277777778,0.0
12928,GMN,82,0.0,25.3,453,16,upcoming,upcoming,False,4,13,55,8,afternoon,False,3.9252166666666666,RMAR,83,0.9879518072289156,1,0.0,1.6551330277777778,0.0
12928,RMAR,83,0.0,25.3,454,15,upcoming,upcoming,False,4,13,55,8,afternoon,False,3.9252166666666666,JOS,84,0.9880952380952381,1,0.0,1.6551330277777778,0.0
12928,JOS,84,0.0,25.3,456,13,upcoming,upcoming,False,4,13,55,8,afternoon,False,3.9252166666666666,ADH,85,0.9882352941176471,1,0.0,1.6551330277777778,0.0
12928,ADH,85,0.0,25.3,458,11,upcoming,upcoming,False,4,13,55,8,afternoon,False,3.9252166666666666,VLP,86,0.9883720930232558,1,0.0,1.6551330277777778,0.0
12928,VLP,86,0.0,25.3,460,9,upcoming,upcoming,False,4,13,55,8,afternoon,False,3.9252166666666666,STC,87,0.9885057471264368,1,0.0,1.6551330277777778,0.0
12928,STC,87,0.0,25.3,462,7,upcoming,upcoming,False,4,13,55,8,afternoon,False,3.9252166666666666,KHAR,88,0.9886363636363636,1,0.0,1.6551330277777778,0.0
12928,KHAR,88,0.0,25.3,463,6,upcoming,upcoming,False,4,13,55,8,afternoon,False,3.9252166666666666,BA,89,0.9887640449438202,1,0.0,1.6551330277777778,0.0
12928,BA,89,0.0,25.3,465,4,upcoming,upcoming,False,4,13,55,8,afternoon,False,3.9252166666666666,MM,90,0.9888888888888889,1,0.0,1.6551330277777778,0.0
12928,MM,90,0.0,25.3,467,2,upcoming,upcoming,False,4,13,55,8,afternoon,False,3.9252166666666666,MRU,91,0.989010989010989,1,0.0,1.6551330277777778,0.0
12928,MRU,91,0.0,25.3,468,1,upcoming,upcoming,False,4,13,55,8,afternoon,False,46.0422,DDR,92,0.9891304347826086,1,0.0,19.414461000000003,0.0
12928,GDWR,2,0.0,58.6,6,463,upcoming,upcoming,False,4,13,59,8,afternoon,False,42.11698333333333,BRC,14,0.14285714285714285,12,0.0,41.13425372222222,0.0
12928,TKWA,3,0.0,58.6,15,454,upcoming,upcoming,False,4,13,59,8,afternoon,False,42.11698333333333,BRC,14,0.21428571428571427,11,0.0,41.13425372222222,0.0
12928,MORY,4,0.0,58.6,26,443,upcoming,upcoming,False,4,13,59,8,afternoon,False,42.11698333333333,BRC,14,0.2857142857142857,10,0.0,41.13425372222222,0.0
12928,CDD,5,0.0,58.6,32,437,upcoming,upcoming,False,4,13,59,8,afternoon,False,42.11698333333333,BRC,14,0.35714285714285715,9,0.0,41.13425372222222,0.0
12928,VRJ,6,0.0,58.6,39,430,upcoming,upcoming,False,4,13,59,8,afternoon,False,42.11698333333333,BRC,14,0.42857142857142855,8,0.0,41.13425372222222,0.0
12928,DB,7,0.0,58.6,50,419,upcoming,upcoming,False,4,13,59,8,afternoon,False,42.11698333333333,BRC,14,0.5,7,0.0,41.13425372222222,0.0
12928,TWV,8,0.0,58.6,58,411,upcoming,upcoming,False,4,13,59,8,afternoon,False,42.11698333333333,BRC,14,0.5714285714285714,6,0.0,41.13425372222222,0.0
12928,BILP,9,0.0,58.6,62,407,upcoming,upcoming,False,4,13,59,8,afternoon,False,42.11698333333333,BRC,14,0.6428571428571429,5,0.0,41.13425372222222,0.0
12928,KDHL,10,0.0,58.6,66,403,upcoming,upcoming,False,4,13,59,8,afternoon,False,42.11698333333333,BRC,14,0.7142857142857143,4,0.0,41.13425372222222,0.0
12928,KEP,11,0.0,58.6,70,399,upcoming,upcoming,False,4,13,59,8,afternoon,False,42.11698333333333,BRC,14,0.7857142857142857,3,0.0,41.13425372222222,0.0
12928,PRTN,12,0.0,58.6,77,392,upcoming,upcoming,False,4,13,59,8,afternoon,False,42.11698333333333,BRC,14,0.8571428571428571,2,0.0,41.13425372222222,0.0
12928,VS,13,0.0,58.6,80,389,upcoming,upcoming,False,4,13,59,8,afternoon,False,42.11698333333333,BRC,14,0.9285714285714286,1,0.0,41.13425372222222,0.0
12928,VS,15,0.0,81.9,86,383,upcoming,upcoming,False,4,13,59,8,afternoon,False,42.11698333333333,BH,26,0.5769230769230769,11,0.0,57.48968225,0.0
12928,MPR,16,0.0,81.9,92,377,upcoming,upcoming,False,4,13,59,8,afternoon,False,42.11698333333333,BH,26,0.6153846153846154,10,0.0,57.48968225,0.0
12928,VRM,17,0.0,81.9,97,372,upcoming,upcoming,False,4,13,59,8,afternoon,False,42.11698333333333,BH,26,0.6538461538461539,9,0.0,57.48968225,0.0
12928,ITA,18,0.0,81.9,101,368,upcoming,upcoming,False,4,13,59,8,afternoon,False,42.11698333333333,BH,26,0.6923076923076923,8,0.0,57.48968225,0.0
12928,KSPR,19,0.0,81.9,105,364,upcoming,upcoming,False,4,13,59,8,afternoon,False,42.11698333333333,BH,26,0.7307692307692307,7,0.0,57.48968225,0.0
12928,MYG,20,0.0,81.9,113,356,upcoming,upcoming,False,4,13,59,8,afternoon,False,42.11698333333333,BH,26,0.7692307692307693,6,0.0,57.48968225,0.0
12928,LKD,21,0.0,81.9,121,348,upcoming,upcoming,False,4,13,59,8,afternoon,False,42.11698333333333,BH,26,0.8076923076923077,5,0.0,57.48968225,0.0
12928,PLJ,22,0.0,81.9,128,341,upcoming,upcoming,False,4,13,59,8,afternoon,False,42.11698333333333,BH,26,0.8461538461538461,4,0.0,57.48968225,0.0
12928,VRE,23,0.0,81.9,134,335,upcoming,upcoming,False,4,13,59,8,afternoon,False,42.11698333333333,BH,26,0.8846153846153846,3,0.0,57.48968225,0.0
12928,NIU,24,0.0,81.9,141,328,upcoming,upcoming,False,4,13,59,8,afternoon,False,42.11698333333333,BH,26,0.9230769230769231,2,0.0,57.48968225,0.0
12928,CVJ,25,0.0,81.9,148,321,upcoming,upcoming,False,4,13,59,8,afternoon,False,42.11698333333333,BH,26,0.9615384615384616,1,0.0,57.48968225,0.0
12928,AKV,27,0.0,60.0,163,306,upcoming,upcoming,False,4,13,59,8,afternoon,False,42.11698333333333,ST,38,0.7105263157894737,11,0.0,42.11698333333333,0.0
12928,SNJL,28,0.0,60.0,169,300,upcoming,upcoming,False,4,13,59,8,afternoon,False,42.11698333333333,ST,38,0.7368421052631579,10,0.0,42.11698333333333,0.0
12928,PAO,29,0.0,60.0,173,296,upcoming,upcoming,False,4,13,59,8,afternoon,False,42.11698333333333,ST,38,0.7631578947368421,9,0.0,42.11698333333333,0.0
12928,HAT,30,0.0,60.0,177,292,upcoming,upcoming,False,4,13,59,8,afternoon,False,42.11698333333333,ST,38,0.7894736842105263,8,0.0,42.11698333333333,0.0
12928,KSB,31,0.0,60.0,181,288,upcoming,upcoming,False,4,13,59,8,afternoon,False,42.11698333333333,ST,38,0.8157894736842105,7,0.0,42.11698333333333,0.0
12928,KIM,32,0.0,60.0,189,280,upcoming,upcoming,False,4,13,59,8,afternoon,False,42.11698333333333,ST,38,0.8421052631578947,6,0.0,42.11698333333333,0.0
12928,KDSD,33,0.0,60.0,192,277,upcoming,upcoming,False,4,13,59,8,afternoon,False,42.11698333333333,ST,38,0.868421052631579,5,0.0,42.11698333333333,0.0
12928,SYN,34,0.0,60.0,199,270,upcoming,upcoming,False,4,13,59,8,afternoon,False,42.11698333333333,ST,38,0.8947368421052632,4,0.0,42.11698333333333,0.0
12928,GTX,35,0.0,60.0,202,267,upcoming,upcoming,False,4,13,59,8,afternoon,False,42.11698333333333,ST,38,0.9210526315789473,3,0.0,42.11698333333333,0.0
12928,KSE,36,0.0,60.0,206,263,upcoming,upcoming,False,4,13,59,8,afternoon,False,42.11698333333333,ST,38,0.9473684210526315,2,0.0,42.11698333333333,0.0
12928,URN,37,0.0,60.0,209,260,upcoming,upcoming,False,4,13,59,8,afternoon,False,42.11698333333333,ST,38,0.9736842105263158,1,0.0,42.11698333333333,0.0
12928,UDN,39,0.0,56.7,217,252,upcoming,upcoming,False,4,13,59,8,afternoon,False,42.11698333333333,BL,52,0.75,13,0.0,39.80054925,0.0
12928,BHET,40,0.0,56.7,222,247,upcoming,upcoming,False,4,13,59,8,afternoon,False,42.11698333333333,BL,52,0.7692307692307693,12,0.0,39.80054925,0.0
12928,SCH,41,0.0,56.7,227,242,upcoming,upcoming,False,4,13,59,8,afternoon,False,42.11698333333333,BL,52,0.7884615384615384,11,0.0,39.80054925,0.0
12928,MRL,42,0.0,56.7,234,235,upcoming,upcoming,False,4,13,59,8,afternoon,False,42.11698333333333,BL,52,0.8076923076923077,10,0.0,39.80054925,0.0
12928,NVS,43,0.0,56.7,242,227,upcoming,upcoming,False,4,13,59,8,afternoon,False,42.11698333333333,BL,52,0.8269230769230769,9,0.0,39.80054925,0.0
12928,GNST,44,0.0,56.7,245,224,upcoming,upcoming,False,4,13,59,8,afternoon,False,42.11698333333333,BL,52,0.8461538461538461,8,0.0,39.80054925,0.0
12928,HXR,45,0.0,56.7,247,222,upcoming,upcoming,False,4,13,59,8,afternoon,False,42.11698333333333,BL,52,0.8653846153846154,7,0.0,39.80054925,0.0
12928,VDH,46,0.0,56.7,251,218,upcoming,upcoming,False,4,13,59,8,afternoon,False,42.11698333333333,BL,52,0.8846153846153846,6,0.0,39.80054925,0.0
12928,ACL,47,0.0,56.7,254,215,upcoming,upcoming,False,4,13,59,8,afternoon,False,42.11698333333333,BL,52,0.9038461538461539,5,0.0,39.80054925,0.0
12928,AML,48,0.0,56.7,258,211,upcoming,upcoming,False,4,13,59,8,afternoon,False,42.11698333333333,BL,52,0.9230769230769231,4,0.0,39.80054925,0.0
12928,BIM,49,0.0,56.7,263,206,upcoming,upcoming,False,4,13,59,8,afternoon,False,42.11698333333333,BL,52,0.9423076923076923,3,0.0,39.80054925,0.0
12928,JRS,50,0.0,56.7,267,202,upcoming,upcoming,False,4,13,59,8,afternoon,False,42.11698333333333,BL,52,0.9615384615384616,2,0.0,39.80054925,0.0
12928,DGI,51,0.0,56.7,272,197,upcoming,upcoming,False,4,13,59,8,afternoon,False,42.11698333333333,BL,52,0.9807692307692307,1,0.0,39.80054925,0.0
12928,ATUL,53,0.0,75.7,288,181,upcoming,upcoming,False,4,13,59,8,afternoon,False,42.11698333333333,BVI,79,0.6708860759493671,26,0.0,53.13759397222222,0.0
12928,PAD,54,0.0,75.7,292,177,upcoming,upcoming,False,4,13,59,8,afternoon,False,42.11698333333333,BVI,79,0.6835443037974683,25,0.0,53.13759397222222,0.0
12928,UVD,55,0.0,75.7,297,172,upcoming,upcoming,False,4,13,59,8,afternoon,False,42.11698333333333,BVI,79,0.6962025316455697,24,0.0,53.13759397222222,0.0
12928,BAGD,56,0.0,75.7,300,169,upcoming,upcoming,False,4,13,59,8,afternoon,False,42.11698333333333,BVI,79,0.7088607594936709,23,0.0,53.13759397222222,0.0
12928,VAPI,57,0.0,75.7,307,162,upcoming,upcoming,False,4,13,59,8,afternoon,False,42.11698333333333,BVI,79,0.7215189873417721,22,0.0,53.13759397222222,0.0
12928,KEB,58,0.0,75.7,314,155,upcoming,upcoming,False,4,13,59,8,afternoon,False,42.11698333333333,BVI,79,0.7341772151898734,21,0.0,53.13759397222222,0.0
12928,BLD,59,0.0,75.7,319,150,upcoming,upcoming,False,4,13,59,8,afternoon,False,42.11698333333333,BVI,79,0.7468354430379747,20,0.0,53.13759397222222,0.0
12928,SJN,60,0.0,75.7,330,139,upcoming,upcoming,False,4,13,59,8,afternoon,False,42.11698333333333,BVI,79,0.759493670886076,19,0.0,53.13759397222222,0.0
12928,UBR,61,0.0,75.7,335,134,upcoming,upcoming,False,4,13,59,8,afternoon,False,42.11698333333333,BVI,79,0.7721518987341772,18,0.0,53.13759397222222,0.0
12928,BRRD,62,0.0,75.7,340,129,upcoming,upcoming,False,4,13,59,8,afternoon,False,42.11698333333333,BVI,79,0.7848101265822784,17,0.0,53.13759397222222,0.0
12928,GVD,63,0.0,75.7,345,124,upcoming,upcoming,False,4,13,59,8,afternoon,False,42.11698333333333,BVI,79,0.7974683544303798,16,0.0,53.13759397222222,0.0
12928,DRD,64,0.0,75.7,356,113,upcoming,upcoming,False,4,13,59,8,afternoon,False,42.11698333333333,BVI,79,0.810126582278481,15,0.0,53.13759397222222,0.0
12928,VGN,65,0.0,75.7,368,101,upcoming,upcoming,False,4,13,59,8,afternoon,False,42.11698333333333,BVI,79,0.8227848101265823,14,0.0,53.13759397222222,0.0
12928,BOR,66,0.0,75.7,377,92,upcoming,upcoming,False,4,13,59,8,afternoon,False,42.11698333333333,BVI,79,0.8354430379746836,13,0.0,53.13759397222222,0.0
12928,UOI,67,0.0,75.7,382,87,upcoming,upcoming,False,4,13,59,8,afternoon,False,42.11698333333333,BVI,79,0.8481012658227848,12,0.0,53.13759397222222,0.0
12928,PLG,68,0.0,75.7,389,80,upcoming,upcoming,False,4,13,59,8,afternoon,False,42.11698333333333,BVI,79,0.8607594936708861,11,0.0,53.13759397222222,0.0
12928,KLV,69,0.0,75.7,397,72,upcoming,upcoming,False,4,13,59,8,afternoon,False,42.11698333333333,BVI,79,0.8734177215189873,10,0.0,53.13759397222222,0.0
12928,SAH,70,0.0,75.7,403,66,upcoming,upcoming,False,4,13,59,8,afternoon,False,42.11698333333333,BVI,79,0.8860759493670886,9,0.0,53.13759397222222,0.0
12928,VTN,71,0.0,75.7,411,58,upcoming,upcoming,False,4,13,59,8,afternoon,False,42.11698333333333,BVI,79,0.8987341772151899,8,0.0,53.13759397222222,0.0
12928,VR,72,0.0,75.7,419,50,upcoming,upcoming,False,4,13,59,8,afternoon,False,42.11698333333333,BVI,79,0.9113924050632911,7,0.0,53.13759397222222,0.0
12928,NSP,73,0.0,75.7,424,45,upcoming,upcoming,False,4,13,59,8,afternoon,False,42.11698333333333,BVI,79,0.9240506329113924,6,0.0,53.13759397222222,0.0
12928,BSR,74,0.0,75.7,428,41,upcoming,upcoming,False,4,13,59,8,afternoon,False,42.11698333333333,BVI,79,0.9367088607594937,5,0.0,53.13759397222222,0.0
12928,NIG,75,0.0,75.7,432,37,upcoming,upcoming,False,4,13,59,8,afternoon,False,42.11698333333333,BVI,79,0.9493670886075949,4,0.0,53.13759397222222,0.0
12928,BYR,76,0.0,75.7,436,33,upcoming,upcoming,False,4,13,59,8,afternoon,False,42.11698333333333,BVI,79,0.9620253164556962,3,0.0,53.13759397222222,0.0
12928,MIRA,77,0.0,75.7,440,29,upcoming,upcoming,False,4,13,59,8,afternoon,False,42.11698333333333,BVI,79,0.9746835443037974,2,0.0,53.13759397222222,0.0
12928,DIC,78,0.0,75.7,443,26,upcoming,upcoming,False,4,13,59,8,afternoon,False,42.11698333333333,BVI,79,0.9873417721518988,1,0.0,53.13759397222222,0.0
12928,KILE,80,0.0,25.3,448,21,upcoming,upcoming,False,4,13,59,8,afternoon,False,42.11698333333333,DDR,92,0.8695652173913043,12,0.0,17.75932797222222,0.0
12928,MDD,81,0.0,25.3,450,19,upcoming,upcoming,False,4,13,59,8,afternoon,False,42.11698333333333,DDR,92,0.8804347826086957,11,0.0,17.75932797222222,0.0
12928,GMN,82,0.0,25.3,453,16,upcoming,upcoming,False,4,13,59,8,afternoon,False,42.11698333333333,DDR,92,0.8913043478260869,10,0.0,17.75932797222222,0.0
12928,RMAR,83,0.0,25.3,454,15,upcoming,upcoming,False,4,13,59,8,afternoon,False,42.11698333333333,DDR,92,0.9021739130434783,9,0.0,17.75932797222222,0.0
12928,JOS,84,0.0,25.3,456,13,upcoming,upcoming,False,4,13,59,8,afternoon,False,42.11698333333333,DDR,92,0.9130434782608695,8,0.0,17.75932797222222,0.0
12928,ADH,85,0.0,25.3,458,11,upcoming,upcoming,False,4,13,59,8,afternoon,False,42.11698333333333,DDR,92,0.9239130434782609,7,0.0,17.75932797222222,0.0
12928,VLP,86,0.0,25.3,460,9,upcoming,upcoming,False,4,13,59,8,afternoon,False,42.11698333333333,DDR,92,0.9347826086956522,6,0.0,17.75932797222222,0.0
12928,STC,87,0.0,25.3,462,7,upcoming,upcoming,False,4,13,59,8,afternoon,False,42.11698333333333,DDR,92,0.9456521739130435,5,0.0,17.75932797222222,0.0
12928,KHAR,88,0.0,25.3,463,6,upcoming,upcoming,False,4,13,59,8,afternoon,False,42.11698333333333,DDR,92,0.9565217391304348,4,0.0,17.75932797222222,0.0
12928,BA,89,0.0,25.3,465,4,upcoming,upcoming,False,4,13,59,8,afternoon,False,42.11698333333333,DDR,92,0.967391304347826,3,0.0,17.75932797222222,0.0
12928,MM,90,0.0,25.3,467,2,upcoming,upcoming,False,4,13,59,8,afternoon,False,42.11698333333333,DDR,92,0.9782608695652174,2,0.0,17.75932797222222,0.0
12928,MRU,91,0.0,25.3,468,1,upcoming,upcoming,False,4,13,59,8,afternoon,False,42.11698333333333,DDR,92,0.9891304347826086,1,0.0,17.75932797222222,0.0
